date,Cpr,Idwell,Imin,IvtNonfarm,Tcit,Tprl,Toth,Ytsf,Xmin,LavhMkt,LempNonmkt,Lpar,Lwge,Pcpi,Piret,Pxagr,Pmgs,Rmort,Peq,Rtwi,Rusd,Whh,Ygdw,Lhrs,PhouseSa,Pimin,Pinonmin,Pgov,Pidwell,Pxsvc,Tpit,GovDebt,PcpiRent,Inonmin,Ynli,EqEarn,Tgst,Xoth,Pxmin,Pxoth,PconsExrent,Ppcd,Xsvc,Mtot,R90d,R10y,GapAvh,Ivt,Iotc,Xagr,Xtot,CprNom,CgovNom,Ttot,FiscalCovered,GovDef,IdwellNom,IotcNom,IminNom,InonminNom,YgovIvtNom,XminNom,XagrNom,XothNom,XsvcNom,XtotNom,MtotNom,YgdpNom,Ygdp,Ygne,Pgne,Pgdp,Pxtot,Ptot,CconsRent,PconsRent,CconsRentNom,LempMkt,Lemp,Lsup,Lune,Lur,Lhh,Ywss,Yhdi,Ygoa,SavHh,Wfor,EqYield,PeRatio,KMin,KNbiz,KDwell,KBiz,KTotal,R90dReal,R10yReal,RmortReal,PcpiExGst,RmortRealExgst,Fr10y,Fr10yReal,Rdif10y,RtwiNom,PhouseReal,Rbiz,RbizReal,KdepAllow,CostCap,GovDem,Pulc,UlcDom,UlcExp,RmortRealHpf,LparHpf,PpcdHpf,LurHpf,InflExp,Lpop,Lpop15Plus,Cgov,Igov,Ipubent,IvtFar,Lnom,IntStu,Fpcpi,Fpoil,Fpcom,Fpagr,FcGdp,FcPpp,Fr10yUs,Fr10yJp,Fr10yDe,Fr10yUk,YgdpHpf,CprHpf,PhouseHpf,YgdpAnnualGrowth,PcpiAnnualGrowth
2025-03-01,350468.54125004885,35109.73723576575,18846.00612351415,217910.4921026156,38374.757177458385,11231.448882494853,45981.32775599653,43060.07554333655,89293.68146797044,414.9281130453206,4520.614519635227,0.6699459841862405,25434.437435843152,140.0923697879141,1.2625842614034597,1.066053917386752,0.9816203243379887,0.08848906874761417,8980.371753293393,0.4292008861266483,0.6616339923448361,17560396.800458826,57636.99184319619,4330796.266278688,786.5685240231252,1.0292568382957674,1.016869270683819,1.0398841755481072,1.0519900897138363,104.96084981956827,87080.16928234149,844.8050021871147,96.85700752475005,61527.85070991718,82257.36999950334,507.133820844303,22647.874130862692,19365.28494353507,0.8625203478171651,0.9299035394281042,1.0309596446685567,1.039212353330477,32154.95992581209,156309.49986495907,0.04365418095201673,0.04359514665694638,0.09490440003270376,147.49210261559347,10391.170958636734,17116.450695579348,165975.37703289694,364211.2380010782,162352.5382421164,205315.57722915395,40099.1913738132,14.520233940634265,36935.095624482434,13119.728909927442,19397.380677190846,62565.78009745805,39139.07083837461,77017.61719762902,18247.05931577956,18007.847011027035,33750.11919727398,158612.2027217096,153436.58195454994,702896.4531577874,681349.8196092257,672113.923485804,103.87001748124617,1.0316234617926965,0.9556369478243273,97.35301155961855,74568.26952908743,1.0688210098559474,79700.1331412897,10060.57692004791,14581.191439683138,15181.01308811787,599.8216484347322,0.03951130102261501,10809825.733587878,340744.5167892346,430785.62940848904,246856.10494770925,12585.285471954347,643686.749353808,0.0564713616291353,17.708090811893396,1137697.0257592143,2537800.320859408,3102677.61831014,3675497.3466186225,8834487.476071702,0.024800582494459655,0.024741548199389306,0.0696354702900571,1.3529477085125672,0.06299388778393142,0.03598833333333334,0.019274208596304625,0.005467339603084681,0.6333707477504253,5.614642147990727,0.06138367220201673,0.04181244228578019,0.0072129447068146075,0.11634203864114576,195464.13980288748,106.18724895770742,4.696959209068343,4.106876035287695,0.041125687527523415,0.6702235742181647,1.0344962920762195,0.03576150423764723,0.04654558227954437,27499.25,22660.055357384826,156125.5975037247,27565.067021472623,11773.475277690155,0,76.25,258921.25,2.002083547818402,72.8314273592171,1.026873193035108,1.1816878478036545,135100737.56355068,3.3974844822145016,0.0429,0.0151,0.026099999999999998,0.0458,685263.3361225075,351933.17384688114,793.450186491281,1.6351455588742292,1.8853598457557075
2025-06-01,352938.8020726079,34986.26412619926,19122.71654375541,218379.4877897765,38722.13409693139,11130.5063141627,46678.68721908782,44950.19848089744,90137.80639103055,413.1629977158133,4563.930520734045,0.6697510179587399,25730.388388896667,140.67922016674987,1.2833276380750247,1.0733288942152839,0.9695577992332861,0.08594511706495983,9018.159423853598,0.43568084070156904,0.6691485061259007,17801996.27083243,58226.77172568645,4335159.649416542,789.253443131326,1.0343201945641767,1.0176948380784325,1.0512458027611125,1.0620980858916018,105.90431997170965,87709.50442881604,864.1711098679903,96.95687077275554,62473.38285337443,81162.54137695336,489.8573907353935,22728.75693028833,19391.117676561968,0.8437539044795314,0.9240673965194118,1.0396966666909615,1.0464767728552822,32276.625419476728,158845.07154249886,0.03821499932932357,0.04313213873172589,0.09766925534116906,468.9956871609029,10354.627529624884,17228.051517598786,167078.60100466805,369342.2592120584,165823.2100324092,206969.58898928628,44252.35152916738,14.953057412609205,37158.84416093425,13288.37969074013,19779.011896132695,63578.83861139173,39893.2415956466,76054.12608365208,18491.36548486825,17918.699626982165,34182.34066031281,158236.09185581532,154009.47798379906,713090.3990713293,685792.2824720624,677988.731967518,104.61399136862684,1.0398052313205,0.9470757529948095,97.68120618943449,75093.86042568178,1.0699230048515438,80344.64879254787,10113.737307259307,14677.667827993351,15283.384644282074,605.7168162887228,0.03963236870786432,10853518.275394958,346990.13221785356,438073.61592654476,249578.725741505,12798.2020239095,653021.9905243923,0.054318998779250886,18.409764952847148,1138387.306050268,2557515.4966433416,3113037.009201926,3695902.8026936096,8865252.323038476,0.025405638877560616,0.030322778279962936,0.07313575661319688,1.3586152397027926,0.06492504066040378,0.03598833333333334,0.022838260147680527,0.00748451813228241,0.6447177803947084,5.610305787847048,0.05594449057932357,0.03804935879216547,0.007178762117642494,0.1137541108544879,197484.95817765966,107.43311525806854,4.708780847896521,4.115776470285276,0.041125687527523415,0.6702235742181647,1.0450937357694454,0.03576150423764723,0.04654558227954437,27610.4,22819.501926048,157739.71187030865,27850.050210690817,11895.196096660196,0,76.25,246475.5,2.014721654202731,71.09207663305381,1.0237034541596564,1.1759021731524306,136745373.27462646,3.3652772031744442,0.0429,0.0151,0.026099999999999998,0.0458,688367.2730505709,353901.2769960986,800.891733882407,2.0408826489954013,1.2809360451762952
2025-09-01,355501.44304920966,34862.53235780032,18994.531718318012,218924.93181886134,38988.31171631137,11142.814395018298,47272.44075207448,48826.260120105464,90769.92533313615,411.84463317786225,4593.652098894446,0.6694168656489342,26012.003863387436,141.3776923028414,1.3041110931402748,1.0809266483029887,0.954886511101168,0.0841031884596914,9120.743280145969,0.44442854902109497,0.6801557462928428,18122862.291681517,58835.118191781534,4331982.183304138,797.2341974843571,1.037119028086542,1.016038090217903,1.062970334189513,1.0733763782705374,106.85534785793259,88196.51834900516,884.410806985609,97.08230060317723,63490.155066360574,81108.01881791497,477.8558883932393,22792.665763576093,19377.094898604988,0.8213205433978699,0.916474930460133,1.0481116071066465,1.0535279398789628,32184.69273346937,161333.58928076734,0.03590373037485331,0.04256337638345077,0.1005815165839572,545.4440290848434,10318.007547258909,17298.887147829453,167675.60011303995,374530.7034822657,168813.68304071453,208392.7509759854,49904.68930013763,15.542118360729036,37420.61871955513,13455.828101485422,19699.59027466097,64508.41527246878,40171.89163021981,74551.20439879545,18698.82810407494,17758.621699718402,34391.065377355444,156989.27957994424,154055.2681917407,721534.7419095737,688612.0168328135,682699.9851484087,105.31870951278229,1.0478102708497192,0.9362678855725494,98.05017399322693,75639.10680462336,1.0713071281219548,81032.71428457086,10138.675986354478,14732.328085248922,15342.350697690126,610.0226124412038,0.03976069580035859,10892257.816511353,352094.2392856678,447665.7429423148,251793.34136198836,13078.433416359781,660755.0094741387,0.0523922090246127,19.086807344393936,1139343.281052259,2577851.378291302,3123190.2891648086,3717194.659343561,8896697.45965131,0.019529235027323316,0.026188881035920777,0.06772869311216141,1.365360762513318,0.06622462516117462,0.03598833333333334,0.02621459283647886,-2.571180055808281e-5,0.6590532739641295,5.63903812899013,0.05363322162485331,0.03636938394315425,0.007136809617663032,0.11190051831444117,198828.88633482918,108.56703072205592,4.719437358339115,4.123511776897272,0.041125687527523415,0.6702235742181647,1.0557997403281778,0.03576150423764723,0.04654558227954437,27708.95,22918.978419847874,158813.16496892695,28039.575868756692,11976.14549714554,0,73.75,234029.75,2.027439538343165,69.39426485591707,1.0205434995931213,1.1701448258054366,138410029.79884452,3.3333752408558004,0.0429,0.0151,0.026099999999999998,0.0458,691356.6528669103,355967.1042919978,808.1812729734822,2.148252834440467,1.6374495347529994
2025-12-01,358023.7457410635,34746.97924050521,19175.445680008863,219487.10124147535,39402.29027225827,11154.079114859642,47916.736384269265,49741.10809296486,91615.65328295612,410.5647346375753,4622.09017296817,0.6691328710972685,26299.925099596952,142.17579598554227,1.3255695381152204,1.0899059146219174,0.9471955533911943,0.08321755638771564,9184.627360560176,0.44780825233578153,0.6827333958661135,18440479.545952767,59463.060060145246,4326208.214397088,806.233026171967,1.0406501809944182,1.015602590711525,1.074799692462702,1.0854942248803878,107.81064262093678,88450.41437049553,904.827594785202,97.3105353089465,64530.64883807817,81753.68019315525,473.2406225291826,22843.86531331694,19364.522330293355,0.8111105855406036,0.913862601857139,1.0560990600546785,1.0604505098262231,32028.419207567043,163722.61123412242,0.03398775687163208,0.04191929070460785,0.116819765172465,562.1694226140098,10283.80814016697,17382.677194480173,168436.27201529668,379666.4642590118,171853.93942795694,209767.38545519963,52744.29688477854,15.838049354925392,37717.64529760712,13631.902806426673,19954.931017549858,65537.49351859167,40440.81735229302,74310.42617902346,18945.48268622746,17696.512760482554,34530.04456900558,157072.02619473904,155077.32935055596,730797.8905236202,691947.4240431159,687663.742640393,106.04255363324155,1.0561465596942465,0.93253088729293665,98.45178051715355,76175.77051283878,1.0738257073650948,81799.50065503022,10156.72673069476,14778.81690366293,15402.490626054712,623.6737223917826,0.0404917402893657,10930997.357627751,357114.8484400334,454857.84707201534,254723.52754295472,13288.54879031176,669237.8606727325,0.05152529372735699,19.40794370414345,1140155.8154800097,2598868.9791531255,3133138.8437058986,3739024.794633135,8928476.149481973,0.01553649623021186,0.02346803006318763,0.06476629574629542,1.373068481001486,0.06476629574629542,0.03598833333333334,0.02511471525163566,-0.00164668518844803,0.6649555059875548,5.670677069773199,0.05171724812163208,0.03502923731426128,0.007089351302366476,0.11090735731474724,200181.96021584678,109.58432794987564,4.728921156403789,4.130074371131349,0.041125687527523415,0.6702235742181647,1.0666154178566054,0.03576150423764723,0.04654558227954437,27807.5,23018.5831414875,159893.92314970418,28230.391290208758,12057.64577593383,0,73.75,221584,2.0402377038349573,67.73700000000001,1.0173932991334242,1.1644156670690522,140094950.85763025,3.3017757009345794,0.0429,0.0151,0.026099999999999998,0.0458,694354.0800397876,358114.071684883,815.5689217803982,2.1962677868419656,1.845126064142022
2026-03-01,360752.7981552056,34698.99272710782,19251.360008711606,220127.52830791933,40507.41464693532,11183.210725108618,48673.03591861131,50648.8317419183,92375.05365150516,409.49339012117775,4650.945176611814,0.6689246374211407,26568.177832241516,143.09772067789658,1.3497558532440705,1.104878623541649,0.9445721646039228,0.08332323880207611,9375.028159231226,0.4492340949182582,0.6820905482438171,18810076.76858246,60121.712165435754,4323080.727451995,816.8611862473007,1.0442938590525428,1.015988887912677,1.086601042958155,1.0982207053719522,108.76481879899535,88619.87687251982,925.9169991370385,97.69452816449959,65565.95464995364,83050.99941088048,474.49459580090576,22924.59555295642,19358.059268926798,0.8199484393250158,0.914585665336055,1.0639044613827433,1.0675607925654274,32168.81859019766,166188.42542957913,0.03355190068353412,0.04129242365290871,0.13253934160840714,640.4270664439828,10269.605924380712,17476.633758295815,169423.56526892542,385125.5437148535,174923.2483512953,211908.1337161315,54874.69687529211,16.06006995757437,38107.15226846059,13861.46070694285,20104.077035507238,66614.28072295022,40805.22682513017,75742.78107411627,19309.559051007396,17704.6035160862,34988.35724940602,159334.86089061588,156976.96074013517,741898.8897756205,695687.526940903,692882.3662471636,106.79403537254142,1.0664254580948023,0.9404527678171819,99.56388755236416,76756.42381556006,1.0780630841139567,82748.26698416064,10175.937777041809,14826.882953653621,15464.411208937341,637.5282552837198,0.041225506153318374,10969736.89874415,361930.64471882937,462645.75312394556,259284.71068524118,13516.070356030847,679403.7479680765,0.050612604862812,19.757923993648422,1141136.2971903041,2620580.7888148604,3142892.4845899255,3761717.0860051643,8960922.081738029,0.012099262723791727,0.019839785693166315,0.061870600842333714,1.3819720058817504,0.061870600842333714,0.03837138585860256,0.01710925698537835,0.002730528707787963,0.6675153871052043,5.708415077316296,0.05128139193353412,0.034785390293442756,0.007043212819654703,0.11018142976428248,201544.2420593553,110.4650202332101,4.737082900970001,4.135314911866964,0.041125687527523415,0.6702235742181647,1.0775418918513804,0.03576150423764723,0.04654558227954437,27906.050000000003,23118.316090966877,160982.0361253156,28422.505252167797,12139.700681871911,0,73.75,218260.24,2.0547613937358893,71.09862400156359,1.0587019566397695,1.16820274370124,141615609.79212105,3.2757270620113657,0.0431166666666667,0.0255759818181819,0.0299805555556667,0.044899666666666595,697446.6596931238,360375.76080009533,823.3977908790696,2.104309257746695,2.1452637959742393
2026-06-01,363323.8169367948,34705.89678076438,19440.113550075817,220843.91411182494,41621.64246836642,11241.273289463184,49441.31557417943,51592.621160287956,93132.23922072431,408.55587024679943,4680.090252226073,0.6687716747889534,26833.974546512818,144.11755116062966,1.3747888394325167,1.120370121994374,0.9396142580259048,0.08442635612454279,9511.164406735104,0.4530449426351695,0.6850368557864266,19158447.783524312,60806.36377044478,4321558.716085223,827.4559857167831,1.0479859037864752,1.0167476070969623,1.0984942353692917,1.1113883191411489,109.72058800577258,88806.41951528215,947.3296901431958,98.2400760601648,66606.40423968619,84171.07177906137,479.2143143136323,23022.37586440088,19350.690393800483,0.8260273169910778,0.9138826369937115,1.071433102519922,1.0747983970427402,32275.55075438593,168833.71392803223,0.03415702465318773,0.04074317573994996,0.14815606882512047,716.3858039056067,10271.64926641347,17565.998201988474,170369.4785708992,390499.8566677003,178041.25869325158,214133.02671169207,57023.03653042912,16.28396015052036,38571.72828745993,14121.348774030435,20372.964968487908,67721.9014713255,41184.55798840471,76929.77368886613,19680.41954851478,17684.25996473527,35412.92406981381,161296.93727193,158638.56484224586,753171.9892803446,699244.8326005114,698139.0461083637,107.56206228841323,1.0771219938435113,0.9467478484111597,100.75920414407528,77303.45271802896,1.084083227288633,83803.37650311508,10195.697842203712,14875.788094429785,15527.659297258437,651.8712028286518,0.041981287190343684,11008476.439860545,366757.25572797866,470266.0579074652,263955.56391500984,13738.695496093154,689727.2383523834,0.050384400250119546,19.847412989651044,1142177.0463947637,2642970.1815661667,3152520.3332650587,3785147.22796093,8993980.07236893,0.00971609450156865,0.016302245588330884,0.05998542597292371,1.3918210598792937,0.05998542597292371,0.03837138585860256,0.01097465813893761,0.005327587449393274,0.6736021092356692,5.741535149972971,0.05188651590318773,0.03524472620148877,0.0070028286764645484,0.11014346332394964,202915.79452754525,111.36868333552768,4.745387361834777,4.140698168901143,0.041125687527523415,0.6702235742181647,1.088580297318324,0.03576150423764723,0.04654558227954437,28004.600000000002,23218.177268286003,162077.5539467421,28615.92659148481,12222.313989318349,0,73.75,214936.47999999998,2.069388472358607,74.62707729772079,1.1016878467231623,1.1720021371974343,143152774.700459,3.249883928140951,0.0431166666666667,0.0255759818181819,0.0299805555556667,0.044899666666666595,700593.121308643,362707.915783089,831.6352724057142,1.9616071035324145,2.444093015161908
2026-09-01,366082.5070708287,34749.39911761693,19674.324681013135,221608.70065785342,42777.21947233492,11312.107642272376,50224.906067130294,54958.11559985359,93855.16608405775,407.83666596285263,4709.173125636067,0.6686545780603539,27092.408029992468,145.22052504360394,1.4003427108735707,1.1325563921650887,0.9333485815131136,0.08649766713251571,9659.238591990263,0.45864680715985595,0.6906702385033446,19502774.996470347,61519.67220792628,4321847.207556895,837.8054659492885,1.051656029402502,1.017340182052847,1.1103730654100241,1.1248204012940284,110.680751039054,89118.48219045949,969.2617726535848,98.90450258260671,67707.59945536654,85184.44769399648,485.2911758853641,23142.2498931435,19346.488614529462,0.830425514460653,0.9122192210207724,1.0787972765214504,1.0821622171934648,32362.776964869536,171711.60048818894,0.03590318026098868,0.04033383177407727,0.15707729526508415,764.7865460284811,10284.524333415524,17656.390417048293,171265.82208050502,396160.6581363891,181191.26198640067,216574.96526534058,61403.52761490911,16.740475018528915,39086.83306020423,14401.858685100296,20690.62217520992,68881.66089959687,41532.15726865778,77939.7245801437,19996.85782939046,17648.238773433306,35819.36460181156,162993.74578477902,160266.7787449976,764672.0192513404,702843.0504966291,703718.8070092084,108.33409517036382,1.0879698054062827,0.9517003673281781,101.96623064293011,77890.4119604424,1.0914152009355573,85010.77962075958,10214.359391244769,14923.532516880836,15584.723915034061,661.1913981532252,0.0424256037885532,11042891.93275492,371477.89139326924,480254.675781792,268873.0576427548,14030.510261574724,700258.5433209119,0.05024114181088585,19.904006237838487,1143389.9405384827,2666031.1373588014,3162078.283754437,3809421.077897284,9027811.872794662,0.008721857110438908,0.013152508623527494,0.05931634398196593,1.4024730746162732,0.059316343981966155,0.03837138585860256,0.008726053620100482,0.004426455003427011,0.681925603278556,5.769194579745039,0.05363267151098868,0.03647498814461573,0.0069727563183994866,0.11037791812919748,204296.68070903697,112.22464817735836,4.753201046451669,4.1455906496874375,0.041125687527523415,0.6702235742181647,1.099731780890327,0.03576150423764723,0.04654558227954437,28092.15,23307.585749644502,163180.52700557242,28810.6642051475,12305.48949831704,0,61.25,211612.72,2.0841196756887905,78.33063922415042,1.1464190691304195,1.1758138876162745,144706624.7465363,3.2242446780360647,0.0431166666666667,0.0255759818181819,0.0299805555556667,0.044899666666666595,703800.0472852674,365139.3822223185,840.2029092039911,2.066625809010625,2.7181323150549774
2026-12-01,368856.3409820715,34798.77272442651,19923.794216637853,222425.56863539308,43905.5944167174,11392.044117915722,51014.6823341809,55264.83077631099,94481.62833158181,407.1650280304366,4738.528470931209,0.6685964352899967,27360.614089569448,146.395381426441,1.4265775532498477,1.1433348281660005,0.9283219141232836,0.0890479710411861,9799.296397781052,0.4638298458182752,0.695580173321592,19836869.791062564,62261.51968881704,4322806.429135284,847.5136693998039,1.0552562627554523,1.0176362062131459,1.1224399187861904,1.138336139637666,111.64715896467436,89495.62527750221,991.3807409941619,99.69871922160702,68844.49501252324,85836.25539787971,493.9412271830793,23274.109813217394,19334.369349735054,0.8375982015844365,0.9119169394924453,1.0859765517424385,1.089659620181986,32418.80730498039,174711.35343813297,0.03796749306966069,0.0400738654902012,0.1665416099733255,816.8679775396595,10299.137077047233,17742.38507765102,172022.19006394828,401927.86104212527,184406.78347270968,219082.05595953364,62715.5840281345,16.87721157357534,39612.700607252176,14692.51777195883,21024.708624957955,70058.65002677769,41873.4598827814,79137.64197330207,20285.48679401114,17631.33892442693,36194.67732624292,164838.70501798307,162188.3780427571,776247.008403789,706266.2161253698,709385.3562556298,109.11168016016579,1.0990855673166176,0.9582409394782453,103.22291490697141,78480.5933044932,1.1001794137874132,86342.73313542572,10233.479246531326,14972.007717462535,15643.217043946659,671.2093264841242,0.042907366613539964,11077307.425649295,376373.9965464452,486480.88992589095,273685.9370636465,14212.407421237638,710858.4931540244,0.05040578498012644,19.838992694871656,1144817.6900681222,2689813.337178635,3171603.49192555,3834631.0272467574,9062547.030315246,0.008288844804327185,0.010395217224867692,0.05936932277585259,1.4138192974933446,0.059369322775852815,0.03837138585860256,0.007793158430146829,0.002602058794720863,0.689265930035935,5.7892104323363,0.05569698431966069,0.03791525045862794,0.006953669118323802,0.11089244084965987,205686.9641217825,113.15267188973287,4.761593586091846,4.151061985497017,0.041125687527523415,0.6702235742181647,1.110997500946458,0.03576150423764723,0.04654558227954437,28179.700000000004,23397.099084385005,164291.00603632102,29006.727050689497,12389.231034772009,0,61.25,208288.96,2.0989557449513274,82.21799999999999,1.1929664886247178,1.179638035146685,146277341.0389775,3.1988077032002264,0.0431166666666667,0.0255759818181819,0.0299805555556667,0.044899666666666595,707028.9498099074,367660.5941665678,848.9457039132745,2.069346829646057,2.9678648265333507
2027-03-01,371444.58900927263,34841.65018284527,20088.575350000785,223271.2777411677,44349.199414640236,11477.520763856064,51731.271934409786,55792.16842552463,95113.90250596982,406.45355039471445,4767.437343538728,0.6685474289130534,27631.729364463514,147.62368595767754,1.4511968989423103,1.1549797392241459,0.922194882927743,0.09142242962080231,9774.31622637037,0.4681805275808072,0.6991278123629442,20125813.900501028,63026.52899554261,4322108.617604961,857.1056803111227,1.0586190095213657,1.0176229767965863,1.134589084964545,1.151815137382321,112.62388232268061,89828.52129140813,1013.7849124424997,100.63374348068363,69975.99780172788,86007.3044840717,502.5200607357419,23406.166270166144,19314.245121004566,0.8310943296113543,0.9110144257547443,1.0928714156192414,1.0972334123346263,32563.030526248956,177723.92742252094,0.039638396826006776,0.039930045705820025,0.18002499771596892,845.7091057746147,10311.827203370573,17822.589842858073,172858.76799608138,407561.4144771507,187671.2937423878,220792.67967448034,65082.93364203663,17.123925988849383,40131.1400919807,14964.491659960331,21266.147739713153,71209.18250169238,42180.96452144813,79048.6250399187,20584.730169003127,17595.55592779835,36673.74918058119,165492.22031730137,163896.0964428704,786580.7586087643,709458.9050677058,714754.0415980301,109.88582478178138,1.1087051674586077,0.9573840091296554,103.81580150284455,79031.28802822523,1.1104974444427658,87764.04338636427,10249.73762895661,15017.174972495337,15701.984446142695,684.8094736473577,0.04361292059021417,11111722.918543668,381250.16062547546,492439.03779420303,277489.99087639444,14386.473097267235,720321.7619586851,0.051412298220921124,19.450599070731126,1146472.1246587588,2714340.5981855537,3181102.0902368557,3860812.7228443124,9098227.324224107,0.008009903665248334,0.008301552545061583,0.05979393646004387,1.4256816980181406,0.05979393646004409,0.03944002276336502,0.009852944866624823,-0.00155139232156324,0.6950606842248506,5.8060173389577034,0.057367888076006776,0.03909313194060489,0.006943113331960442,0.11194417394215567,207086.70871598754,114.10283257674116,4.770112886373051,4.156660081947625,0.041125687527523415,0.6702235742181647,1.1223786277322922,0.03576150423764723,0.04654558227954437,28267.250000000004,23486.717272507503,165409.04211876175,29204.124146602408,12473.542450623387,0,61.25,208288.96,2.1103027090911284,80.60834338399455,1.1811955150890354,1.1858850170275583,147730387.82272053,3.1878230435715635,0.0435,0.0304926484848485,0.03050813492075,0.0441803333333333,710233.54016194,370221.97902908165,857.82680407976,1.9795350058033456,3.162849316075844
2027-06-01,373786.62305157655,34871.13625937287,20318.845395382894,224132.4688223488,44831.48029667733,11568.148796265046,52448.403737632216,56471.43921300708,95791.7593422753,405.75450907832715,4796.117595113099,0.6684507405551179,27897.23194273664,148.91405254996664,1.4761043318680336,1.168606232914428,0.9193195357956817,0.09350379875113184,9798.514407826086,0.47042593816123024,0.6994800037301707,20445454.726460412,63813.38705505363,4320749.06233111,867.4755656837006,1.0623395654322343,1.0179590510553271,1.146799857710396,1.1651479800209485,113.6069000380742,90086.23238016882,1036.4998210274005,101.70855195405234,71054.87124549378,86140.87814971342,506.9998880968931,23539.60682634908,19286.605076547177,0.8283575586309393,0.9124648426433174,1.0996398069292281,1.1050059678875188,32702.893009596388,180571.593706352,0.041012093051602846,0.03987704733038154,0.19418615508289805,861.1910811811103,10320.55398078962,17901.353401515982,173727.61082993486,413036.44977067615,190981.9549887876,222473.87203709246,67694.39935038681,17.396081073784995,40630.033973643556,15234.214438321436,21585.51338741582,72330.94859044735,42491.69201771445,79349.82790572963,20919.633162615475,17598.34906629543,37152.742970970525,166610.11310561106,166002.99370400995,796897.9265686075,712594.2242532409,719868.1832517332,110.67618189420037,1.118305333242658,0.9590307050772071,104.3196263905297,79529.59645011641,1.122357999577242,89260.67877893797,10264.166370119321,15060.28396523242,15759.688987554859,699.4050223224385,0.04437936240482776,11146138.411438042,386018.39588790975,498490.0691274354,281350.3833389518,14563.252338564203,729769.8453524392,0.0517425261621243,19.326462663742216,1148264.9383968555,2739595.252019645,3190567.7948092762,3887860.190416501,9134740.496368717,0.007730224530322502,0.006595178809101196,0.06022193022985149,1.4381434653993455,0.06022193022985149,0.03944002276336502,0.012305022763365002,-0.005709843954263806,0.696327331222579,5.825343886821075,0.058741584301602846,0.04006436858962923,0.006939224136215558,0.11244951763511471,208495.97887705272,115.02158236874932,4.778289791782674,4.161915783526651,0.041125687527523415,0.6702235742181647,1.1338763434814723,0.03576150423764723,0.04654558227954437,28354.800000000003,23576.440314012,166534.6866802775,29402.86457275064,12558.427624024602,0,61.25,208288.96,2.121711014969791,79.03020048057577,1.1695406854847201,1.1921650809060083,149197868.45480087,3.176876105106019,0.0435,0.0304926484848485,0.03050813492075,0.0441803333333333,713406.9224062312,372766.70060580777,866.990370163539,1.9091155243983193,3.3281868521280344
2027-09-01,376027.44517184555,34894.57954179456,20451.055487881393,225008.72606440593,45256.98671703196,11655.09729973354,53129.87067617088,59888.06830687798,95830.16554853004,404.9905503287157,4822.322147212627,0.6683147545309357,28164.47441907454,150.25226106723605,1.5019812732613644,1.1848222367169976,0.9191404162272457,0.095040905530355907,9785.3892380783709,0.4703375600633577,0.6962457425588889,20776659.32319814,64618.77588259644,4316396.149010711,879.0150347409437,1.0663343992088943,1.0187921023890658,1.1592060223421943,1.178289435284039,114.59940089635964,90247.84681200433,1059.832928188896,102.89131675310539,72064.77953596917,86050.16381799853,509.44728720830227,23679.363087177015,19230.833312925828,0.8298647023702879,0.9162691456175499,1.1063104524628555,1.1129285963403939,32787.862106738125,183189.38840719924,0.041664406290790455,0.03986615547902022,0.21254498316596449,876.2572420571232,10327.492316836955,17957.25235528715,173851.11332348114,418491.6972918142,194243.41256994614,223969.16459211774,73176.8668777319,17.967438917309572,41115.914422775095,15511.700059639728,21807.663966857766,73419.02755324455,42799.46580130777,79526.0718110263,21276.151900882895,17620.619209148066,37574.693541046414,167587.09646210365,168376.7707090077,806599.2074186814,714819.3784854665,724587.6302904062,111.48736582951166,1.1283958247106836,0.9639690724918042,104.8772369784983,80006.37027761879,1.1354098571480316,90840.02144784367,10273.168222317174,15095.490369529802,15813.652087895101,718.1617183652997,0.045414028565944974,11179119.106513292,390627.3113313018,507325.82248292,284825.6358983223,14821.386479415749,738653.921957035,0.05206203604306968,19.207854244746095,1150259.4118966118,2765512.6848465507,3199987.4766573184,3915772.0967431627,9172072.08454342,0.007015474797661146,0.005217223985890911,0.0603919740372266,1.4510672680996108,0.0603919740372266,0.03944002276336502,0.012768995315049401,-0.007551771329158491,0.693894876376583,5.850261610023927,0.059393897540790455,0.040541768665794176,0.006938424900847102,0.1128116602420247,209787.03733616404,116.03257242301363,4.7871981605270735,4.167902948440453,0.041125687527523415,0.6702235742181647,1.1454918425385152,0.03576150423764723,0.04654558227954437,28438.700000000004,23661.982592310254,167565.91048196438,29584.93435286443,12636.192501335236,0,56.25,208288.96,2.1331809942010307,77.48295431711041,1.1580008538222106,1.1984784019736048,150679926.31393212,3.165966758269662,0.0435,0.0304926484848485,0.03050813492075,0.0441803333333333,716371.965463178,375273.27148687316,876.6412838882252,1.7039832691487566,3.464893149312931
2027-12-01,378416.66231303284,34925.26856818689,20631.444140767253,225832.47450563166,45836.135440547165,11743.034428384597,53855.99651464759,60051.30066923043,96257.11309243603,404.2979693866538,4848.7439752917435,0.6681117283107566,28419.93404073241,151.64174233446835,1.528157660834915,1.2026069555980734,0.9196482615351314,0.09631936119873366,9744.0482401288209,0.46968996552980685,0.6922114794210399,21125174.827458534,65447.04058726422,4312934.790361028,892.2097374429741,1.0705353218850173,1.0202098279582008,1.1714209112331708,1.1912673221303123,115.59664265150072,90386.16439402748,1083.4462681119523,104.18604358299955,73030.26680945746,86298.85425086007,510.30379442194476,23841.05953574085,19190.536631253028,0.8319913595757837,0.919947487104746,1.1129599652007593,1.1210685080934464,32912.52056162099,185764.88519596864,0.042213823325833004,0.03988847584192312,0.22782878226692568,823.7484412257327,10336.575122488715,18028.30245962557,174433.47274493563,424231.0036101136,197505.68888961757,225662.39031334766,75235.73515778492,18.182004810262868,41605.33116190596,15795.91646022673,22086.689694189026,74506.19521789775,43066.80372230276,80085.08639061583,21680.961935571566,17654.2859501128,38045.768781218714,169055.66305751892,170838.35372474583,817014.9380890266,717647.650330011,729409.0388282731,112.31495563344338,1.1384624919838175,0.9691698525358124,105.3848403864774,80514.71772333278,1.1496972202741478,92567.54715767335,10282.51436758338,15131.258342875124,15866.062095733061,734.8037528579371,0.04631292102798517,11212099.801588539,395104.3758929178,512725.8715263933,288968.4006722885,14979.147449455493,748192.2654601487,0.05237081979134355,19.09460275749381,1152354.2670554419,2792013.0115984594,3209355.460114405,3944367.278653901,9210035.249911245,0.006376894203424237,0.004051546719514354,0.060482432076324893,1.464486239449507,0.060482432076325116,0.03944002276336502,0.013231151322429711,-0.009179604602915357,0.6904805379049896,5.883668465606741,0.059943314575833004,0.04094300358408047,0.006940062767643747,0.11314508234755723,211086.090347275,116.89991775235234,4.794802580822301,4.172586164905083,0.041125687527523415,0.6702235742181647,1.1572263314828768,0.03576150423764723,0.04654558227954437,28522.600000000002,23747.617985765,168603.5198754482,29768.13155390514,12714.43891792166,0,56.25,208288.96,2.1447129801912665,75.96600000000001,1.1465748854193993,1.204825156349676,152176706.2030795,3.155094873973378,0.0435,0.0304926484848485,0.03050813492075,0.0441803333333333,719274.8733740461,377773.1643187067,887.055986750519,1.611493505534023,3.5836929122408767
2028-03-01,380889.31476639584,34976.53875117501,20798.26658132195,226685.858035309,46435.12313313026,11827.15692988278,54591.66109195412,60489.50113268254,96571.15310214741,403.65107019202986,4875.511353860312,0.6679074165014559,28676.797295453456,153.07559809933093,1.5547640114327503,1.2190296949038744,0.9209724167503461,0.09748963364980558,9696.258279733847,0.46864546092424053,0.6875737081642431,21491172.15446841,66299.24200098934,4310331.30802931,906.6383606382401,1.0750335432255598,1.0219640207639185,1.1836925248303967,1.2040928401628332,116.5929471758746,90562.31625561074,1107.3857069034914,105.58261924887735,73993.43224754941,86611.38893605092,510.13545212049513,24021.238980484966,19149.372535670107,0.8344340105405389,0.9242032871119228,1.1196037285405345,1.129413032065015,33039.80249322692,188393.0035997539,0.04265738341880042,0.0399355326996102,0.2411586694432148,853.3835296773468,10351.74918183677,18099.884289459274,174905.21242050373,430181.35642487253,200810.5420012708,227437.4963910629,77547.04572668354,18.422879091008674,42114.999883967714,16094.52708329823,22358.834215868286,75618.62480030878,43432.43393691377,80582.25458554926,22064.29642317497,17697.913043597087,38522.07946794136,170456.10352026267,173504.759824122,827562.6620426406,720497.0884263996,734414.8553283972,113.1584202289522,1.1485995836516898,0.9745627426497467,105.81888500944406,81040.81748092151,1.1651084894398025,94421.3444381632,10292.77639086988,15168.28774473019,15918.46888364287,750.1811389126797,0.047126458696826884,11245080.496663786,399651.02664475475,518547.1380601783,293142.3515976028,15149.2141743753,757851.4835630163,0.0526115783432388,19.007222962899604,1154596.0805117458,2819042.2075263634,3218679.4033273538,3973638.2880381094,9248630.202508403,0.005726235776162478,0.0030043850569722585,0.060558486007167636,1.478333759299055,0.06055848600716786,0.03944002276336502,0.013691493051405622,-0.010687107994433363,0.6863225998573388,5.922814425653405,0.06038687466880042,0.04126152965129842,0.006943516006264007,0.11340653455839655,212393.18741462077,117.77750107111923,4.802438880118791,4.177301260370976,0.041125687527523415,0.6702235742181647,1.169081029254287,0.03576150423764723,0.04654558227954437,28606.5,23833.34649437625,169647.55440188624,29952.46315714086,12793.169855593684,0,56.25,208288.96,2.1558745658429084,75.52950224136143,1.134957484895777,1.204898172141857,153676165.15658155,3.1538799271294904,0.0435,0.0304926484848485,0.03050813492075,0.0441803333333333,722130.6844189393,380281.977972833,898.3909075886828,1.5558594415895577,3.693114764263794
2028-06-01,383225.0172085822,35054.510651001474,20978.37382309303,227539.4576725825,47076.97043012484,11917.201268035586,55345.53831804101,61108.03703884891,97206.83864890996,403.0718093384022,4902.938656622009,0.6677126038482237,28932.351996909805,154.5543797759419,1.5815119384788334,1.23442101846395,0.9229943011747737,0.09865315454743798,9641.158403552397,0.46725412275093775,0.6824897681398185,21868832.875932906,67173.9157586639,4309404.913458176,921.9286635394476,1.079611410443113,1.023965446185601,1.1958720890752126,1.216796367639198,117.59212628406088,90811.71077573621,1131.6745154722942,107.08070629443834,74944.23457716864,86995.35743043711,510.0941773932047,24206.758422092727,19113.986605829963,0.8371094069542813,0.928779524329555,1.1262883700723538,1.1379956413846797,33184.105039112124,190971.6376256486,0.04315385138536132,0.04000880328936975,0.2512808950558159,853.5996372734953,10374.825952124904,18178.454075509482,175728.38436936153,436108.39980647335,204133.0382554252,229358.1792140304,79923.98219920893,18.670592605108535,42654.20122950817,16407.911102925566,22648.491751952344,76740.30587897186,43781.90474301508,81372.75905328953,22439.865793990557,17752.679387804237,39021.89470382814,172176.75893891245,176265.73321448764,838385.2784926962,723624.6941663413,739297.9234766278,114.01604897693002,1.1585912950292012,0.9797891191955423,106.15332271807974,81537.7787449125,1.1816399408010214,96348.2960491852,10305.352956115912,15208.291612737921,15971.130026049348,762.8384133114268,0.04776357966118873,11278061.191739036,404275.94344138826,524660.2987701156,297457.4811594973,15327.808508583095,767762.43811534415,0.05290797599645853,18.900741923428264,1156968.9408466062,2846589.2371719894,3227980.2387658614,4003558.1780185956,9287850.927927397,0.005277458060542584,0.0021324099645510172,0.06077676122261924,1.4926151529523288,0.06077676122261924,0.03944002276336502,0.014150022763364987,-0.01201761279881397,0.6814031492111111,5.965076272027821,0.06088334263536132,0.041609967965413414,0.006948893489088568,0.11371639300385697,213708.3783489791,118.62552634582588,4.8097705175551475,4.181711693976736,0.041125687527523415,0.6702235742181647,1.1810571672793695,0.03576150423764723,0.04654558227954437,28690.4,23919.168118144,170698.05384728446,30137.936187069416,12872.388314625223,0,56.25,208288.96,2.167094238984769,75.09551258231085,1.123457794952286,1.2049711923590003,155190398.88875595,3.152665448130753,0.0435,0.0304926484848485,0.03050813492075,0.0441803333333333,725004.4899635593,382769.64883896674,910.7034594240379,1.5479314226353402,3.7876393324818736
2028-09-01,385286.586015947,35154.1647205122,21148.09501943236,228423.68186909135,47517.54684953971,11997.052261143566,56016.98988484545,64724.52987747575,97189.37446066161,402.2851488650551,4921.836818907991,0.6675230291621609,29205.64925249695,156.04624151141175,1.6089764158719024,1.2498644432551878,0.9252946929730814,0.09888382423901017,9542.076940559242,0.4658049916773447,0.6773216955179432,22245659.88875975,68060.50565345013,4304595.353006064,937.3926701715196,1.0843537502247167,1.026149576762177,1.2083584190267573,1.2294136213481477,118.60377047842177,90908.10101222231,1156.6126538549543,108.67334849341987,75805.44208409709,87262.79608246981,510.2274590393581,24384.745556227765,19041.694594872428,0.8395663136244258,0.9342820138491745,1.132791549118089,1.146617780559564,33239.85404484502,193151.65526164768,0.042195963568549905,0.040020546660339384,0.272193920048657,884.224196508847,10404.319834863363,18221.610076171874,175737.53317655093,441776.45067717414,206878.75776447903,230824.43556397883,85045.32783604137,19.20431596679009,43219.0089545142,16740.305237483397,22932.01614443013,77787.72155575828,44034.05748643983,81596.92483940159,22774.542533067677,17790.312773198355,39423.72019871038,173175.060344378,178722.20155256876,847821.1766120882,725342.5931649697,743186.6902486514,114.88568383521437,1.1688561763955723,0.9854187504179963,106.4978279786442,81976.41331659765,1.1992148121186144,98307.32909362153,10313.980968073514,15235.817786981504,16023.130975978444,787.3131889969391,0.04913603443825521,11311651.184518296,408833.39472097403,534145.9862806839,300693.493955165,15604.930299721242,776403.4869646,0.053471320994133036,18.70161390083708,1159484.041574065,2874633.205623662,3237284.85247962,4034117.247197727,9327714.610820286,0.0036342780203838243,0.0014588611121733042,0.06032213869084409,1.5070228678013045,0.06032213869084409,0.03944002276336502,0.015127282331650858,-0.013668421219477554,0.6762917501457623,6.0071467347899405,0.059925454818549904,0.04096721056947863,0.006949755423847934,0.11394799537108417,214344.87630404142,119.67868649931451,4.8187665664689545,4.187786539059945,0.041125687527523415,0.6702235742181647,1.193155989599558,0.03576150423764723,0.04654558227954437,28775.850000000002,24003.8624526405,171206.45208158062,30227.697453806202,12910.72676865461,0,56.25,208288.96,2.1783723019176704,74.6640166114029,1.1120746229141405,1.2050442170013742,156719552.9815036,3.151451436797009,0.0435,0.0304926484848485,0.03050813492075,0.0441803333333333,727615.6288199114,385182.0410941481,923.8989710321761,1.4721501677527948,3.856168554816608
2028-12-01,387559.50236804655,35268.21703802774,21320.551669286364,229218.33017799,48134.94227224807,12075.034176306124,56732.15920653772,64866.617337863565,97556.95283929577,401.57981266153826,4940.877844952314,0.6672177574853956,29451.947729456657,157.57684300991374,1.6365185691124409,1.2654318218431093,0.928068997825157,0.09872963646570265,9418.995167765532,0.46403730114013675,0.6717654740262242,22633308.449314848,68968.51424031943,4300816.297243732,953.8989735605522,1.0891195612416535,1.028595963812318,1.2204933388256503,1.242025296510155,119.62121473302174,90971.81624221959,1181.8222434572647,110.37448322291885,76610.05806472719,87987.33574395101,510.76946257273715,24580.294155700863,18987.3972978943,0.8422568807114494,0.9391808367846439,1.1393283366092009,1.155478611211835,33339.45228718285,195168.74734106578,0.04123768240056007,0.03997484617819072,0.2890554013011467,794.6483088986424,10438.075061271762,18281.921936317372,176210.7243606903,447816.7160860006,209576.83098797122,232494.24605301238,86452.97416901472,19.351014468740434,43804.0177240409,17082.103663560716,23220.629879483167,78800.79573800144,44177.66235663423,82168.01479013923,23134.5257826676,17832.599682598855,39881.05781126433,174605.75806667,181130.0637516142,857954.4507507482,727743.4107196394,747131.4081709833,115.76656294473855,1.1789243732844294,0.9908917785802012,106.7691929050818,82460.01574937494,1.2179869029146213,100435.21919687209,10323.025809612927,15263.903654565242,16072.366156418228,808.462501852986,0.05030139432421239,11345241.177297557,413041.1915434538,539841.6195456077,304760.9225312738,15771.326682722807,785683.1671526587,0.0542275957758992,18.440795423285902,1162128.72673191,2903076.330519039,3246614.8964986624,4065205.057250949,9368132.464892551,0.0020987185237493627,8.358823013800143e-4,0.059590672588891946,1.5218047134734078,0.059590672588891724,0.03944002276336502,0.016103033832708634,-0.01526715153132862,0.6707569112412023,6.053547941054632,0.05896717365056007,0.040321714994470306,0.006946401219579181,0.11431864619633508,214981.37425910376,120.51156161688296,4.825858926595769,4.191957695356162,0.041125687527523415,0.6702235742181647,1.2053787530003233,0.03576150423764723,0.04654558227954437,28861.300000000003,24088.63669485,171714.85031587677,30317.45872054299,12949.065222683997,0,56.25,208288.96,2.189709058515679,74.23500000000003,1.1008067881910522,1.2051172460692468,158263774.45120314,3.150237892948174,0.0435,0.0304926484848485,0.03050813492075,0.0441803333333333,730133.7774814746,387568.797472576,938.0601058897851,1.4067851242856921,3.9138963876810706
2029-03-01,389965.7423114457,35394.12656785651,21489.530545847072,230035.80400493345,48810.199302049274,12141.997250461054,57465.96222073023,65324.94116893084,97817.36954261854,400.92734014249635,4960.321504024979,0.6669064544679368,29700.189094134785,159.1364820265569,1.6646804814910108,1.28117017071874,0.9314432552089252,0.09852150096926217,9306.410933706511,0.462045396032857,0.665903746014097,23030482.459636994,69899.08141870254,4298244.071745747,970.6226529779177,1.094087210620484,1.0311663089440588,1.2326789598897694,1.2546631472373069,120.63312762384572,91092.15681920611,1207.3310358385907,112.16110205423045,77398.48556543114,88889.1987364918,511.77676117857857,24791.14524881267,18934.426494901236,0.8459424620158036,0.9444773372010512,1.145899476142173,1.1645266931920712,33446.673746732275,197252.7710248792,0.040233757621729704,0.039872837164628173,0.3032848471042966,817.4738269434602,10475.339579686886,18344.199479375817,176587.66926362787,454125.5168691998,212295.9748916644,234301.46084125934,88066.52913095226,19.51917183198294,44407.706233342426,17438.09333529501,23511.42053244951,79810.70989774527,44439.759746135285,82747.86641879242,23502.041178690535,17883.136717333353,40347.768626826844,176070.37294164315,183729.76314239425,868369.7913050806,730222.4756685032,751317.5517891108,116.65928502420837,1.1891852331720214,0.9970705977142014,107.04576925521413,82971.98509193293,1.237702314244278,102694.61796572713,10333.64156172625,15293.963065751228,16121.457071400358,827.4940056491305,0.051328730894369776,11378831.170076817,417342.8516344516,546140.6063024971,308962.6314458237,15955.34987455575,795221.1534018598,0.05499185076010293,18.184512544638867,1164903.6638246875,2931855.443849626,3255984.566211097,4096759.1076743137,9409056.18502835,6.397008126681203e-4,2.7878035556658937e-4,0.058927444160200584,1.5368669901474954,0.058927444160200584,0.03944002276336502,0.017077279800170063,-0.016798499444603474,0.6648323403681659,6.099309477106192,0.057963248871729704,0.039643188285166706,0.006938915195804914,0.1146861644118151,215617.87221416607,121.35325054609062,4.832976153419625,4.196153718349421,0.041125687527523415,0.6702235742181647,1.2177267271417238,0.03576150423764723,0.04654558227954437,28946.75,24173.4908447725,172223.24855017292,30407.219987279772,12987.403676713382,0,56.25,208288.96,2.201137151640148,74.15361626646475,1.0922704069183178,1.2049627458358099,159694352.21624357,3.151208840171772,0.0435,0.0304926484848485,0.03050813492075,0.0441803333333333,732590.6560201416,389959.25362846215,953.0892196945831,1.3498163140873043,3.9594056809061584
2029-06-01,392138.1565974778,35531.18843443685,21656.778288147572,230842.33559320215,49440.754872269834,12212.656654352886,58186.24231416237,66010.87958628262,97988.41482331445,400.2820868227199,4979.756382679896,0.6666001382920114,29950.718600877386,160.7226662928178,1.693377860386213,1.2970677506846453,0.9352410931521472,0.0981062841364615,9180.650329470867,0.4598748431298752,0.6598155370195208,23426158.122053195,70848.00355285472,4295621.628916929,987.2356813283121,1.099148714332687,1.0339484058955726,1.244866272466338,1.2673664395664446,121.65079562860493,91289.07371155733,1233.1683460519225,114.03423931546256,78143.04703286129,89850.98605408926,512.2824551347154,25001.16863696425,18872.646606879724,0.8498127521285258,0.9502335330972964,1.1525013307737924,1.173757663057082,33534.58911057136,199238.17797240108,0.03895995973325128,0.039702321204661724,0.3171944674912922,806.5315882686991,10515.904773267866,18398.292680355346,176838.9432211209,460275.16678490565,215027.80126955413,236129.89618930666,89909.03513043592,19.711189431593947,45031.035779716665,17807.400324981503,23804.020012005454,80795.87812969895,44677.7371428833,83271.80447771249,23863.83210334628,17933.42166415202,40795.09446379357,177453.71270900435,186335.73136455045,878537.0207881996,732375.7487820012,755204.9579408052,117.56733827792004,1.1995714167974874,1.0034764372410592,107.2960164591283,83434.20396450815,1.258372459960243,104991.30448764279,10343.984435471628,15323.740818151524,16170.669394691546,846.9285765400218,0.052374362653734276,11412421.162856078,421682.6887304239,552722.7880882099,312917.3804209014,16147.646532443896,804531.9286469497,0.055800236012718406,17.92107115410896,1167803.2964778896,2960948.8214063444,3265405.4027314144,4128752.117884234,9450470.031758588,-9.501775648186328e-4,-2.0781609340819046e-4,0.05819614683839158,1.5521856286398361,0.05819614683839136,0.03944002276336502,0.018050022763365002,-0.018257838856773193,0.6586435969395661,6.14247949028972,0.05668945098325128,0.03878005807919385,0.006926404708754692,0.11503521051829686,216254.3701692284,122.25466711780795,4.84053394335985,4.2007903044590496,0.041125687527523415,0.6702235742181647,1.2302011946902938,0.03576150423764723,0.04654558227954437,29032.2,24258.424902408,172731.64678446908,30496.98125401656,13025.74213074277,0,56.25,208288.96,2.2126248879907133,74.07232175381031,1.0838002223714895,1.2048082654098418,161137861.25850782,3.1521800866548366,0.0435,0.0304926484848485,0.03050813492075,0.0441803333333333,734933.7088928274,392306.12517277536,968.8279205777374,1.2093360945540477,3.9910137298069914
2029-09-01,394499.94014128,35671.91803998344,21827.554708332922,231626.95668933445,50148.39506409536,12283.546298488778,58937.20014261368,69866.55889603149,98242.38190298332,399.71641364538016,4999.754343036352,0.6662914098662533,30194.80515701771,162.34403647515686,1.722487853015139,1.3132823330667454,0.9396115745609791,0.09783517101906461,9058.598113576283,0.45740641850101255,0.6533461339878702,23822877.974935554,71821.08048488823,4294611.291648855,1003.7164150386727,1.1042610798045713,1.0369877668470233,1.2569145803864157,1.2801873833130337,122.67154284920755,91580.4828838987,1259.6487032392915,115.9955625454346,78899.38057324965,91009.3348527508,512.7889026932297,25228.697410189077,18819.00500422515,0.8541187855908873,0.9560710728668137,1.1592201568540725,1.1832417821306547,33645.47631283335,201213.1710780697,0.038050664806650786,0.03948942265500003,0.3270619959984628,784.621096132294,10557.55548060174,18460.912967407756,177212.77618744958,466788.81271590764,217755.97756800422,238178.3217992856,94711.25539868127,20.211654998039972,45666.7394133634,18185.261072869907,24103.319131717068,81817.69170161212,44918.03796559196,83910.66392453227,24244.39085237939,17992.306304675476,41273.42489191734,179010.34597350447,189062.22449907273,889183.9610434981,734868.4572484186,759298.8271610127,118.49011990254972,1.2099906397694318,1.0101435676632788,107.50650534879318,83936.71443587726,1.2800157414210807,107440.31576108896,10356.18673496022,15355.941077996573,16217.792709436573,861.8516314400003,0.05314234648268498,11446433.733075218,426012.5529609973,563012.6746478528,317249.5119782611,16448.26278095931,814282.0053939708,0.05660797578873753,17.665355209520765,1170823.903626408,2990307.4193537827,3274888.1502340077,4161131.3229801906,9492331.984357137,-0.0023078526606510052,-8.690948123017614e-4,0.05747665355176282,1.5678440765350867,0.05747665355176282,0.03944002276336502,0.018145053789390485,-0.019014148601692246,0.6520282155105168,6.1826503568073425,0.055780156056650786,0.038155912240742315,0.00691078991429997,0.11544939536231258,216898.8755590677,123.09103385652439,4.847509037010176,4.2048441942787775,0.041125687527523415,0.6702235742181647,1.2428034514522823,0.03576150423764723,0.04654558227954437,29118.725000000002,24340.389909412188,173246.44090058934,30587.871758456586,13064.562900021796,0,56.25,208288.96,2.2241725788454136,73.99111636422391,1.0753957212175307,1.204653804788803,162594418.466384,3.153151632489604,0.0435,0.0304926484848485,0.03050813492075,0.0441803333333333,737249.5982858131,394652.2328257358,985.126907685926,1.3132917014956558,4.035851746730179
2029-12-01,397007.6424013051,35813.0797484982,21990.878958368336,232424.0905654623,50855.462819919,12355.705529951481,59701.90966729403,69907.25623675571,98414.43903283606,399.17954185228814,5020.304212511571,0.6660383579813006,30445.17374940823,163.9926279327075,1.752173431919062,1.3295101091695818,0.9440246056851596,0.09769089720166035,8941.683552422171,0.45511511909578467,0.6471683245670019,24215824.676894434,72819.91251999703,4294806.185806314,1019.6195548975634,1.109498264735143,1.0401656713519667,1.2689839656235613,1.2931641326768417,123.6939678091872,91970.42574561565,1286.357965312881,118.03735294378662,79673.19589570476,92197.33047620849,514.8529183376852,25466.63628691939,18766.186951497835,0.8579108545151675,0.9620037776279743,1.1660213496194345,1.1929318585554227,33760.27048835277,203267.68311490188,0.0372263494738629,0.03924199490059986,0.3354766403790211,797.1338761278603,10599.334074276201,18524.4154102509,177510.31188293756,473603.06521486625,220500.22108315173,240350.14004969955,95598.02248700181,20.304069832923044,46312.19021145324,18571.871560981184,24398.842044310237,82873.3224961463,45199.89574007154,84430.81548729124,24628.397554385356,18053.142739013718,41759.4181101576,180461.33389084792,191889.69440108121,900031.0478407473,737396.2814068911,763583.6265419087,119.42643065413152,1.2205527257529578,1.0166245102980636,107.69046740685452,84470.27164862247,1.3025469813514816,110026.49734985284,10370.585772719189,15390.889985230759,16266.263431913727,875.3734466829683,0.05381527083795332,11480446.303294359,430522.56440842635,569092.5699174512,321576.97759406787,16625.88527433855,824215.3689912865,0.057578968805960376,17.367452400371633,1173967.0833992024,3019938.640006612,3284435.982588211,4193905.7234058147,9534654.217136966,-0.0034889282296644425,-0.0014732828029274808,0.05697561949813301,1.5837654149930145,0.05697561949813301,0.03944002276336502,0.018240064128647114,-0.019713346931574595,0.645634717977225,6.217471893407017,0.0549558407238629,0.03758843921127181,0.00689264992219584,0.11599737828923555,217543.380948907,123.96771734354044,4.854763234267943,4.209177187705947,0.041125687527523415,0.6702235742181647,1.2555348065082577,0.03576150423764723,0.04654558227954437,29205.25,24422.412368583748,173761.23501670957,30678.762262896613,13103.383669300822,0,56.25,208288.96,2.235780537106849,73.90999999999998,1.0670563941041273,1.2044993639701544,164064141.78483933,3.154123477768338,0.0435,0.0304926484848485,0.03050813492075,0.0441803333333333,739554.7670939525,397027.34509777953,1001.7620346602977,1.3264112797265026,4.071527770352734
2030-03-01,399640.38162450225,35949.802078054214,22157.086769231217,233222.29287563515,51617.39106896646,12434.600773030548,60488.333210699675,70254.83932961397,98612.96297930332,398.6849531172634,5041.468974925063,0.6658075520710289,30695.63093194336,165.6712253026943,1.7825151698002117,1.3454998843329011,0.9484288924155315,0.09769787024192847,8835.131354290363,0.4530227475212858,0.6413051997537671,24608860.106736675,73847.75775224617,4296456.4556845585,1035.0959197688192,1.1148063697855932,1.0434776933784125,1.2810003340778744,1.3063357060620073,124.72142844577537,92461.21018242158,1313.3005137204834,120.16198472516258,80458.25259066111,93441.66359803428,516.8696329474267,25717.00837688893,18716.386082896213,0.8619094753617114,0.9678666225538262,1.1729337139132079,1.2028532019848686,33883.835392124616,205375.6262521634,0.036628124094369795,0.03897571054953685,0.341740631488254,798.202310172841,10639.79877757886,18590.66964280402,177848.85409712815,480708.71319789725,223247.6515409204,242718.54361200717,96604.99072771915,20.40901148549907,46962.51008042437,18965.60272465607,24700.86146623105,83956.39099840522,45476.84064429884,84995.4471853552,25013.743854063985,18114.965384466195,42260.40351327302,181974.1199371584,194784.1777354855,911208.5128545061,740033.645295218,767990.3905461687,120.37688503395516,1.2313068622687455,1.0231953467508839,107.8831902879858,85030.43264708166,1.3259923793064208,112749.70569915816,10387.440824254372,15428.909799179435,16315.276019638752,886.3662204593165,0.05432737655060084,11514458.8735135,435136.5181590437,575588.86277813,326064.48462531524,16815.67271054742,834451.280822111,0.05850163537143491,17.093539242977787,1177223.4275737556,3049855.4734284356,3294048.8127091113,4227078.901002191,9577440.224854242,-0.004435642007025266,-0.0020880555518582103,0.05663410414053341,1.5999765367598673,0.05663410414053341,0.03944002276336502,0.018335053785263032,-0.020423109337121242,0.6395261774602033,6.247891979295849,0.054357615344369795,0.03717333174587402,0.006873136247073467,0.11655219046576477,218187.88633874632,124.84975538974894,4.862010307883367,4.213503057490774,0.041125687527523415,0.6702235742181647,1.26839658234909,0.03576150423764723,0.04654558227954437,29291.775,24504.492279922688,174276.02913282983,30769.652767336644,13142.204438579847,0,56.25,208288.96,2.247476591019806,73.85493850094944,1.0610314091382174,1.2044993639701544,165420447.06475434,3.155337022480466,0.0435,0.0304926484848485,0.03050813492075,0.0441803333333333,741878.3112649508,399453.68564396165,1018.5639321456958,1.3435863662965009,4.106376610139506
2030-06-01,401964.67507703323,36079.5363770147,22311.608930151568,234032.4907950289,52302.98027449133,12516.439662439168,61255.72561215808,70829.77129262371,98634.72072842652,398.1711785122001,5062.527949500629,0.6656085390214755,30953.896759122486,167.37358541670744,1.8135258472560396,1.3612548593142442,0.9528576202072059,0.09764546707094457,8721.339215539045,0.451080453486478,0.6356814418131582,24997643.295365296,74897.86774206137,4297578.982206008,1050.1930737885775,1.1202120559887072,1.0468695063231328,1.2931475394184622,1.3197327517941206,125.7575165640464,92985.94944598922,1340.5026532673196,122.36404594575009,81228.13109558751,94562.39833727322,518.8857628340658,25958.629366382465,18655.7811372766,0.8655640054646386,0.9740533889762464,1.1799269646394144,1.2129671681609304,33981.29102807221,207359.7169078538,0.03586768086461554,0.03868223676892184,0.34899682179918,810.1979193937441,10678.195284811163,18646.01684312654,177962.80973690187,487569.9541325096,226030.32299730714,245019.72436146025,97946.14498044312,20.548780485105215,47615.34582629369,19365.183151052614,24993.73331206109,85035.25270363022,45769.26830615928,85374.66395158287,25381.981034561246,18171.726840763404,42734.02769330472,183251.95952021226,197584.2863796575,922046.7335695683,742236.836019102,772063.7173888478,121.34314351130674,1.2422540644256577,1.0297205342572968,108.06656864782973,85524.9664503578,1.3502922142662355,115483.69632329913,10403.561520663898,15466.089470164527,16365.07063642488,898.9811662603533,0.05493291855068798,11548471.44373264,439855.0431353044,582283.3571099703,330174.1620457248,17011.250549047458,844376.5251870749,0.05949611063282036,16.807821374601943,1180594.0137978918,3080064.4552496336,3303721.6827245527,4260658.469047526,9620692.662915017,-0.005513658042321533,-0.002699102138015233,0.0562641281640075,1.6164171481850584,0.0562641281640075,0.03944002276336502,0.01843002276336505,-0.021129124901380282,0.6336297668404699,6.274544882180351,0.05359717211461554,0.03664597032467894,0.006851640632000249,0.11712829519599152,218832.39172858564,125.82898692183245,4.869980192629055,4.218551738405865,0.041125687527523415,0.6702235742181647,1.2813901150133271,0.03576150423764723,0.04654558227954437,29378.300000000003,24586.629643429,174790.8232489501,30860.54327177667,13181.025207858873,0,56.25,208288.96,2.259233830579057,73.79991802163468,1.0550404434088165,1.2044993639701544,166787964.813112,3.1565510341022693,0.0435,0.0304926484848485,0.03050813492075,0.0441803333333333,744136.4841606696,401863.73320865934,1035.3934706810278,1.3464519071665793,4.138133890693707
2030-09-01,404400.0826573905,36200.49495132647,22465.18235152742,234815.9770296785,53059.563253427885,12604.31343217652,62054.854137381015,74788.12801749409,98878.5000657833,397.6940252446804,5084.250955969638,0.6654103974811197,31207.24803053623,169.105864153523,1.8448804103038556,1.376815015946677,0.9573871662659661,0.09766627310996524,8606.687666551446,0.449204139913356,0.6302078116615369,25390351.42300367,75973.91209492314,4299867.638674256,1065.4727763515612,1.1256672695405185,1.0503828425825898,1.305180425185685,1.3333978240998376,126.80039150568334,93570.8402249637,1368.289166613626,124.64995289559327,81983.15679773092,95790.77879225396,521.0771614701886,26209.388622793835,18604.53841727229,0.8690062455608013,0.9799994822190047,1.187044534693943,1.2233192646935487,34103.354193614585,209292.16212604678,0.03530150741460416,0.03837487485163487,0.3543841227217186,783.4862346496084,10713.99450529938,18710.83613280405,178342.22880947424,494710.41226988443,228820.79682860774,247498.95967074294,102509.8294947834,21.02438693961397,48269.661199435875,19766.038578929976,25288.320477373716,86113.70046520396,46031.36260447129,85926.0341088498,25761.360148562264,18232.43801585043,43243.18663407317,184752.57890733567,200373.63001953307,933379.2413117095,744817.0795441513,776196.9864992027,122.32341279474544,1.2531657225865047,1.0359440954655204,108.20534596321617,86043.1417142988,1.3755172902520263,118353.82913562338,10421.590730648377,15505.841686618016,16415.095274879655,909.2535882616394,0.055391302822779924,11583260.37715528,444594.9710718683,592902.078672719,334646.160806856,17321.47362310378,854754.4194527161,0.06054328699474874,16.517107835369686,1184065.333311224,3110545.5938573265,3313447.1256601475,4294610.92716855,9664370.563971637,-0.00634971566189544,-0.0032763482248647294,0.056015050033465644,1.633146699916018,0.056015050033465644,0.03944002276336502,0.018416273043411334,-0.021692621268276063,0.6278436175478332,6.300625833911178,0.05303099866460416,0.03625156475209451,0.006829139620900034,0.11777903109482321,219491.60845208494,126.74433196064344,4.877385581265965,4.223035923212178,0.041125687527523415,0.6702235742181647,1.2945167542259783,0.03576150423764723,0.04654558227954437,29466.800000000003,24669.129513182,175317.36793865412,30953.508422229635,13220.732091201187,0,57.125,208288.96,2.2710525758654905,73.7449385314969,1.0490833048310548,1.2044993639701544,168166787.72250232,3.1577655128133912,0.0435,0.0304926484848485,0.03050813492075,0.0441803333333333,746416.7876686724,404281.123226112,1052.2429941003736,1.3537963424071098,4.16512230764996
2030-12-01,406965.44749953883,36316.31666481575,22608.09059190468,235619.61656807418,53810.90132915017,12695.50255806964,62864.74014204047,74675.34012693245,98967.70717757508,397.2316951067233,5106.302442806938,0.6652369952066872,31465.283337452533,170.86273460480075,1.8769527493014693,1.3921603118148924,0.9619302915134835,0.097772346897249,8498.013692234468,0.4474737605467886,0.6249601610760531,25789956.94945156,77077.54144077472,4302777.355286417,1080.9546860123958,1.131238828339582,1.0539573701181897,1.317296069361061,1.3473498668013122,127.84716737494226,94208.99922138827,1396.2256688009318,127.0080732718338,82740.98006593608,96988.59523013387,523.2880525768417,26472.07063201042,18552.081309528592,0.8721189170824926,0.9860487857063093,1.194275285909935,1.2338748598656155,34223.889996797254,211281.43964248837,0.03480685647754008,0.03805878065209142,0.3590166321615132,803.6395383956842,10748.273406833378,18774.319344339714,178562.99782824065,502144.43502295634,231638.494926406,250052.21388265898,102959.21819701057,21.07122018733102,48930.78442105377,20174.001321199776,25575.14991218138,87205.46491899596,46345.0180621552,86311.609609844,26136.862272528342,18293.257247585385,43754.273926421505,186085.5630563792,203238.01682668732,944860.8948146403,747344.1381760517,780492.5531739119,123.31787200676827,1.2642915605911345,1.0421283542482553,108.33720108851023,86588.96764294693,1.4015392443295487,121357.83627757158,10440.780703826083,15547.083146633022,16465.733260470937,918.6501138379153,0.05579162636711836,11618049.31057792,449463.3617623855,598943.8932679275,339112.56444876915,17497.98359989601,865268.8959268907,0.061577689978897676,16.239647839058176,1187634.8298407958,3141279.5524067245,3323215.9464122,4328914.382247521,9708442.83980266,-0.0070859210131182584,-0.0038339968385669165,0.055879569406590654,1.6501137471207172,0.05587956940659043,0.03944002276336502,0.018402523136761627,-0.022236519975328543,0.6222566757921781,6.3264508115980025,0.05253634772754008,0.03590541700297176,0.006806011988387484,0.11843377743876109,220150.82517558424,127.69893946698382,4.885046320009644,4.227775458125259,0.041125687527523415,0.6702235742181647,1.3077778635387187,0.03576150423764723,0.04654558227954437,29555.300000000003,24751.680046530004,175843.91262835814,31046.473572682597,13260.438974543502,0,57.125,208288.96,2.2829331486344326,73.69000000000001,1.043159802404643,1.2044993639701544,169557009.25179604,3.158980458793543,0.0435,0.0304926484848485,0.03050813492075,0.0441803333333333,748710.8213268443,406730.8496033874,1069.1139581448883,1.3490516591948332,4.189277749065834
2031-03-01,409615.98972760525,36432.867731107784,22746.248027192272,236419.75095844673,54583.47715395974,12794.626550775743,63692.23052761309,74909.713133631,99107.91093119717,396.78802601826163,5128.730459744002,0.665084158948831,31724.923899740093,172.6439061150442,1.9096344055402785,1.4072717961351995,0.9664523820844544,0.09795021468480383,8391.792529323422,0.445858932461913,0.6198957701590296,26197660.960926816,78210.47730057572,4306431.491542931,1096.8379366407162,1.1368661901634722,1.0576194973586384,1.329406616939012,1.3616080153274892,128.90112230649297,94911.5724677918,1424.3303598799,129.43599287139492,83497.71924296037,98178.19012731512,525.1758650037796,26746.765236751424,18501.75996666917,0.8750377422078862,0.9920512858194299,1.2016263872536326,1.2446330149716887,34350.88466212421,213306.95778880487,0.034407298359554625,0.03774015953354611,0.3626963756596304,800.1343903725501,10782.768169557441,18839.863536458746,178845.4190964493,509821.5848037933,234468.05299119142,252728.67193689177,103649.26529533716,21.143133759105734,49607.2847240426,20591.145083551462,25859.440335187475,88308.8150139361,46639.2132003966,86723.16261617506,26512.808597894353,18354.694764856606,44278.67585168706,187458.9018306131,206151.01747017863,956603.4205125335,749953.2376915074,784844.749302685,124.32677254896171,1.2755507461628697,1.04816160669745,108.45455256023729,87152.91653991703,1.4283314356698487,124483.2504042742,10461.331831191243,15590.062290935244,16516.88705391397,926.8247629787274,0.05611376304792168,11652838.24400056,454424.94905085873,605403.6942383177,343691.1374718662,17686.704935415022,876022.2695734976,0.06258208400275134,15.979014057058826,1191290.271466003,3172264.9630147996,3333022.6620910345,4363555.234480803,9752890.407714777,-0.007680160096856639,-0.004347298922865152,0.05586275622839257,1.6673154827819812,0.055862756228392346,0.03944002276336502,0.018388773043413596,-0.022736071966278748,0.6168460437052623,6.353180725126896,0.052136789609554625,0.03562429990041242,0.0067827124420797155,0.11908463853862232,220810.04189908353,128.65942598487953,4.892696870199305,4.232504804484323,0.041125687527523415,0.6702235742181647,1.3211748204715308,0.03576150423764723,0.04654558227954437,29643.800000000003,24834.281243473004,176370.45731806217,31139.438723135558,13300.145857885816,0,57.125,208288.96,2.2947578707023015,73.59381183101107,1.037479565747463,1.2044993639701544,170935146.34183103,3.1606790316860365,0.0435,0.0304926484848485,0.03050813492075,0.0441803333333333,751037.4940628277,409226.0947925469,1086.0515047896058,1.3404245143924909,4.208745845641126
2031-06-01,411959.3395522268,36553.78904070573,22874.67107481306,237230.350147974,55308.771709695066,12896.753389592435,64510.73076542046,75399.18197087778,99225.6496383667,396.3301472049519,5151.077373257672,0.6649500746891078,31990.210821896577,174.4450279726873,1.942906292993436,1.422156186194169,0.9710139554153618,0.09805918947544447,8283.184017390555,0.4443540329564425,0.6150164503099959,26613118.369858023,79365.96363150285,4309647.817074096,1113.1458992943305,1.1425754231073522,1.0613555215361528,1.3416344021656335,1.3761835670955667,129.96384135121605,95631.9566035433,1452.6338396926349,131.92809288233352,84230.90657809493,99292.60829126874,526.8040979600428,27014.54694510686,18445.316792445654,0.8776933166707716,0.998264867349665,1.2090775677009395,1.255564209347495,34462.94111691941,215210.3415316533,0.03387192651176323,0.03741114993131909,0.3671056755375201,810.5991895272746,10818.556361082112,18899.16562011746,179078.07316784924,517241.4029799195,237331.1035335823,255362.75941335812,104674.53675656387,21.249982890120553,50304.72379289724,21019.441235050603,26136.03698174604,89398.93692684254,46952.05153700763,87089.68952991001,26877.565300558203,18413.311721033308,44789.36211815615,188759.48866965767,208972.2449769416,968170.9406797619,752313.8593291582,788876.1003312044,125.35090970847314,1.2869242267646477,1.0540625400449448,108.5527694186494,87651.50491735045,1.455831860455043,127605.85347551067,10481.24000617661,15632.31737943428,16568.51652853562,936.1991491013396,0.05650470099231022,11687627.1774232,459466.8613976811,612139.0671995986,348044.44524155546,17883.477032000967,886615.379584335,0.0635992266807084,15.723461623525223,1195025.5358429737,3203496.5986784548,3342867.6997581166,4398522.1345214285,9797702.345422484,-0.008377527237908362,-0.004838303818352506,0.05580973572577287,1.684709889727479,0.05580973572577287,0.03944002276336502,0.018375022763365022,-0.023213326581717528,0.6115728697250788,6.381069797349654,0.05160141776176323,0.035250122986361834,0.0067586668942095866,0.1197192593746602,221469.25862258289,129.6787326025096,4.900745373656499,4.23763210411092,0.041125687527523415,0.6702235742181647,1.3347090166557964,0.03576150423764723,0.04654558227954437,29732.300000000003,24916.933104011005,176897.00200776622,31232.403873588522,13339.852741228131,0,57.125,208288.96,2.306643840315709,73.49774921723794,1.0318302592396302,1.2044993639701544,172324484.74903482,3.162378517895314,0.0435,0.0304926484848485,0.03050813492075,0.0441803333333333,753346.7391821279,411699.59170640365,1103.1038925377518,1.357656050069278,4.2249453749671595
2031-09-01,414412.1834822745,36679.50365764737,22996.46424207109,238026.0254308518,56081.14623876951,13005.238337891768,65351.02400601101,79508.25499639093,99362.07311742523,395.90281873059405,5173.675483579451,0.664819031625052,32252.132253177708,176.27124896186157,1.976773155259733,1.436814091557515,0.9755793206974993,0.09823919400614374,8176.695868030852,0.4429475312866977,0.6103044250855756,27040067.44293675,80547.34283983966,4313290.298604953,1130.124879451928,1.1483360541265402,1.0651793686494087,1.353829662544043,1.3910932262033056,131.03419204894743,96401.71049378207,1481.496029648568,134.48595403869533,84951.55429426549,100461.23585712543,528.5652477519735,27292.461590393046,18392.740613639402,0.8801108728600858,1.004300495153551,1.216669241216579,1.2667033528112877,34585.60477702324,217085.213295819,0.03350878325051765,0.037082628538198735,0.3699517808538804,795.6752828777826,10855.763192562168,18962.163797904046,179347.5823059919,524937.3027991024,240212.738475322,258131.5806668474,109210.45596199785,21.722695770350505,51024.60907865263,21459.38125891359,26407.669006601995,90488.64211193105,47245.68663433141,87449.64090056479,27245.1041512503,18471.83850550888,45318.96778481457,190075.11134213852,211783.84492060685,980067.2957863868,754821.610364832,792989.2139659923,126.38996812704825,1.2984091511184828,1.0598141825956926,108.63434270398115,88173.39006754452,1.4840579621494956,130854.4215794527,10501.421443737185,15675.096927316636,16618.353918884502,943.2569915678669,0.0567599486415475,11722976.271638237,464496.4452601869,622980.3033281104,352653.32818239613,18200.20080882131,897509.6245521966,0.06464288953421292,15.46960550813156,1198829.6147475422,3234946.8507637344,3352755.123958708,4433776.465511276,9842844.100612924,-0.008863400849694836,-0.005289555562013749,0.055867009905931256,1.702346692547514,0.055867009905931256,0.03944002276336502,0.018395024902868283,-0.023684580464882032,0.6064677371974309,6.411283099811952,0.05123827450051765,0.034993470827386845,0.006734670883882936,0.120405296065432,222139.08985264698,130.66272009044326,4.908461820652932,4.242427347276756,0.041125687527523415,0.6702235742181647,1.3483818579788551,0.03576150423764723,0.04654558227954437,29822.225000000002,24996.808346872065,177432.0249594231,31326.86592053183,13380.198972692058,0,57.45,208288.96,2.318591374713556,73.40181199479235,1.0262117144596168,1.2044993639701544,173725115.51624268,3.1640789179124615,0.0435,0.0304926484848485,0.03050813492075,0.0441803333333333,755672.7080319227,414174.7526550138,1120.366025961177,1.3432198449052413,4.237218410021248
2031-12-01,416985.1096647811,36811.79866867629,23109.647260103116,238829.46364308757,56868.98659690129,13117.63778713718,66210.49487740506,79287.49881024215,99494.67819101117,395.48491525120227,5196.55553821473,0.6647113210362028,32519.390820540346,178.1170459240148,2.0113003688787465,1.4512763008166307,0.9801898258293071,0.09847896081880252,8073.816732210823,0.4416129895922572,0.6057163182898246,27476159.32383441,81755.93355921972,4317400.41337657,1147.521238416382,1.1541895577970107,1.0690655268908065,1.3660952199142928,1.4063373664530006,132.10997374201838,97212.3244189588,1510.457259360168,137.10043983531156,85673.32714189957,101627.36632994583,530.2536645099714,27582.09457539699,18342.209800449597,0.8823576882214071,1.0103935425434099,1.2243774246762602,1.2780119250157853,34715.25487273163,219023.18991256235,0.033178510026222394,0.036756506266967894,0.3723160766446127,803.4382122357783,10894.917574930369,19027.376039829443,179624.51890402185,532911.9432481201,243119.93345358432,260991.53825579933,109354.79477702768,21.7377381055182,51769.80799410428,21912.95173736099,26672.913551983314,91590.39976555551,47566.62828733372,87789.89423895348,27613.979913330666,18532.85033835072,45862.31409684051,191388.59858747537,214684.30237297373,992248.8742525439,757417.4960383027,797246.1397539274,127.44251739850779,1.3100421755517841,1.0654926162376495,108.70268066047007,88720.82480268873,1.5129089190477802,134226.5271492633,10522.53548246682,15719.09102068155,16668.773572468122,949.6825517865727,0.056973746222834465,11758325.365853274,469659.98285724036,629002.8370295315,357362.77926724835,18376.14749952435,908665.0665944099,0.06567571225570462,15.226328967801024,1202694.7801355396,3266599.577738121,3362689.3898788537,4469294.3578736605,9888296.258895453,-0.009278444300260827,-0.005700448059515327,0.056022006492319296,1.7201725511157235,0.056022006492319296,0.03944002276336502,0.01841502561599031,-0.024115473675505636,0.6014756413244563,6.442512183286026,0.050908001276222394,0.03475947578561219,0.0067108638066771375,0.12108969821029454,222808.92108271114,131.6624250859289,4.916240938383638,4.247285261176864,0.041125687527523415,0.6702235742181647,1.3621947647300428,0.03576150423764723,0.04654558227954437,29912.15,25076.71081407725,177967.04791108,31421.327967475132,13420.545204155986,0,57.45,208288.96,2.3306007927779198,73.30599999999998,1.0206237639029867,1.2044993639701544,175137130.42627218,3.1657802322288306,0.0435,0.0304926484848485,0.03050813492075,0.0441803333333333,758033.7858730746,416674.82829765335,1137.8732178764967,1.347887452069374,4.245695432648322
2032-03-01,419651.5702071896,36951.68710810104,23227.256393697382,239638.22712429913,57778.20221274138,13236.971965409817,67102.14911568767,79440.00209537045,99637.74189595325,395.0871184738551,5219.851847204534,0.6646204306200689,32788.01076404183,179.98386101618328,2.0469800259108335,1.4655342725316054,0.9846413453214139,0.09879910495085319,7988.010154666424,0.44043042996063686,0.6012850092301054,27928049.6726096,82993.91223866714,4322329.4193010945,1165.3198573498285,1.1600818009293432,1.0729984459526936,1.3783970389256308,1.4219143846220206,133.1931164407278,98081.12902193538,1539.531232553865,139.7714973591319,86402.24603526416,102832.82613615166,531.999654676185,27884.44209329361,18293.980653462528,0.8863723342545038,1.0163673338491541,1.2322138253471935,1.2894985484613197,34852.446782784864,221029.4264300179,0.0329655208258877,0.0364395576109547,0.37365128368526496,808.7634812115575,10936.319328507683,19094.2517127054,179923.42104490605,541140.0912150167,246046.72591928966,264082.89440906787,109663.74290559272,21.769935275062288,52542.13543506094,22386.427222437807,26945.51742784806,92709.47480850643,47888.187536367164,88316.13786416386,27983.28029331507,18593.404342247715,46421.06002583733,192903.44252556397,217634.7117956733,1004927.2902944174,760079.5973988135,801615.5737149671,128.50895276920784,1.3221342643839191,1.072141922409414,108.88654305486608,89288.1605975244,1.5423841472522388,137716.64344293362,10545.155445204506,15765.00729240904,16719.617245803795,954.6099533947545,0.0570951989530855,11793674.460068313,474922.7487267577,635541.0042984058,362370.73027196154,18567.158285225716,920275.4942360425,0.06659977195514732,15.01506642805723,1206611.4470204848,3298452.568766632,3372676.7042519115,4505064.015787117,9934053.231181968,-0.009549474729460626,-0.006075437944393622,0.056284109395504864,1.7382013931218205,0.056284109395504864,0.03944002276336502,0.01843502490279971,-0.024510462847193333,0.5967235720542899,6.47457972492905,0.050695012075887697,0.03460562125794596,0.00668773948246319,0.12171731441168125,223478.75231277524,132.6714642158383,4.924032759430796,4.252155878393425,0.041125687527523415,0.6702235742181647,1.3761491717482268,0.03576150423764723,0.04654558227954437,30002.075,25156.640505626565,178502.0708627369,31515.790014418435,13460.891435619915,0,57.45,208288.96,2.342167405036931,73.30599999999998,1.0206237639029867,1.2044993639701544,176343282.10826254,3.1657802322288306,0.0435,0.0304926484848485,0.03050813492075,0.0441803333333333,760441.4599846074,419215.2091564454,1155.6545185796717,1.3502654830155558,4.251499555534832
2032-06-01,421897.02070555574,37097.80685244429,23333.714261514022,240456.38044018412,58566.7816291276,13357.429343886384,67957.48626952237,79890.13004123633,99441.8794444892,394.6356508617191,5242.474920227863,0.66454540262833806,33067.18596569472,181.86466884279946,2.0836615155254186,1.4795497319724753,0.9891641258245942,0.09886692451779128,7885.9622691886425,0.43937613070490733,0.5970283869543123,28380284.002763305,84251.33925164386,4325338.766389475,1183.322908857803,1.166091757519847,1.0769935113868452,1.3909635457919425,1.4378164442028152,134.29007119504675,98921.73024278149,1568.7739578639716,142.49389291198156,87099.52543935356,103891.38844881838,533.9263890547362,28173.55597883004,18228.91856053284,0.8903670869266112,1.0228853555677158,1.240132151240531,1.301113845031808,34946.57847631343,222880.5317087128,0.03231653904770869,0.03610539145794039,0.3777352863944561,818.1533158849925,10979.56531561682,19143.209116740414,179805.58559807588,548936.0553879855,249034.07084035384,266976.9834641479,110531.99914397253,21.86042099331107,53339.836736304285,22877.697705348462,27209.251872674806,93805.62282393215,48217.870402861234,88539.7765194971,28323.329917766325,18646.093843405564,46929.785116074185,194028.54539674317,220465.42631096966,1016983.5248552341,762028.4312439053,805533.3482235136,129.59274041449834,1.3345742388193322,1.0791018796849852,109.09229838732944,89765.91919285843,1.572425892691056,141150.2556200636,10564.569502602291,15807.044422830153,16770.864794453286,963.8203716231328,0.057469922019166626,11829023.55428335,480243.65909732983,642348.6529161724,366811.40677994746,18766.041895537855,931316.1509345293,0.06770592742256043,14.769755589623427,1210583.219640905,3330509.670354161,3382724.2373338616,4541092.889995066,9980129.638471868,-0.010216291817919845,-0.006427439407688147,0.05633409365216274,1.7563653705249096,0.05633409365216274,0.03944002276336502,0.01845502276336499,-0.024882462171053138,0.5920444293598413,6.50661239693921,0.05004603029770869,0.034154967087530554,0.006663372940746529,0.12239546169190627,224148.5835428394,133.81478116408888,4.9327706985388975,4.25797261367093,0.041125687527523415,0.6702235742181647,1.390246528570852,0.03576150423764723,0.04654558227954437,30092,25236.59742152,179037.0938143938,31610.25206136174,13501.237667083842,0,57.45,208288.96,2.3537914216011173,73.30599999999998,1.0206237639029867,1.2044993639701544,177557740.4347465,3.1657802322288306,0.0435,0.0304926484848485,0.03050813492075,0.0441803333333333,762749.0221481203,421706.1938350519,1173.696341185047,1.2912924299187667,4.2532830865628535
2032-09-01,424310.7275678768,37246.01386510489,23448.513308651174,241227.57805218763,59502.53838338035,13484.477910212505,68868.27848666377,84174.60607279457,99749.86223815175,394.24088529972767,5265.58557274068,0.6644444777441769,33334.1162486717,183.77118249204088,2.1205198938966032,1.493271704291963,0.9936330899771628,0.0990617800909324,7786.938720800756,0.4384308836133029,0.592985801984757,28844531.236584503,85534.19130739878,4329746.936308788,1202.025301368058,1.1720840954085123,1.0810769244278944,1.4033421341191445,1.454061289969999,135.39461531183278,99814.92266522384,1598.550758255358,145.27695461750235,87780.16345497924,105181.41178681828,536.20513601575135,28476.27328875963,18181.10529089831,0.8942567770674706,1.0287326238097358,1.248206039432139,1.3129357121754992,35086.83490059183,224699.67851245267,0.032041861744438425,0.035777288391017716,0.37891588106912144,771.1976120035106,11023.429056193501,19210.27899745396,180273.08142709587,557092.7078574921,251998.19527898784,270146.4907342401,114940.47207649366,22.31985200232272,54157.986966934885,23375.400612616177,27483.629510044873,94897.10822883317,48492.71428722469,89201.99031801378,28686.166058452174,18703.49614966689,47505.6851387542,195686.89766488704,223269.03587720345,1029915.6045298175,764698.2634384345,809554.8319044547,130.68827560446067,1.346826116880488,1.0855025948176553,109.24581777390324,90279.47725211189,1.603137091587285,144730.3785919711,10585.925796451796,15851.511369192476,16819.992564085504,968.4811948930274,0.05757916435197061,11864235.06514587,485482.2431490879,653624.515150147,372008.217411497,19095.463156297774,943158.8744121059,0.06885955511418378,14.522312819793672,1214598.0673364191,3362735.8800957673,3392837.740059412,4577333.947432186,10026484.198634539,-0.010505822999101334,-0.006770396352522044,0.05651409534739264,1.7747776029462334,0.05651409534739242,0.03944002276336502,0.01859131036354713,-0.025361706716069174,0.5875627418661941,6.540880267884861,0.049771352994438425,0.03395969147588047,0.006639462442809565,0.12317796281576167,224815.80770111567,134.80216565854576,4.9402795527639345,4.262560264065369,0.041125687527523415,0.6702235742181647,1.4044882995845145,0.03576150423764723,0.04654558227954437,30181.575,25314.368811055876,179570.03438592193,31704.346449517943,13541.426865675794,0,57.775,208288.96,2.3654731273641176,73.30599999999998,1.0206237639029867,1.2044993639701544,178780562.6127429,3.1657802322288306,0.0435,0.0304926484848485,0.03050813492075,0.0441803333333333,765113.1325184428,424185.94550213433,1192.085826944703,1.308475133459508,4.254768474353976
2032-12-01,426797.0501804233,37396.306965351,23555.324434422906,242035.14734692016,60388.123331991075,13611.413280506074,69779.07001625799,83888.77687843598,99718.44396117644,393.8352596114351,5288.735332181277,0.66437734622915,33613.020429331766,185.69250202326984,2.15849251366417,1.5067836289218497,0.9981509434852703,0.09928106627260637,7694.38471139078,0.43753939435226485,0.5890054399043095,29316005.382498935,86841.73850190623,4333966.063422876,1220.7926626451826,1.1782389098818273,1.0851722457060078,1.4159747842400396,1.4706233452761246,136.5038274597753,100731.4984490768,1628.3936416549734,148.103900002297,88462.58416160196,106373.80459065533,538.9065761165771,28788.433942174455,18126.303234017687,0.8982767381192764,1.0349792611551742,1.256382061724414,1.3248882463149472,35211.06771504957,226599.40424258733,0.0316640111524606,0.03544874343010658,0.3806527740034339,807.5692947325297,11067.910200785207,19269.861747652587,180370.67665789629,565458.3959229662,255021.2711063646,273298.53902000637,114856.68722334091,22.311120325795933,54995.88205035733,23890.00131030217,27753.799783527214,95997.14022244391,48856.931635028486,89574.75857177543,29035.512212950303,18760.34792861827,48064.455120495906,197024.63383383988,226180.40913793872,1042817.6467268908,767070.0574992639,813728.756887725,131.79725646398816,1.3594816069639895,1.0923318439811072,109.43553689054112,90808.48557350744,1.634332548665718,148411.2636678245,10607.154730437043,15895.89006261832,16869.973169999415,974.083107381095,0.057740638939445976,11899446.57600839,490914.79138526326,659788.26932835,377003.4211116544,19275.53556497619,954974.0906712716,0.07003894350626619,14.277771050480407,1218663.643880794,3395111.7703852477,3403018.773450931,4613775.4142660415,10073106.698859911,-0.010866764383120446,-0.0070820321054744645,0.056750290737025325,1.7933328237696942,0.056750290737025325,0.03944002276336502,0.018727572893486165,-0.02580960499896063,0.5831647175345559,6.574270093534528,0.0493935024024606,0.03369468872309604,0.0066155335812080425,0.12396001386510709,225483.03185939195,135.8891274846432,4.9484678066936105,4.267827314164448,0.041125687527523415,0.6702235742181647,1.4188759641770763,0.03576150423764723,0.04654558227954437,30271.15,25392.155927274503,180102.97495745006,31798.44083767415,13581.616064267748,0,57.775,208288.96,2.377212808633478,73.30599999999998,1.0206237639029867,1.2044993639701544,180011806.24324945,3.1657802322288306,0.0435,0.0304926484848485,0.03050813492075,0.0441803333333333,767469.5103714243,426669.80425480194,1210.7732741165098,1.2744043425784612,4.2530775535581045
2033-03-01,429339.29415832437,37548.838174087214,23660.68510407329,242821.88435634982,61302.12478359536,13746.124246217241,70708.31787351816,84016.34775022874,99793.954482297,393.43756925798925,5312.062270528938,0.6643114152457169,33891.32243117208,187.63318792913788,2.197159208821689,1.520146120360464,1.0026884923148047,0.09949434261638132,7601.0545886361115,0.4366939799758553,0.5851107987785158,29793771.37418958,88176.12972118722,4338444.271393176,1239.829653813972,1.1844065204238918,1.0893568803649054,1.428608324478444,1.487498392178517,137.62456641965306,101693.23592703688,1658.334360282125,150.9827344612365,89135.31988835178,107596.94375310112,541.3437797611144,29112.16789582352,18073.516098299366,0.9023738772074937,1.0411722485331742,1.2646779850754495,1.3370002940419032,35341.85253634188,228525.34628330971,0.031319972623635284,0.03512178526649578,0.3819834147152052,786.7370094296639,11113.053741902082,19331.499871974367,180585.8229889126,574026.7631372007,258057.9726244833,276561.9707261912,115093.70961514639,22.335821722014618,55853.83641212605,24417.148367150487,28023.869714960856,97100.17305706361,49165.804166727015,90051.4576280585,29386.704531130643,18817.64339496687,48639.07131781367,198484.4368719697,229139.7349205305,1055990.269431151,769523.6692181545,817893.1627067832,132.92048843159284,1.3722648156748092,1.0991141695777304,109.61671326658168,91349.39213669472,1.6661006037837287,152197.27739422367,10628.8477989575,15940.91006948644,16919.984356865596,979.0742873791569,0.057864959318949756,11934658.086870909,496381.23439057753,666444.0742361547,382168.73373068677,19469.98310243322,967037.0946185486,0.07121956216055146,14.041086039614834,1222771.1518057892,3427636.6577841565,3413268.884897636,4650407.809589946,10119989.20563052,-0.011180098603677635,-0.0073782859608171394,0.0569942713890684,1.8120750761369127,0.05699427138906818,0.03944002276336502,0.01886381035836506,-0.0262420963191822,0.5788744336195478,6.607731113550178,0.049049463873635284,0.03345325826569895,0.006591734039043971,0.12474942274182571,226150.25601766823,136.96417771091683,4.956505111434278,4.272943415074518,0.041125687527523415,0.6702235742181647,1.43341101689134,0.03576150423764723,0.04654558227954437,30360.725000000002,25469.958770175876,180635.9155289782,31892.535225830354,13621.8052628597,0,57.775,208288.96,2.3890107531376694,73.30599999999998,1.0206237639029867,1.2044993639701544,181251529.32395747,3.1657802322288306,0.0435,0.0304926484848485,0.03050813492075,0.0441803333333333,769836.4601485395,429168.2168434365,1229.7547869504153,1.2425108964457143,4.250007122731292
2033-06-01,431523.74918539217,37701.66435494491,23760.917356271617,243616.56551766064,62166.255188892974,13880.228958572061,71626.98928805639,84449.33988486126,99854.28892784363,393.0185979705182,5335.139922764546,0.6642518006718409,34175.47531090229,189.58902486571006,2.2365545535994418,1.5333412937341586,1.0072450029193791,0.09960252844467068,7506.062501538082,0.43590160050056365,0.5813086902842107,30276981.75380731,89529.07661629663,4342113.970067966,1259.0121293421373,1.1906567906112318,1.0935990221555627,1.4414293388189594,1.5046756564052415,138.75570811704026,102640.12443986478,1688.418911245282,153.90832052651615,89778.8738825513,108766.07553629274,543.7098581602139,29426.201089818478,18014.445954600567,0.9065231659839942,1.047579114444317,1.2730689008248022,1.3492411692558517,35456.63533402542,230314.9904300852,0.03080193374700382,0.03478601991591288,0.38440390154498394,794.6811613108148,11158.284583750425,19386.33236823373,180756.70258470334,582229.6085136187,261142.10446354,279739.7989652047,115772.93603484269,22.406607611851072,56728.776560846825,24956.112196145463,28291.097601397076,98182.08775482382,49508.87994613476,90520.22613594931,29725.8639542679,18871.55734032547,49198.10543220367,199905.31286274636,231983.62320812794,1068960.356691125,771706.3712409443,821694.6297741872,134.0575690895974,1.3851905112916363,1.105935824255645,109.79809490741798,91814.17288606401,1.6983845647755407,155935.77405732407,10649.178572531991,15984.318495296538,16970.157101098834,985.8386058022952,0.058092480845296654,11969869.597733429,501906.03261721047,673468.8699561369,387107.5121955561,19675.210606515782,978914.6240465337,0.07243609522952964,13.805272037804922,1226918.471501165,3460298.4024434774,3423589.76146598,4687216.873944642,10167119.146553561,-0.01167116491509754,-0.007687078746188479,0.057129429782569324,1.8309636501939122,0.057129429782569324,0.03944002276336502,0.01900002276336501,-0.026687101509553487,0.5746856874824955,6.64074373626808,0.048531424997003816,0.0330930763540895,0.006567307689152817,0.12553231835149747,226817.4801759445,138.09690697417994,4.964898563353918,4.27841566316356,0.041125687527523415,0.6702235742181647,1.4480949675802968,0.03576150423764723,0.04654558227954437,30450.300000000003,25547.77733976,181168.8561005063,31986.62961398656,13661.994461451652,0,57.775,208288.96,2.40086725003314,73.30599999999998,1.0206237639029867,1.2044993639701544,182499790.25198248,3.1657802322288306,0.0435,0.0304926484848485,0.03050813492075,0.0441803333333333,772159.4661073047,431607.4873663916,1249.0018066447062,1.2700234794705834,4.247309866210136
2033-09-01,433762.5871120081,37851.9358964441,23858.272216727455,244388.3766671611,63069.54691155008,14017.57284054438,72563.68592890336,88950.16096108625,99932.31126136932,392.6069216356597,5358.168710904872,0.6641832866415929,34457.14425038334,191.5642484861407,2.2766776623853633,1.5463980884899715,1.011844142995633,0.09967321351342229,7410.242481549766,0.43513163219335127,0.5775579476820483,30768471.71564765,90902.78496063851,4345700.046175831,1278.5853823085101,1.1969780913026293,1.097922118080798,1.4542773075922273,1.5221543248823657,139.89713330482255,103605.61507173194,1719.0588823698417,156.88551831522278,90395.04725720412,110016.11259367234,546.3991126915289,29746.9422636613,17957.2888993616,0.910783426354724,1.0538943532614018,1.281576547210621,1.3616373296180384,35577.63582507088,232046.3631808666,0.030297499147347577,0.03444283958906407,0.3864508691296274,771.8111495004559,11202.759347758209,19443.00210338649,180955.2380891883,590627.3314235708,264241.5549794118,283003.36301639106,120453.80265799619,22.89442625305446,57616.48792994245,25505.071964119936,28557.82913975698,99246.72075782127,49823.228513847636,91016.69285417673,30066.621287183363,18925.085370920842,49772.09261690371,201370.05212918462,234794.7534879974,1082193.523349658,773962.2076739228,825483.3017684466,135.20886209832497,1.3982511005997473,1.112816927852259,109.97908477857955,92290.52454190273,1.7312380632304996,159776.86896245056,10669.149187920764,16027.317898825637,17019.310504045574,991.9926052199371,0.05828629325291327,12004933.697861107,507403.96889093705,685157.8206407168,392264.5022897393,20016.70013446273,991033.0719229182,0.07373565899523113,13.561959215210583,1231099.839220756,3493065.5677770786,3433981.133628166,4724165.406997834,10214459.05176894,-0.012108855801352576,-0.007963515359636082,0.057266858564722134,1.8500394519317744,0.057266858564722356,0.03944002276336502,0.019110058338813317,-0.0270735736984494,0.5705701940412007,6.674446784369648,0.04802699039734758,0.032743503086208194,0.006542356859235918,0.12637826301919355,227481.9110430195,139.20272157007616,4.973031403239313,4.283627299218359,0.041125687527523415,0.6702235742181647,1.4629293415639644,0.03576150423764723,0.04654558227954437,30539.500000000004,25624.418509690004,181699.56555046787,32080.330082013726,13702.015410537917,0,58.1,208288.96,2.4127825899114,73.30599999999998,1.0206237639029867,1.2044993639701544,183756647.82661366,3.1657802322288306,0.0435,0.0304926484848485,0.03050813492075,0.0441803333333333,774458.8728133971,434004.6880944194,1268.5380142423883,1.2114509314868016,4.240635494870015
2033-12-01,436126.7534341355,37999.656471602015,23950.784321846953,245158.2411341171,64003.45723923735,14155.961135394275,73521.84166562084,88627.8377728085,100018.65194715987,392.2041333931066,5381.3804272384,0.6641137105313499,34740.95461307216,193.55682989770872,2.317596888293694,1.5593055835020975,1.016446596525385,0.09977780462159246,7318.184895693769,0.4344196988336162,0.5739018918236635,31268729.2112199,92299.67322647064,4349566.695344661,1298.4443986001054,1.2033735054573145,1.1022936563133932,1.4672181542912788,1.539924023237476,141.04583269896372,104593.31000618839,1749.7472655724853,159.90836132865758,91003.29009164622,111321.4963082544,548.869694279041,30080.571082592407,17902.318074275274,0.9150679550406098,1.0601843310012093,1.290194861031057,1.3741728911617748,35706.1709857617,233837.80746964095,0.029845352060987887,0.0340958307875555,0.3880427184543991,769.8644669560017,11246.479121001354,19501.94308747689,181174.08409467374,599313.5622973182,267371.5677421223,286355.1411290333,120257.25366328261,22.873942810296914,58516.58387539137,26064.805015092737,28821.739287833057,100312.34840216495,50163.19660955283,91523.86330320609,30409.48874544285,18979.75711094639,50362.06619178337,202864.7353513787,237683.6435414748,1095744.8950393794,776308.4551382188,829402.1482365793,136.37237422490335,1.411481316106496,1.1197227040781967,110.16050502858194,92793.54199074762,1.7645952585932592,163743.04422494775,10689.609035447449,16070.98946268585,17068.433100984937,997.443638299088,0.058437910025195314,12039997.797988785,512977.23451194476,691487.6400303752,397599.5895222039,20201.624093310078,1003442.9202769031,0.07500079624962902,13.33319177934656,1235311.8342237743,3525909.0362595003,3444439.884394961,4761220.870483275,10261973.266021175,-0.012505996478940615,-0.008255517752373001,0.057426456081663954,1.8692828872372587,0.057426456081663954,0.03944002276336502,0.019220070193887405,-0.027475587946260406,0.5665610454674542,6.708336767482241,0.04757484331098789,0.032429617472089174,0.006517143044864655,0.12720908886685936,228146.34191009452,140.30637239811733,4.981085713729783,4.288760405878231,0.041125687527523415,0.6702235742181647,1.477915679787833,0.03576150423764723,0.04654558227954437,30628.700000000004,25701.070208788,182230.27500042945,32174.03055004089,13742.036359624182,0,58.1,208288.96,2.4247570648061476,73.30599999999998,1.0206237639029867,1.2044993639701544,185022161.25208506,3.1657802322288306,0.0435,0.0304926484848485,0.03050813492075,0.0441803333333333,776756.5718160385,436389.8519067096,1288.3635509949286,1.204374691546839,4.23513485399285
2034-03-01,438545.6236043067,38146.77386817932,24040.181636818616,245926.96409488952,64949.57313052403,14297.642581767172,74495.14533357263,88746.02460825295,100115.45806611211,391.8070532246745,5404.776761395925,0.6640535523157393,35027.50586270018,195.56656917673288,2.3593382679978943,1.5720643983454532,1.0210711756668307,0.09991282688269328,7229.448067773807,0.4337438309302354,0.5703095294405214,31776954.9325095,93721.03807117535,4353679.69260004,1318.5279212154237,1.2098341129029613,1.1067213421942848,1.4802513922935976,1.5579714938119409,142.20331492413405,105618.96355854213,1780.5228244593204,162.97594105193406,91607.92705383609,112628.57255563224,551.2423796478763,30425.160819089226,17847.625551721594,0.9194202233573033,1.0665294419659048,1.2989217505254598,1.3868443082041157,35836.91066141813,235680.23072219925,0.029423935666930644,0.03374706604797793,0.3893422842997497,768.7229607724294,11290.020375911887,19561.141139073767,181406.1354183256,608194.5025990357,270532.2016896398,289786.4854234952,120456.02441917255,22.89465779490459,59431.586267513645,26636.977119364885,29084.63182460651,101384.44704047752,50507.718756089576,92048.17681666353,30751.373575748494,19035.018120094057,50961.274926936996,204385.4034394431,240646.2902649459,1109511.178471225,778664.9356184464,833369.0014747865,137.54854603149266,1.4248890789815258,1.1266730475687987,110.3422635383868,93308.19863342901,1.798446125365167,167809.76829709377,10710.560964074048,16115.337725469974,17117.794795470367,1002.4570700003933,0.058562274134577624,12075061.898116462,518635.63510777237,698373.7325896476,403020.038720752,20402.799422124415,1016049.5769090697,0.07624958011734118,13.114826317221562,1239549.124995092,3558819.620183555,3454962.9253146634,4798368.745178647,10309644.18163625,-0.012857397050131936,-0.008534266669084647,0.057631494165630695,1.888692025339354,0.057631494165630695,0.03944002276336502,0.019330058333700516,-0.027864325002785163,0.5626347009981519,6.742092612075606,0.04715342691693064,0.03213721738280816,0.006491817209660077,0.12803398144524775,228810.77277716948,141.42472900555606,4.989182136738814,4.2939356250566645,0.041125687527523415,0.6702235742181647,1.4930555389829332,0.03576150423764723,0.04654558227954437,30717.9,25777.732437054,182760.984450391,32267.73101806805,13782.057308710446,0,58.1,208288.96,2.436790968200423,73.30599999999998,1.0206237639029867,1.2044993639701544,186296390.1403655,3.1657802322288306,0.0435,0.0304926484848485,0.03050813492075,0.0441803333333333,779056.0430999212,438775.89472345734,1308.4661646455486,1.1879123106868894,4.228133271706258
2034-06-01,440600.80043039744,38293.220115053155,24124.950273084756,246695.07865309328,65841.73674513651,14440.112054109499,75455.01568430492,89190.28137552984,100221.73464541753,391.38882270687685,5427.900331787398,0.6639973721229433,35319.45790398693,197.59083203327222,2.4018312366623724,1.5846859829998248,1.0257102268525762,0.0999412696805421,7138.643979722965,0.43310604939782704,0.56678875319494,32290977.636041638,95158.61428838722,4356952.038886305,1338.7887700272872,1.2163644731454268,1.1112069167076202,1.4934584785272393,1.5762855284957054,143.372782873712,106641.47375503759,1811.431295851791,166.08725631416354,92178.19133123594,113889.07044384113,553.4016963766637,30758.842259792003,17786.463042281808,0.9238162335642672,1.0730899711375237,1.3077361008028205,1.399631633088617,35950.31241122121,237384.5230557112,0.028827135066471395,0.0333862926732841,0.3917249513970866,768.114558203757,11333.362995575999,19613.143592938835,181616.6536918594,616678.8184710594,273738.53429910104,293137.1804983805,121111.07064149686,22.962923734489166,60361.048706858935,27220.82525920787,29344.732428580362,102429.04278250414,50856.61212644316,92586.46542140705,31080.673734292992,19086.47511268082,51542.96335576132,205886.13762414217,243487.73299476414,1123028.0187031329,780734.9828874674,836932.8213562885,138.7384531710365,1.4384240836827087,1.1336302780551155,110.52149509454492,93745.47320007415,1.832779615584825,171814.79233444942,10730.065018975898,16157.965350763296,17167.257106941808,1009.2917561785125,0.058791667742877335,12110125.998244138,524341.738280218,705635.317198086,408186.46385031467,20614.944649441844,1028427.802622578,0.07752196326761487,12.89957010696289,1243808.19306676,3591792.6078862306,3465549.140360196,4835600.800952991,10357462.452456126,-0.01337893236401421,-0.008819774757201505,0.05773520225005649,1.9082414254767643,0.05773520225005649,0.03944002276336502,0.019440022763365004,-0.02825979752056651,0.5587935434975132,6.775561174831478,0.046556626316471394,0.031725709138185336,0.006465635778597406,0.12884335780762712,229475.20364424452,142.6016035952823,4.997626468838425,4.299458753325679,0.041125687527523415,0.6702235742181647,1.508350491827544,0.03576150423764723,0.04654558227954437,30807.100000000002,25854.405194488,183291.69390035258,32361.431486095218,13822.078257796711,0,58.1,208288.96,2.4488845950338027,73.30599999999998,1.0206237639029867,1.2044993639701544,187579394.5139648,3.1657802322288306,0.0435,0.0304926484848485,0.03050813492075,0.0441803333333333,781300.7595829912,441090.43308044143,1328.8254228308288,1.1699542705607913,4.2206067430485605
2034-09-01,442735.199383362,38436.33703215581,24206.457686245627,247441.2181339812,66783.03517293079,14584.77107668918,76435.19488197613,93931.54245625173,100337.34774227317,390.9855123373195,5450.970750593452,0.663929705395791,35607.90776818149,199.63547715074768,2.445101861510755,1.5972065999490996,1.030399134333485,0.09998819496737354,7049.012323972453,0.43247250448422947,0.5632932603812193,32814607.505186457,96615.71725013286,4360218.8941387925,1359.4804763555842,1.2229462608961843,1.1157703973813047,1.5066985158831607,1.5948664839071411,144.5526916214453,107687.0890202836,1842.907981220603,169.2478192107406,92726.55896356907,115236.02296641856,555.6722886824879,31100.664849271347,17727.65523751577,0.9283306506230877,1.0795371429560436,1.3166709388622508,1.412572174039373,36071.14178945205,239042.42167204342,0.028331524354276886,0.03302029520615607,0.39334358258004665,746.1394808879122,11375.720257970199,19667.498423344794,181848.6431925858,625395.423738916,276961.8047949446,296590.75500115106,125981.402232741,23.47048755339799,61300.82569674418,27814.79477878854,29603.19691693579,103461.54857265238,51186.43572240461,93146.23531137945,31413.058286254814,19137.66228641752,52141.8063552409,207428.3222392927,246309.10435985346,1136843.2481008254,782898.6706024446,840522.4189997197,139.94216343825934,1.4520949824708715,1.1406646681417187,110.70124480253558,94199.60365024117,1.8676565554486706,175932.50727803944,10749.187055781693,16200.157806375144,17214.95414031631,1014.7963339411654,0.05894853086223554,12145052.515019298,530004.3439981434,717803.8386198945,413614.2111407594,20970.4447065708,1041079.2821721291,0.07882980808428211,12.685556698689847,1248084.0622310862,3624792.5985211097,3476197.35443601,4872876.660752196,10405386.526331145,-0.01380174805114753,-0.009112977199268346,0.05785492256194913,1.927987668120798,0.05785492256194913,0.03944002276336502,0.019440022763364893,-0.02855299996263324,0.5550006617783831,6.80981404587232,0.04606101560427689,0.03138331751523805,0.006439092296914972,0.1296973788982747,230137.02743953167,143.74326070672697,5.0057577158816455,4.304668796538302,0.041125687527523415,0.6702235742181647,1.523802127110558,0.03576150423764723,0.04654558227954437,30895.95,25928.880723982504,183820.3209701854,32454.76429533528,13861.942174011001,0,58.425,208288.96,2.461038241709628,73.30599999999998,1.0206237639029867,1.2044993639701544,188871234.80876234,3.1657802322288306,0.0435,0.0304926484848485,0.03050813492075,0.0441803333333333,783516.578490037,443357.8986478895,1349.4740653117292,1.1546381515680881,4.213327240542442
2034-12-01,444989.2409245182,38576.8378688409,24283.08378762924,248184.66643324858,67750.02521423744,14730.09480840011,77436.09128363931,93574.34079870596,100461.9270495812,390.5876555778453,5474.216571746289,0.6638701337254661,35900.20497823597,201.6966748410928,2.4892246195115058,1.609592665660127,1.0350699368766894,0.10008243123568973,6962.968643875608,0.43190262702576065,0.5598970833556062,33346597.48729293,98094.48352187627,4363714.696382051,1380.406741992085,1.229610824716772,1.1203729419330586,1.5200526290112808,1.6137043887805151,145.74031772184767,108758.81516527438,1874.4148350305259,172.4506281057854,93270.68498078924,116616.76868918378,558.046589255327,31453.617475985302,17670.6216421921,0.9328202006537143,1.0859803594220827,1.3257076634215283,1.4256381306686066,36198.359995399915,240771.0230277441,0.027873894571912684,0.032651668016371864,0.3946829462566242,743.4482992673875,11417.30325826503,19723.73025436818,182099.6389415414,634393.6302449261,280220.10312369367,300128.6439475366,125707.01466972765,23.441892128890444,62251.612574222934,28420.232358902245,29858.742682773267,104497.95071040333,51540.105171984425,93712.91494844914,31747.17155688977,19189.948042199412,52755.604867394046,208995.19941493237,249214.84760706298,1150962.7286747757,785137.075503428,844238.4281093661,141.157618071042,1.4659385560386777,1.1476969456376853,110.88110133899227,94679.1901391488,1.9029996816205446,180174.46869089117,10768.763223813401,16242.979795559691,17262.851247655424,1019.8714520957328,0.05907896420956341,12179979.031794457,535767.4933665651,724299.9970782696,419189.5332114889,21160.228216252777,1054009.3837715609,0.08014492349411424,12.477396650998598,1252373.2031478612,3657797.2505441243,3486903.7436403357,4910170.453691985,10453386.70847526,-0.014180136524204367,-0.009402363079745187,0.05802840013957268,1.9478937679045738,0.05802840013957268,0.03944002276336502,0.019440022763365004,-0.02884238584311019,0.5513151869893992,6.843973719842639,0.04560338582191269,0.031067239753926126,0.0064123754697205685,0.13056389675877303,230798.85123481884,144.89202837544886,5.013874956325027,4.309864833151086,0.041125687527523415,0.6702235742181647,1.5394120498965183,0.03576150423764723,0.04654558227954437,30984.800000000003,26003.355732816002,184348.9480400182,32548.097104575347,13901.806090225291,0,58.425,208288.96,2.473252206102271,73.30599999999998,1.0206237639029867,1.2044993639701544,190171971.87685135,3.1657802322288306,0.0435,0.0304926484848485,0.03050813492075,0.0441803333333333,785723.1151221816,445608.7528058415,1370.4020591983053,1.1372567575136383,4.205403109611705
2035-03-01,447299.0783233708,38716.014844288526,24356.235381490285,248925.6561537118,68730.79059527721,14878.635022753408,78451.82801758431,93681.33904822866,100595.1707931439,390.1953129155323,5497.631588214868,0.6638164873002554,36194.74357780976,203.7751702477798,2.534228182632457,1.6218090379648904,1.0397179400726988,0.10021278463863191,6880.2689684232655,0.43138805163000715,0.5565874127514007,33887119.28180812,99596.61921403391,4367427.679692006,1401.5660149259727,1.2363321998403884,1.1250224302054297,1.5335055957893564,1.6327891593581356,146.93758472861953,109869.16894748367,1905.9920133067073,175.6968677599895,93811.90383025297,118002.0343296301,560.1806388475359,31816.965840920937,17613.772331929158,0.9372987473443216,1.092442109422979,1.3348475175862684,1.4388324763670521,36327.13118347271,242555.6361484305,0.027460086680723094,0.032283177669979055,0.395739942877203,740.9897204632289,11458.494445076563,19780.02188347045,182361.0961920162,643588.4411887465,283510.7959669235,303747.38842401956,125851.7788699203,23.456978795766094,63215.08933130296,29038.439553250482,30112.398069028186,105540.49504338359,51897.36621430556,94287.72757330186,32079.41826175569,19242.026601188794,53378.20916219198,210576.94159843834,252189.4463692692,1165290.5205961103,787377.8608252436,848002.3703006898,142.38530904191572,1.4799635094025823,1.1547251359835675,111.06138419645113,95170.64816591395,1.9388220679827726,184518.95288829814,10788.763353827224,16286.394942042092,17310.89365370903,1024.498711666938,0.05918230755762186,12214905.548569616,541606.9069115573,731371.7268411636,424852.9552807255,21366.82688568551,1067130.2492501512,0.08141842149172711,12.282232714393874,1256670.5227105208,3690802.2455393574,3497665.227824374,4947472.768249879,10501450.507217191,-0.014513350321328378,-0.009690259332072418,0.05823934763658044,1.9679669210812123,0.05823934763658044,0.03944002276336502,0.019440022763365004,-0.029130282095437422,0.5477359535279663,6.878001933315735,0.04518957793072309,0.03078134950139847,0.006385685984583143,0.13140857160290506,231460.67503010598,146.05438901186372,5.02202240682026,4.315091079815722,0.041125687527523415,0.6702235742181647,1.5551818816923484,0.03576150423764723,0.04654558227954437,31073.65,26077.8302209885,184877.575109851,32641.42991381541,13941.670006439579,0,58.425,208288.96,2.4855267875644316,73.30599999999998,1.0206237639029867,1.2044993639701544,191481666.98940983,3.1657802322288306,0.0435,0.0304926484848485,0.03050813492075,0.0441803333333333,787923.4208541415,447857.58852925256,1391.600071260487,1.1189569233494678,4.197343700205147
2035-06-01,449231.0293655274,38853.7402139067,24424.35663239557,249664.59534289085,69652.15371603807,15027.54453205537,79451.60364733812,94131.88932479592,100736.75615189728,389.7805500664246,5520.73899318606,0.6637669446740304,36495.063667611634,205.86790555662913,2.5800235087023906,1.633864901736162,1.0443518604603468,0.10023858395606468,6795.519488827188,0.43092041355634275,0.5533588804979291,34433733.326295234,101113.23666089031,4370234.82371279,1422.9097063648096,1.2431216418570692,1.1297149230129866,1.5471511100496953,1.6521123058454976,148.14750704122253,110971.88279625875,1937.6879254304556,178.9851007011078,94320.43030967592,119317.33762294616,562.0850268025015,32167.312295475564,17550.333404694287,0.9417673822379304,1.0991127114209296,1.344067256524567,1.4521327091729737,36437.418348568404,244199.73124587547,0.026867685603242656,0.031904255400041576,0.39794505654772694,738.9391891790438,11499.256010776518,19828.755652332595,182598.26355749255,652343.0723849382,286851.411512396,307270.4969871659,126488.90131858538,23.52337680113771,64190.74233551933,29668.35084039069,30362.44631816618,106555.19662994625,52258.25094333192,94870.59113631303,32397.50790544876,19289.794534774854,53981.12691358509,212128.58049012173,255030.44365054672,1179327.6078042637,789317.7924411691,851349.2281968944,143.62618321250272,1.4941099762723016,1.161722879272241,111.23864697863011,95581.70430668679,1.9751078519707774,188784.17468088615,10807.185410820068,16327.924404006128,17359.035047386493,1031.1106433803652,0.0593990713664897,12249832.065344773,547493.3322170768,738816.5659972689,430230.8666241435,21584.32584497304,1079984.8980320876,0.08271406295378156,12.089842576815187,1260972.4158941475,3723804.670688259,3508480.0436291387,4984777.086582406,10549569.641354484,-0.015022281852145877,-0.009985712055346957,0.058348616500676145,1.98817759668701,0.058348616500676145,0.03944002276336502,0.019440022763365004,-0.02942573481871196,0.5442491028050394,6.91176073568885,0.04459717685324266,0.030374176974576977,0.006358259090526935,0.13223607696335768,232122.49882539312,147.2789090888941,5.030528660677216,4.320676129842081,0.041125687527523415,0.6702235742181647,1.5711132606157883,0.03576150423764723,0.04654558227954437,31162.5,26152.3041885,185406.20217968378,32734.762723055468,13981.533922653869,0,58.425,208288.96,2.497862286934479,73.30599999999998,1.0206237639029867,1.2044993639701544,192800381.8395816,3.1657802322288306,0.0435,0.0304926484848485,0.03050813492075,0.0441803333333333,790059.3120871583,450030.3867343819,1413.0500680202053,1.0993243215462467,4.188996745538853
2035-09-01,451202.67433524725,38987.44237473812,24488.194974093854,250379.39871391916,70612.09052112827,15176.84417804042,80468.15593885651,99116.29392878774,100886.3695468538,389.3641292705916,5543.777388055637,0.6637025163587876,36793.283824729035,207.978123171284,2.6266284805959823,1.645776847335166,1.0489763259078313,0.10019416603349328,6709.112051286233,0.43048731801106344,0.5501941930288075,34989833.54191491,102646.36184932559,4372829.214798644,1444.7146351126612,1.2499601804750171,1.134465986092348,1.5608600710053255,1.6716779286398145,149.36924105895102,112075.94454590521,1969.9660983889603,182.3213568470951,94802.88998342422,120725.17241739124,564.0603867691286,32522.63293332373,17488.418883261595,0.9462505613991996,1.1056725419181206,1.3533787572043485,1.4655586470958764,36552.54498776506,245782.2183291691,0.026238293003243825,0.03151341029520727,0.4002350737443629,714.8033710283053,11538.826856932645,19878.91796952156,182851.251387402,661263.981623415,290215.0004807679,310855.66811725416,131624.18774270522,24.058553008298396,65174.446911966355,30308.211255085105,30609.26860932576,107550.6530597668,52598.04917005644,95463.78382123754,32716.262944313574,19336.46456078471,54598.25903595631,213704.33036229215,257819.72835640822,1193604.2131162675,791314.5899497047,854675.525823669,144.87997863346658,1.5083813799584755,1.168733212055096,111.41654803730881,96001.20602000276,2.0119235739739696,193147.0895215753,10825.166130750102,16368.94351880574,17406.841646945915,1037.8981281401757,0.059625868363421444,12284620.998767413,553353.840596262,751489.1898956123,435810.57174479676,21954.55311940268,1093058.8886943054,0.0840737764487016,11.89431523407491,1265273.7793685081,3756771.875961452,3519346.3140175287,5022045.6553299595,10597704.480490427,-0.015551103048023589,-0.010275985756060146,0.058404769982225865,2.0085571083658573,0.058404769982225865,0.03944002276336502,0.019440022763364893,-0.02971600851942504,0.540846068478409,6.946474047767232,0.043967784253243825,0.02994266935620984,0.006329988505715086,0.1331033471069981,232781.71554889245,148.47979922044982,5.038806651469747,4.326032916804015,0.041125687527523415,0.6702235742181647,1.587207841565557,0.03576150423764723,0.04654558227954437,31251,26226.873061207498,185932.74686938783,32827.727873508426,14021.240805996182,0,58.75,208288.96,2.510259006543821,73.30599999999998,1.0206237639029867,1.2044993639701544,194128178.5453869,3.1657802322288306,0.0435,0.0304926484848485,0.03050813492075,0.0441803333333333,792150.7320902963,452144.97444800695,1434.7916401557804,1.0749691707592213,4.178939605126741
2035-12-01,453313.54381836567,39118.09154573521,24547.299954155777,251087.38627654442,71611.61360833932,15325.775838224836,81506.98967898305,98732.56433321246,101043.69224341697,388.9568030731963,5566.9853668640235,0.6636317857198972,37091.7519575134,210.10551083193494,2.6741370588640465,1.6575599819227442,1.0535973120996507,0.10017499097871935,6626.2502935749,0.43008869631889995,0.5470878848982837,35557518.52392933,104199.58028260666,4375683.199458532,1466.9489288889752,1.2568743142906478,1.1392490711265069,1.5746706810467848,1.6914814656300516,150.5992092170663,113199.73742663887,2002.259361124938,185.7006296176394,95281.28250202657,122206.8608620376,566.0626662391223,32890.0514938794,17428.625708149637,0.9507514910229654,1.1121788185635575,1.3627870084140328,1.4791063960763504,36674.852613549745,247439.17343781068,0.0256666820920733,0.03111485458600489,0.4020593672625689,707.9875626252615,11577.494132119538,19931.304943516378,183123.47550863272,670498.9627687484,293611.97962685616,314534.1680460655,131334.1664566293,24.028328308240972,66167.52682043072,30959.806107481898,30852.870797566393,108549.11152823719,52959.57470390283,96067.44105889433,33037.33346187171,19383.74834927631,55232.03801753048,215310.12088757285,260701.2480422366,1208208.70519856,793399.943691355,858145.6091484686,146.14503301127098,1.5228242622860135,1.1757647144340202,111.59526518636513,96450.3301667706,2.049213986175368,197647.36554897833,10843.57512696309,16410.560493827114,17454.47399615196,1043.9135023248455,0.05980778457078576,12319409.932190053,559260.9409197604,758174.3791255736,441602.02084085456,22149.859111871887,1106433.1460151118,0.08542729917522152,11.705859949392542,1269570.3386776624,3789678.3748342237,3530259.605322784,5059248.713511886,10645820.82997761,-0.016023821717506315,-0.010575649223574724,0.05848448716913973,2.029102440456056,0.05848448716913973,0.03944002276336502,0.019440022763365004,-0.03001567198693973,0.5375172152104319,6.981963124529367,0.043396173342073296,0.029550801002128372,0.006301180380411167,0.1339770369577743,233440.93227239174,149.67040687312718,5.046950527501835,4.331255589005505,0.041125687527523415,0.6702235742181647,1.6034672963932581,0.03576150423764723,0.04654558227954437,31339.5,26301.443619397498,186459.29155909186,32920.69302396139,14060.947689338496,0,58.75,208288.96,2.5227172502243165,73.30599999999998,1.0206237639029867,1.2044993639701544,195465119.6526465,3.1657802322288306,0.0435,0.0304926484848485,0.03050813492075,0.0441803333333333,794222.2452614722,454237.753302634,1456.8538384441931,1.052410903233536,4.1690503809579615
2036-03-01,455490.1683883662,39248.021350813906,24602.286076349257,251791.48770241908,72625.62778633894,15476.94496537871,82561.1093642073,98844.19629551841,101208.40754104548,388.55544598625295,5590.367337834831,0.6635660651609971,37392.827896305156,212.24965080048224,2.722590155859052,1.669232897354246,1.0582262125642152,0.10019459555909008,6546.779381981618,0.4297137185463115,0.5440241425863327,36135184.42331618,105774.75455904186,4378767.335348705,1489.491093608663,1.263850054532235,1.1440691282008881,1.5885982869224424,1.71151442508114,151.83864978291103,114360.93810149004,2034.611484197723,189.12097138048836,95759.05854396838,123699.84708278555,567.8400839219372,33268.2152895557,17369.01282781599,0.9552941250105282,1.1187374658245823,1.3722903600796996,1.4927714230981473,36798.74038683154,249164.7758483309,0.025136268618562118,0.030711538785638412,0.40357798967185005,704.1014258746582,11615.948501861154,19983.78268385297,183404.94343954598,679942.7075474423,297045.3791435975,318292.8355069707,131498.7706424984,24.04548260823531,67173.55469781057,31625.467042132885,31093.600599211655,109554.98160337897,53327.26423561235,96683.79712563199,33357.58746946551,19431.365394865523,55874.71054048378,216937.02053044678,263672.6970503909,1223027.2783492422,795488.9106060163,861678.711651185,147.42195398232957,1.5374535589014546,1.1828308248515322,111.77485596254363,96913.44485038961,2.0869575963740057,202254.24992129387,10862.426791747366,16452.7941295822,17502.2290608814,1049.4349312992017,0.059960068407107936,12354198.865612693,565251.471903215,765487.7978738898,447481.58356646076,22363.51865954502,1120003.4509136102,0.08673579034674299,11.529266015820088,1273857.4371263483,3822521.100347136,3541216.4894648674,5096378.537473485,10693907.538081292,-0.016451136473029305,-0.01087586630595301,0.058607190467498654,2.0498095586350686,0.058607190467498654,0.03944002276336502,0.019440022763364893,-0.030315889069317904,0.5342491284571008,7.017637428335778,0.042865759868562114,0.029187319513541754,0.006272048935697508,0.13482593299961332,234100.14899589104,150.8763562353399,5.0551328108365485,4.3365166685096215,0.041125687527523415,0.6702235742181647,1.6198933140770457,0.03576150423764723,0.04654558227954437,31428,26376.01586307,186985.83624879588,33013.65817441435,14100.65457268081,0,58.75,208288.96,2.5352373233157204,73.30599999999998,1.0206237639029867,1.2044993639701544,196409858.95568708,3.1657802322288306,0.0435,0.0304926484848485,0.03050813492075,0.0441803333333333,796278.8780603004,456326.68916976696,1479.2379515822197,1.030134346458711,4.158740509159142
2036-06-01,457158.26497818006,39377.75759958668,24652.834282210526,252491.6988542663,73470.62737700246,15622.947734334999,83553.96610060797,99356.73272872108,100862.14134606268,388.08588154191034,5612.572573839789,0.6634973248733619,37705.30668299134,214.4033290078237,2.772666967561677,1.680802469938572,1.0628136646108592,0.09984865170818938,6457.095029284685,0.42939541258769004,0.541008303034876,36716261.26305938,107358.70205942579,4378986.101228269,1512.2199580974545,1.2709361028939627,1.148926817257781,1.602915550208312,1.7317713104780725,153.0971838156799,115457.31825361795,2067.1044484059234,192.58060675966348,96192.25536730855,125060.23018522059,569.2056388218965,33625.319788737725,17288.816855168447,0.9598623014435691,1.1259050336891625,1.3818347324657287,1.506503775475659,36862.442013435604,250700.4033107019,0.02402227226926804,0.030269275251086428,0.4085894400840809,700.2111518472084,11654.345586165071,20011.533383878555,183069.93359854526,688710.6528573271,300566.5112629062,321730.1792543011,132476.3925866614,24.1473659231867,68193.27088192411,32313.619035308122,31332.17712792333,110517.86071203304,53697.91814379012,96813.76712095829,33635.43473888127,19465.565923764192,56435.36060825792,217939.68839186168,266447.81436206744,1236823.8840510063,796593.5750087269,864654.0113593715,148.71564163206529,1.5526410205356147,1.190472319008879,112.01138625224216,97268.36137347078,2.1251348132238905,206708.3809800047,10876.113133221617,16488.685707061406,17549.89556846394,1061.2098614025344,0.06046815354129581,12388987.799035333,571218.4747445213,773153.1293885858,452544.64593089337,22587.4592433618,1132637.8755666127,0.08815196868566963,11.344046138842097,1278131.106836075,3855300.4867503108,3552215.8993337695,5133431.593586385,10741960.004063094,-0.017438408200163704,-0.011191405218345316,0.058387971238757636,2.0706087927397334,0.058387971238757413,0.03944002276336502,0.019440022763365004,-0.03063142798171032,0.5310831300319651,7.053155214965309,0.04175176351926804,0.028427440598333503,0.006240128291134322,0.13564426672489266,234759.36571939036,152.25762819262812,5.064403354563863,4.342866008406339,0.041125687527523415,0.6702235742181647,1.6364876008970703,0.03576150423764723,0.04654558227954437,31516.5,26450.589792225,187512.38093849993,33106.62332486731,14140.361456023125,0,58.75,208288.96,2.5478195326731687,73.30599999999998,1.0206237639029867,1.2044993639701544,197359164.4562782,3.1657802322288306,0.0435,0.0304926484848485,0.03050813492075,0.0441803333333333,798126.9296118196,458312.52443406836,1501.9203942572833,0.9217811428088529,4.146068046943174
2036-09-01,458993.9604042195,39504.54391887386,24698.402219490603,253115.90183852217,74518.45181544957,15769.616357834058,84613.79356078307,104653.85752353618,101167.97793341945,387.65867339351666,5635.2736241172925,0.6633777219276633,38000.20890939821,216.57956498763033,2.822644050142658,1.6922542883130294,1.067424824659477,0.09954928877046233,6367.743924667351,0.42906866091148294,0.5380531717093656,37312965.77765992,108958.92474798464,4380391.827476732,1535.9085308555232,1.2779976821985075,1.1538792493386378,1.617015894938762,1.7522845478914915,154.36600634532047,116581.8382581544,2100.1971941269453,196.09322915764136,96601.04456097481,126766.53788565943,570.6148691279066,33994.833474660256,17227.11750532844,0.9644250061773907,1.1322813007559867,1.391493687650697,1.5203887714180127,36980.63370564625,252185.0350748058,0.023215955636558434,0.02980885564131387,0.4114318692091666,624.2029842558841,11691.869601513934,20060.887419241586,183481.6165636357,697849.264210569,304061.9316080136,325478.5334668814,137907.6585039202,24.713387767660127,69223.20188054345,33001.98616575712,31564.500790515463,111465.93971884238,53993.1158248044,97568.92774339217,33948.12276257647,19505.943017209513,57085.527372597615,219698.08089577575,269188.56684646866,1251669.4542483522,798558.1974717563,867691.5835209469,150.01953108413227,1.5674116617114406,1.1973847026771716,112.17508484114124,97658.93746002617,2.1638967439772228,211323.85679002583,10891.594100517836,16526.86772463513,17596.00415212015,1069.1364274850202,0.06076017823634977,12423776.732457973,577019.1984094043,786429.2801294005,458579.65629063617,22975.31839101089,1146232.9033686498,0.08961020981347256,11.159442680488555,1282387.1241905368,3887972.9983972437,3563257.3021415276,5170360.1225877805,10789929.935872247,-0.0181414798724756,-0.011548579867720166,0.0581918532614283,2.0916258794413105,0.058191853261428075,0.03944002276336502,0.019440022763365004,-0.03098860263108517,0.5279556036242571,7.091659506026086,0.040945446886558434,0.02787672625367483,0.006206923881638759,0.13655045858507722,235418.5824428897,153.42541422545244,5.072201098115935,4.347742548127814,0.041125687527523415,0.6702235742181647,1.653251880612721,0.03576150423764723,0.04654558227954437,31605,26524.86444825,188038.925628204,33199.58847532027,14180.06833936544,0,58.75,208288.96,2.5604641866746976,73.30599999999998,1.0206237639029867,1.2044993639701544,198313058.22417107,3.1657802322288306,0.0435,0.0304926484848485,0.03050813492075,0.0441803333333333,799964.0852541239,460242.4471682162,1525.0348477473856,0.915389102393771,4.1357435509034035
2036-12-01,460923.2810637568,39630.58878965571,24740.549508132506,253770.2771970985,75507.27363309356,15909.537016223338,85666.93344926747,104293.57914963832,101023.16550471394,387.21989302262176,5657.878327855968,0.6632751095931912,38305.937270688904,218.7679496210223,2.874274679733634,1.7036420004627795,1.0720627584999252,0.09924598600328001,6284.948285919873,0.4287585627345109,0.5350952843336961,37921312.045591414,110575.88134589653,4381386.199734413,1559.7552445978322,1.2852324195700844,1.1588055190068443,1.6314647356157816,1.7730303821407951,155.6402921587215,117717.40192314645,2133.310130796956,199.63762612631618,97014.80632141132,128431.32575179407,572.260859670086,34372.93959896688,17157.10031378996,0.9691032133952199,1.1390969680083427,1.401223696037459,1.5343554990570192,37076.18297793786,253784.66660375742,0.022290908251103667,0.029324471617672224,0.4148668999855565,654.3753585763334,11729.174175796514,20100.031582846826,183401.48037928858,707220.1716132046,307637.9151784713,329174.0856206977,137814.95759789977,24.703726900634024,70266.23798618797,33712.86834767753,31797.356305830603,112421.29186829375,54407.573092475715,97901.87431797541,34243.25801516622,19543.60094725313,57705.47950816466,220983.7727885594,272073.08974420803,1266374.0974364928,800116.3983285343,870929.5504275227,151.33411852078922,1.5827373065207349,1.2049181518685002,112.39250149445279,98069.43394120896,2.203009308408055,216047.8758427922,10906.411222319592,16564.28955017556,17642.54690447254,1078.2573542969803,0.06111687158705323,12458565.665880611,582978.6288160563,793395.3572908561,464358.2020999064,23178.830448311775,1159698.8753929203,0.09105259639957868,10.982663202832372,1286620.7906229724,3920515.9885215587,3574337.412977099,5207136.779144531,10837786.70326457,-0.018938085480605295,-0.011904522114036739,0.05801699227157105,2.112760292254614,0.05801699227157105,0.03944002276336502,0.019440022763365004,-0.031344544877401743,0.5248648696227152,7.1297246571074,0.04002039950110367,0.027245825535289734,0.006172020570929855,0.13742327891275982,236077.79916638898,154.70810837330436,5.080683923555577,4.353304169736859,0.041125687527523415,0.6702235742181647,1.6701878946416842,0.03576150423764723,0.04654558227954437,31693.5,26599.139104275,188565.470317908,33292.55362577323,14219.775222707754,0,58.75,208288.96,2.573171595228803,73.30599999999998,1.0206237639029867,1.2044993639701544,199271562.4357843,3.1657802322288306,0.0435,0.0304926484848485,0.03050813492075,0.0441803333333333,801713.8691043403,462144.3418467061,1548.539218990236,0.846540851254729,4.122899373170896
