date,Lune,Lhh,Lpar,Pcpi,Ygdp,YgdpNom,SavHh,Cpr,Idwell,Iotc,Ygne,Xtot,Mtot,CprNom,XtotNom,MtotNom,Ywss,Yhdi,Lwge,Pulc,Tprl,Tgst,Ttot,Imin,IminNom,Inonmin,InonminNom,Xmet,Xccb,Xomf,Xagr,XagrNom,Wfor,KMin,KBiz,KDwell,PcpiRent,Xsvc,Pxsvc,Xmex,Xmac,Xtrn,Xotm,Xonr,Xgpr,R10y,R90d,Rusd,RtwiNom,R10yReal,Rmort,Whh,IdwellNom,IotcNom,Cgov,CgovNom,Ygoa,Lsup,Lpop,IvtNonfarm,Tcit,Ytsf,Ygdw,LempPub,LempEdu,LempHlt,BizLns,BizBnd,Ygmi,YprpR,YprpP,Lemp,LhrsAll,LhrsPub,LhrsEdu,LhrsHlt,Igov,Ipubent,Pgne,Phouse,IvtFar,Fpcpi,Fpoil,Fpcom,Fpagr,Fr10yUs,Fr10yJp,Fr10yDe,Fr10yUk,FcGdp,FcPpp,KTotal,PeRatio,EqEarn,Lnom,XmetNom,XccbNom,XomfNom,XmexNom,XmacNom,XtrnNom,XotmNom,XonrNom,XgprNom,CconsRentNom,CconsRent,GovDef,GovDebt,Rbiz,BizEq,TcorpRate,KdepRate,DumTsfTot,Peq,LavhMkt,Tpit,IntStu,PcpiExGst,ShockGst,KNbiz,KOther
1974-09-01,,,,14.2,156046,16776,1789,81039,9345,5580,138816,17289,12881,9321,2321,2702,9705,12114,,,235,0,4425,,,,,7450,2215,836,2722,761,,,,,8.5,2606,14.2,1006,210,251,512,597,,,0.139333,1.428433,1.14866667,,0.1038,,740,138,25780,2687,3644,,,,578,804,680,,,,,,2175,1310,567,,,,,,4155,3656,12.2,,18,0.393729080875513,,0.2414,0.5639589726468,0.0796333333333333,0.0918000030517578,0.108,0.142866666666667,,,,,,,321,145,35,189,82,53,133,23,27,1165,15060,,,,,,,0,,,2103,,0.134314156690141,0,,
1974-12-01,,,,14.7,156226,17672,2202,80519,8750,4486,136197,18103,12094,9731,2548,2800,10189,12924,,,266,0,4454,,,,,7785,2292,733,2837,787,,,,,8.83,2455,15.4,1121,224,244,457,698,,,0.1015,1.3179,1.053,,0.1038,,721,113,26476,2920,3944,,,,623,877,697,,,,,,2237,1438,582,,,,,,4287,4413,12.9,,83,0.397706142298498,,0.2504,0.6052555602642,0.0767,0.0952999973297119,0.104,0.155633333333333,,,,,,,400,173,28,227,89,49,132,39,26,1234,15251,,,,,,,0,,,2028,,0.139054463446604,0,,
1975-03-01,,,,15.3,156823,18024,2485,82317,8591,4950,135028,17816,10365,10208,2557,2486,10494,13696,,,276,0,4301,,,,,7258,2228,890,3203,870,,,,,9.12,2520,15.4,1178,169,208,428,452,,,0.089,1.3529,1.053,,0.1038,,734,130,26980,3105,3972,,,,603,883,768,,,,,,2287,1541,579,,,,,,4037,4633,13.2,,-29,0.401723376059089,,0.230766666666667,0.4951691878437,0.0754,0.0960000038146973,0.0906666666666667,0.135466666666667,,,,,,,401,170,45,239,73,43,126,32,28,1302,15437,,,,,,,0,,,1883,,0.14432168527759,0,,
1975-06-01,,,,15.8,161783,18857,2277,83009,8568,5322,139587,18569,10001,10672,2730,2477,10676,13989,,,293,0,4510,,,,,7053,2409,1055,3380,848,,100859,574316,699158,9.48,2332,15.9,1199,285,173,465,670,,,0.091667,1.336667,1.053,,0.1013,,758,157,27691,3256,4521,,,,702,1018,801,,,,,,2313,1578,632,,,,,,4673,4221,13.3,,-213,0.405781187938474,,0.217366666666667,0.437576620874967,0.0805,0.0935000038146973,0.086,0.1284,,,1883124,,,,407,246,51,233,123,34,137,37,27,1369,15596,,,,,,,0,,,1859,,0.149588907108576,0,473457,609650
1975-09-01,,,,15.9,159991,19430,2347,82423,9370,5725,139029,18126,10156,10975,2624,2536,11119,14430,,,300,0,4642,,,,,7144,1728,851,3571,884,,101492.015586214,578765.373788988,708112.498720881,9.92,2382,16.2,1085,209,132,427,664,,,0.081333,1.2777,1.053,,0.102133,,862,185,28756,3460,4396,,,,671,1103,847,,,,,,2380,1563,658,,,,,,4684,3968,14,,42,0.40987998781664,,0.2201,0.45598658238,0.0829666666666667,0.0917000007629395,0.085,0.1276,,,1901614.36061328,,,,408,218,41,189,87,26,121,39,28,1460,15777,,,,,,,0,,,1904,,0.150642415771914,0,477273.358202774,614736.488103411
1975-12-01,,,,16.8,157586,20367,2469,80816,10459,5750,136180,18520,10656,11349,2701,2697,11598,14962,,,309,0,5070,,,,,7268,2161,791,3795,957,,102129.004132029,583249.482760823,717181.682602115,10.28,2349,17,1066,200,152,435,524,,,0.079,1.2625,1.053,,0.1038,,994,191,28413,3673,4665,,,,694,1287,896,,,,,,2521,1627,661,,,,,,4809,3923,14.9,,37,0.413978787694807,,0.212866666666667,0.425851005637067,0.0806333333333333,0.0911999988555908,0.0853333333333333,0.1358,,,1920296.5796263898,,,,432,265,35,177,89,33,124,43,28,1538,15948,,,,,,,0,,,2131,,0.159069842107209,0,481120.478628794,619865.414263452
1976-03-01,,,,17.3,164568,21333,2259,82271,11874,6267,144343,18603,11032,11889,2833,2903,11967,15324,,,324,0,5512,,,,,8012,2009,701,3994,967,,102769.990572705,587768.5998134391,726367.020479246,10.61,2331,17.5,1121,224,134,410,591,,,0.081333,1.256033,1.053,,0.100467,,1154,204,29475,3807,4816,,,,706,1149,949,,,,,,2689,1618,678,,,,,,4275,3619,14.9,,-66,0.418118575571755,,0.2231,0.4365257476974,0.0775333333333333,0.0902000045776367,0.0813333333333333,0.1244,,,1939172.7528459202,,,,489,251,37,190,101,27,123,37,27,1610,16101,,,,,,,0,,,2394,,0.163283876760563,0,484998.609240734,625037.132553235
1976-06-01,,,,17.7,165058,22271,2146,83902,12451,6146,144008,19333,11273,12425,3079,3000,12506,15775,,,334,0,5913,,,,,7961,2791,855,3997,1015,,103415,592323,735670,10.9,2373,18.2,1152,178,213,399,717,,,0.1004,1.2339,1.053,,0.0988,,1260,211,29082,3954,5256,,,,779,1262,929,,,,,,2714,1718,733,,,,,,4186,4096,15.5,,-88,0.422299761327472,,0.232866666666667,0.475416771735067,0.0777333333333333,0.0869999980926514,0.0806666666666667,0.127633333333333,,,1958245,,,,506,330,46,207,82,48,121,44,30,1677,16279,,,,,,,0,,,2611,,0.167497589928211,0,488908,630252
1976-09-01,,,,18.1,166399,23048,2711,85867,12885,5871,144543,20818,11824,12982,3320,3215,12885,16914,,,356,0,5742,,,,,8537,2212,1204,4452,1165,,103714.446876869,596858.085307625,746007.797933444,11.38,2432,18.4,1333,182,149,460,787,,,0.094467,1.2414,1.053,,0.0988,,1338,214,29159,4050,5576,,,,797,1505,1024,,,,,,2763,1885,760,,,,,,4198,3825,15.9,,-85,0.426522758940747,,0.2414,0.501926111325867,0.0773,0.0877000045776367,0.0826666666666667,0.138033333333333,,,1977461.5226192,,,,542,293,66,250,82,34,144,47,30,1777,16485,,,,,0.46,,0,,,2369,,0.171711303095858,0,493143.638430756,634595.639378131
1976-12-01,,,,19.2,167832,23782,2505,86793,13005,6131,146447,20409,11814,13548,3267,3336,13165,17301,,,359,0,6049,,,,,7922,2363,783,4504,1168,,104014.76082749,601430.733003697,756490.864895275,11.71,2421,18.8,1338,197,107,394,780,,,0.0934,1.108267,0.948,,0.0988,,1379,225,28731,4144,5677,,,,796,1529,1080,,,,,,2976,1943,803,,,,,,4244,4008,16.4,,-146,0.430787986530154,,0.2457,0.5168129949526,0.0719,0.0876000022888184,0.0766666666666667,0.154333333333333,,,1996890.81262218,,,,536,314,40,258,94,24,130,53,32,1865,16728,,,,,0.46,,0,,,2675,,0.181719153169014,0,497415.972176207,638969.214723208
1977-03-01,,,,19.6,166929,24313,2536,86664,12467,5836,146513,19299,11852,13837,3398,3724,13490,17652,,,368,0,6323,,,,,7384,2337,817,4370,1174,,104315.944362549,606041.2635075541,767121.242238083,12,2395,19.7,1228,174,143,437,781,,,0.093233,1.0956,0.924,,0.0988,,1382,225,29573,4228,5776,,,,780,1668,1130,,,,,,3025,2026,839,,,,,,4334,4040,16.8,,-92,0.435095866395456,,0.2732,0.591133113170767,0.0735333333333333,0.0872999954223633,0.0713333333333333,0.132833333333333,,,2016535.4380968502,,,,558,322,53,268,87,35,148,43,31,1948,16921,,,,,0.46,,0,,,2862,,0.185932930633803,0,501725.319145005,643372.932351213
1977-06-01,,,,20.1,169294,25138,2393,87531,12503,5466,149578,19383,11732,14327,3479,3793,13940,18036,,,358,0,6525,,,,,8051,2632,782,4071,1185,,104618,610690,777901,12.25,2335,20.4,1195,202,143,464,597,,,0.109167,1.107967,0.925,,0.0988,,1401,216,29003,4370,5902,,,,783,1634,1183,,,,,,2982,2044,885,,,,,,4442,4075,17.2,,116,0.43944682505941,,0.2791,0.626750647324333,0.0737,0.0840999984741211,0.0656666666666667,0.121866666666667,,,2036398,,,,597,365,50,265,103,36,159,55,33,2025,17102,,,,,0.46,0.04476565,0,,,3020,,0.190146579504309,0,506072,647807
1977-09-01,,,,20.5,168568,25478,2144,87722,13544,5661,147493,19910,11275,14672,3512,3783,14080,18173,,,390,0,6865,,,,,8366,2509,774,4219,1187,,105495.644221312,615948.432120977,788525.114699414,12.51,2347,20.5,1280,178,174,425,680,,,0.106833,1.111733,0.91833333,,0.0988,,1526,225,29554,4491,6067,,,,781,1869,1243,,,,,,3032,2119,911,,,,,,4336,4142,17.6,,12,0.443841293310004,,0.258366666666667,0.520859215707933,0.0735666666666667,0.0730999994277954,0.0626666666666667,0.120633333333333,,,2056227.3312355098,,,,623,344,49,270,95,45,152,48,34,2109,17378,,,,,0.46,0.04431765,0,,,3315,,0.193833763380282,0,510452.787899665,651753.784415119
1977-12-01,,,,21,168041,25766,2442,87790,12812,5484,144281,21099,10806,15039,3620,3634,14455,18874,,,385,0,6519,,,,,8022,2675,872,4774,1247,,106380.651032037,621252.1489108771,799294.327313787,12.84,2416,20.7,1249,151,160,465,840,,,0.099267,1.1308,0.901,,0.0988,,1468,231,29507,4609,6089,,,,759,1790,1314,,,,,,3020,2108,942,,,,,,4083,4304,18,,-85,0.448279706243104,,0.257966666666667,0.513095630184133,0.0759666666666667,0.068600001335144,0.0616666666666667,0.105766666666667,,,2076271.0909624402,,,,604,372,57,264,82,42,160,44,40,2201,17599,,,,,0.46,0.04431765,0,,,3003,,0.198574263028169,0,514871.49787884,655724.614737776
1978-03-01,415.34454095,,0.611059428,21.3,169212,26614,3004,88093,12987,5387,145557,20246,11251,15251,3505,3826,14904,19680,2882,,390,0,6668,,,,,7715,2704,971,4272,1195,,107273.082197206,626601.540405386,810210.619505173,13.06,2547,21,1234,144,145,491,682,,,0.096933,1.139267,0.884,,0.094633,,1499,237,30598,4786,6436,6415.49051265,,,821,1881,1385,,,,,,3142,2186,953,6000.14597175,,,,,4268,4258,18.4,,-51,0.452762503305536,,0.267033333333333,0.544626896032833,0.0801,0.0626999998092651,0.058,0.107333333333333,,,2096531.79737896,,,,574,371,62,251,84,41,171,60,35,2281,17823,,,,,0.46,0.04431765,0,,,2988,,0.201207873943662,0,519328.45820818,659719.637468401
1978-06-01,402.8747,,0.611097,21.7,170637,27411,2493,90060,13194,5346,149357,20454,11678,15961,3678,4042,15020,19910,2919,,396,0,6809,,,,,8334,2872,1084,4088,1199,,108173,631997,821276,13.27,2704,21.1,1256,177,157,536,683,,,0.106967,1.137967,0.87,,0.0938,,1531,242,30278,4854,6707,6435.399047,,,837,1850,1423,,,,,,3148,2234,982,6032.524394,,,,,4189,4167,18.8,,6,0.457290128338591,,0.2731,0.570435114611933,0.0832,0.0603000020980835,0.0586666666666667,0.122233333333333,,,2117012,,,,604,402,65,254,103,42,183,65,43,2363,18065,,,,,0.46,0.04431765,0,,,2986,,0.205421651408451,0,523824,663739
1978-09-01,407.15,,0.609188,22.1,173231,28331,3101,89861,12642,5337,150644,20456,12075,16255,3713,4299,15286,20828,2958,,405,0,7053,,,,,7887,2330,1041,4089,1215,,109473.122526227,638817.492380567,831859.892546489,13.57,2852,21.8,1489,153,147,535,623,,,0.097533,1.1546,0.84,,0.0938,,1473,242,31238,5074,6966,6439.660105,,,879,2043,1477,,,,,,3791,2363,1015,6032.510074,,,,,4046,4344,19.2,,98,0.461863029621977,,0.271166666666667,0.5465164738462,0.0849,0.0605999994277954,0.063,0.123266666666667,,,2139825.64921946,,,,604,329,64,308,94,45,198,63,37,2449,18287,,,,,0.46,0.04389525,0,,,3072,,0.209108706690141,0,529344.36985434,669148.264292404
1978-12-01,406.0462,,0.607253,22.6,174637,29076,3085,88945,13028,5651,151614,21581,12397,16615,4017,4555,15393,21203,2981,,404,0,7214,,,,,8228,2808,1375,4117,1264,,110788.871119802,645711.787779763,842580.181117501,13.86,2960,22.6,1588,157,171,604,670,,,0.0923,1.158633,0.827,,0.092967,,1538,260,31125,5079,7268,6445.041318,,,909,1939,1536,,,,,,3915,2431,1047,6038.995076,,,,,4235,4403,19.5,,70,0.466481659918197,,0.2847,0.574464703450133,0.0882,0.0619000005722046,0.0656666666666667,0.129766666666667,,,2162893.58128638,,,,646,389,77,344,96,53,217,50,37,2551,18523,,,,,0.46,0.04389525,0,,,3045,,0.213849077743745,0,534922.916659961,674601.612389116
1979-03-01,407.9678,,0.606354,23,179443,30536,3407,89903,13865,5830,156618,22816,11804,17080,4447,4463,16141,22034,3127,,420,0,7575,,,,,8560,2831,1160,4782,1572,,112120.433589162,652680.6871094509,853438.623466661,14.15,3009,23,1460,178,231,601,605,,,0.087567,1.126633,0.825,,0.0913,,1642,281,30950,5193,7575,6464.603634,,,941,2108,1609,,,,,,3992,2549,1070,6056.635823,,,,,4271,4234,19.9,,92,0.471146476517378,,0.351133333333333,0.587823372056867,0.0910666666666667,0.0609999990463257,0.0703333333333333,0.132066666666667,,,2186218.7141354,,,,695,392,81,349,111,73,237,42,40,2644,18781,,,,,0.46,0.04389525,0,,,3230,,0.217535875836869,0,540560.253520289,680099.403559288
1979-06-01,409.9051,,0.60592,23.6,176553,31004,3298,90306,14168,5972,154352,22655,12365,17523,4773,4863,16175,22423,3136,,442,0,7799,,,,,7981,3017,1016,5027,1803,,113468,659725,864437,14.4,2949,23.7,1442,167,219,619,642,,,0.104067,1.109433,0.83,,0.0913,,1707,298,30593,5273,7649,6487.962132,,,892,1925,1686,,,,,,4360,2630,1101,6078.057039,,,,,4146,4707,20.4,,117,0.475857941282552,,0.4315,0.625317012937267,0.0911333333333333,0.0694999980926514,0.077,0.119,,,2209804,,,,675,423,92,384,108,71,248,66,48,2736,19037,,,,,0.46,0.04389525,0,,,3419,,0.223329691256671,0,546257,685642
1979-09-01,404.3406,,0.605878,24.2,178193,32077,3140,90435,13925,5977,153750,22498,11948,17995,4962,4916,16698,22805,3213,,445,0,8358,,,,,7605,2641,815,5116,1897,,114752.280921197,665989.5088753661,875977.579208246,14.7,2936,25.1,1489,183,227,620,663,,,0.098367,1.129467,0.83433333,,0.0913,,1717,322,31100,5477,8127,6513.986763,,,1113,2165,1739,,,,,,4405,2648,1141,6109.646134,,,,,3925,4460,20.9,,-79,0.480616520695378,,0.474566666666667,0.6608895352637,0.0910333333333333,0.0806999969482422,0.0766666666666667,0.123866666666667,,,2232053.68364242,,,,684,370,97,424,121,76,258,83,63,2834,19341,,,,,0.46,0.04391912,0,,,3584,,0.228596913087657,0,551237.227954169,690086.595558808
1979-12-01,406.7597,,0.609251,24.9,181623,33358,3225,90811,14506,6440,156161,24818,12451,18477,5718,5296,17258,23428,3270,,463,0,8541,,,,,8726,3058,986,5674,2276,,116051.097900882,672313.958573784,887672.229758258,14.92,3083,25.4,1374,175,208,643,747,,,0.100933,1.099033,0.83566667,,0.0913,,1800,338,31790,5695,8536,6578.874099,,,1113,2169,1797,,,,,,4422,2770,1178,6172.114361,,,,,4014,4821,21.3,,54,0.485422685544456,,0.513033333333333,0.659214839472767,0.104466666666667,0.078600001335144,0.0786666666666667,0.1429,2950567.5994538,1.673,2254546.19103015,,,,813,432,133,432,120,72,280,79,71,2935,19591,,,,,0.46,0.04391912,0,,,3774,,0.235444558656505,0,556262.860672902,694560.002698108
1980-03-01,398.9143,,0.610283,25.4,182478,34269,3205,91947,14916,6507,157697,23668,12260,19287,5801,5538,17743,24273,3353,,481,0,9111,,,,,8979,3036,823,4832,2025,,117364.615464583,678698.927576257,899523.008563986,15.1,3090,26.6,1604,191,201,663,750,,,0.1052,1.096233,0.837,,0.092967,,1898,350,31375,5877,8690,6618.360275,,,1173,2162,1837,,,,,,4704,2809,1222,6219.445935,,,,,3596,4980,21.8,,206,0.479294133554736,,0.518333333333333,0.6756855033467,0.119866666666667,0.0864000034332275,0.086,0.146933333333333,2988187.33634684,1.64875,2277284.34432593,,,,902,436,100,579,134,71,301,90,77,3032,19822,,,,,0.46,0.04391912,0,,,3831,,0.24071178048749,0,561334.312111674,699062.408185687
1980-06-01,416.0017,,0.613202,26.2,182929,35041,3717,92256,15065,6974,157592,22708,12032,19766,5623,5610,18351,25319,3439,,479,0,9145,,,,,8291,3082,717,4450,1947,,118693,685145,911531.999999999,15.35,2952,27.4,1464,175,218,651,772,,,0.136467,1.138233,0.84766667,,0.0988,,1990,364,32438,6115,9154,6679.292152,,,1229,2179,1962,,,,,,4838,3042,1309,6263.290434,,,,,3915,4758,22.3,,-351,0.49525125435788,,0.509533333333333,0.672902063652933,0.104766666666667,0.0999999046325684,0.086,0.141033333333333,3025807.07323987,1.6245,2300271,,,,907,445,95,441,128,79,294,117,69,3147,20081,,,,,0.46,0.04391912,0,,,3870,,0.247559426056338,0,566452,703594.000000001
1980-09-01,412.3253,,0.614687,26.6,183921,36201,3613,92979,16683,6793,163112,22269,13448,20380,5579,6357,19059,25877,3562,,501,0,9373,,,,,8264,2212,707,4574,1959,,121235.85988812501,694141.480111195,924862.705954887,15.72,3243,26.9,1244,202,196,688,860,,,0.122967,1.162367,0.857,,0.1025,,2277,384,31825,6313,9113,6725.585933,,,1205,2364,2020,,,,,,4644,2971,1318,6313.260672,,,,,3855,4697,22.9,,109,0.507283403089945,,0.491533333333333,0.694316544252333,0.109533333333333,0.0860999965667725,0.0793333333333333,0.134166666666667,3063426.81013291,1.60025,2327054.17615087,,,,864,314,105,373,149,77,304,104,69,3263,20372,,,,,0.46,0.04401341,0,,,3919,,0.251772817738278,0,572905.62022307,708049.990084788
1980-12-01,402.9424,,0.612114,27.2,187071,37859,3880,93859,16585,6999,163663,22577,13188,21039,5676,6262,19873,26857,3682,,516,0,10090,,,,,7880,3311,783,4185,1920,,123833.197600644,703265.964513251,938388.366909991,15.94,3330,26.7,1292,208,257,699,663,,,0.116467,1.172533,0.867,,0.105,,2318,412,33771,6836,9878,6731.9045,,,1325,2533,2086,,,,,,4845,3321,1402,6328.962074,,,,,3850,5180,23.6,,-6,0.517999727187474,,0.526533333333333,0.7076302553448,0.124233333333333,0.0921000003814697,0.0856666666666667,0.1344,3101046.54702595,1.576,2354188.53219679,,,,847,498,110,374,153,92,314,92,76,3373,20666,,,,,0.46,0.04401341,0,,,4393,,0.257040039569264,0,579432.766912607,712534.200773548
1981-03-01,389.2322,,0.611167,27.8,187774,38611,3776,94334,16260,6845,164854,21543,12539,21658,5574,6051,20576,27434,3782,,530,0,10343,,,,,7720,3227,1023,4058,1813,,126486.180261769,712520.458021645,952111.83398604,16.23,3285,27.2,1291,198,175,645,675,,,0.135333,1.165233,0.88166667,,0.115,,2345,447,33163,6856,10359,6758.109103,,,1387,2364,2179,,,,,,4765,3397,1517,6368.876926,,,,,3897,5232,23.9,,80,0.529940427089115,,0.515366666666667,0.670045228892533,0.1296,0.0940999984741211,0.0966666666666667,0.13823333333333301,3170820.09433403,1.55475,2381679.10280025,,,,839,492,163,366,149,68,297,86,75,3511,20921,,,,,0.46,0.04401341,0,,,4514,,0.263361091549296,0,586034.277759876,717046.810792565
1981-06-01,373.4981,,0.610543,28.4,190698,40046,3998,96208,16516,7073,168437,22755,14120,22527,5878,6905,21480,28593,3924,,580,0,10599,,,,,7664,4027,994,4092,1824,,129196,721907.000000001,966035.999999999,16.56,3319,28.3,1526,197,176,660,777,,,0.161833,1.145667,0.91066667,,0.115,,2454,458,33699,7105,10415,6783.475348,14923.3,,1271,2419,2281,,,,,,4730,3700,1616,6409.9772,,,,,3359,5231,24.5,,-12,0.543981587334725,,0.4805,0.6292253585985,0.1375,0.0828999996185303,0.103333333333333,0.1425,3240593.64164211,1.5335,2409531,,,25.6,866,680,143,400,155,69,301,93,80,3647,21196,,,,,0.46,0.04401341,0,,,4641,,0.269154906969097,0,592711.000000001,721588
1981-09-01,398.3411,,0.612217,29,194547,42221,3648,98493,16614,6898,173521,21943,14153,23557,5711,6842,22010,29366,4006,,602,0,11058,,,,,6951,3142,1499,4130,1695,,132994.887263742,733259.509336669,978820.710370556,16.99,3321,28.5,1399,185,217,710,713,,,0.154867,1.1426,0.94133333,,0.118333,,2550,448,34613,7537,11106,6835.708372,14988.7,,1304,2677,2369,,,,,,4994,3986,1732,6437.367239,,,,,3862,5878,25.2,,80,0.55165420930951,,0.475566666666667,0.597587119612833,0.148466666666667,0.0877999973297119,0.106,0.1544,3310367.1889502,1.51225,2437886.09349277,,,34.1,859,590,246,388,151,97,318,36,72,3789,21481,,,,,0.46,0.04423668,0,,,4957,,0.274422128800083,0,600264.622072927,725805.873785545
1981-12-01,407.588,,0.608749,30.2,193750,43420,4163,98758,16979,6394,173887,21158,14561,24249,5446,7163,22733,30640,4143,,622,0,11160,,,,,6881,3225,1318,4074,1643,,136905.477246164,744819.98619294,991774.616111946,17.43,3297,28.9,1292,209,157,628,708,,,0.1495,1.1381,0.91566667,,0.125,,2664,435,33087,7555,11189,6833.158804,15054.1,,1234,2778,2482,,,,,,4940,4354,1843,6425.570799,,,,,3605,5690,26.1,,84,0.556059331804806,,0.477366666666667,0.571608475525033,0.140866666666667,0.0902000045776367,0.0993333333333333,0.1602,3380140.73625828,1.491,2466643.00447011,,,34.5,833,566,216,313,172,69,298,41,69,3916,21778,,,,,0.46,0.04423668,0,,,4880,,0.286009759639686,0,607914.508946776,730048.402165224
1982-03-01,426.9176,,0.609686,30.8,192200,44349,4047,99491,16242,6277,170439,23658,15332,24969,6138,7829,23946,31295,4344,,705,0,11886,,,,,8686,2707,1233,4903,2048,,140931.054460993,756592.941899533,1004899.95638898,17.83,3394,30.8,1554,191,324,743,490,,,0.174067,1.074567,0.89366667,,0.126667,,2641,415,32168,7666,11087,6881.093597,15121.7,,1080,2696,2531,,,,,,4913,4514,1895,6454.176007,,,,,3709,5922,27,,-2,0.561380077649222,,0.443166666666667,0.563705498851,0.142933333333333,0.0792999982833862,0.0963333333333333,0.150133333333333,3471404.53613725,1.48075,2495808.6275402103,,,31.4,997,499,211,396,163,133,333,10,71,4039,22027,,,,,0.46,0.04423668,0,,,5622,,0.298331,0,615661.88743854,734315.729251697
1982-06-01,452.1885,,0.607224,31.5,193912,46042,4289,101660,15113,5703,171920,24489,15413,26154,6445,7788,24897,32756,4526,,721,0,11998,,,,,7340,3900,1467,4940,2146,,145075,768583,1018199,18.45,3498,31.1,1499,212,285,742,403,,,0.1947,1.043767,0.88133333,,0.135,,2525,386,34582,8409,11563,6888.623048,15184.2,,1041,3005,2624,,,,,,4921,4876,2046,6436.434531,,,,,3376,5912,27.6,,-64,0.569989448980996,,0.451566666666667,0.5434764162195,0.1393,0.0757999992370605,0.089,0.139466666666667,3562668.33601623,1.4705,2525390,,,28.1,927,713,236,372,186,124,342,50,74,4191,22268,,,,,0.46,0.04423668,0,,,5633,,0.305789,0,623508,738608
1982-09-01,490.5769,,0.605616,32.6,192629,46626,3789,101426,14211,5096,171243,23715,14363,26959,6438,7526,26008,33053,4752,,721,0,12701,,,,,7950,3181,1398,4703,1963,,148814.419911547,777637.5686648539,1027220.88084468,19.18,3493,31.3,1509,189,265,704,685,,,0.1664,0.9698,0.84666667,,0.135,,2425,363,33012,8295,11729,6902.920006,15239.3,,1020,2884,2729,,,,,,4390,4994,2172,6412.343105,,,,,3688,6314,28.2,,-116,0.57735195720939,,0.4384,0.5045614275656,0.131166666666667,0.0852999973297119,0.0896666666666667,0.123566666666667,3653932.1358952,1.46025,2546346.3126277,,,26.9,1028,706,240,393,175,128,329,65,75,4368,22498,,,,,0.46,0.04479828,0,,,6130,,0.314963,0,628823.148753307,741487.863118166
1982-12-01,611.8686,,0.608144,33.6,189529,47352,3781,102390,12794,4927,166416,23669,13903,27904,6589,7543,26109,34024,4813,,732,0,12646,,,,,7422,3460,1538,4873,2087,,152650.226252698,786833.8332120699,1036322.70120412,19.58,3389,31.9,1646,205,164,733,607,,,0.1382,0.957367,0.836,,0.135,,2221,351,34340,8781,12355,6959.892254,15288.9,,993,3619,2781,,,,,,4207,5309,2229,6348.023644,,,,,3890,5938,29.2,,-114,0.586951342393961,,0.435133333333333,0.4945578816647,0.106666666666667,0.0840999984741211,0.0813333333333333,0.110233333333333,3745195.93577418,1.45,2567535.48935782,,,16.3,992,753,283,423,191,77,368,19,73,4494,22703,,,,,0.46,0.04479828,0,,,5828,,0.323152,0,634183.606959372,744378.95494163
1983-03-01,669.7224,,0.604463,34.3,187699,47763,4031,102396,11714,5376,166072,21846,13142,28503,6132,7153,26119,34932,4866,,753,0,12521,,,,,7129,3636,1577,3801,1653,,156584.903457947,796174.664320556,1045505.16939247,19.91,3272,33.7,1687,201,168,697,695,,,0.132267,0.931767,0.807,,0.128333,,2082,373,35304,9223,12732,6950.267676,15346.2,,947,3475,2896,,,,,,4258,5591,2203,6280.545265,,,,,3754,5859,29.7,,-65,0.596565984718785,,0.408966666666667,0.512234874612567,0.105633333333333,0.0749998092651367,0.0773333333333333,0.1168,3887513.3813336,1.4545,2588961.15296464,,,19.2,893,790,293,448,190,79,333,68,75,4615,22862,,,,,0.46,0.04479828,0,,,5620,,0.330261,0,639589.760862609,747281.319251614
1983-06-01,712.651,,0.603114,35,187316,48277,3180,101717,11956,5765,165397,22492,13033,28861,6581,7305,25540,34523,4767,,742,0,12801,,,,,7895,3934,1506,3681,1657,,160621,805663,1054769,20.28,3283,34,1791,231,208,749,633,,,0.134367,0.874833,0.77166667,,0.125,,2140,407,35214,9028,13412,6968.61033,15393.5,,1152,3699,2933,,,,,,4327,5563,2260,6255.959379,,,,,3842,6457,30,,23,0.6067273035419,,0.4234,0.551224824165333,0.105433333333333,0.0755999994277954,0.079,0.1107,4029830.82689301,1.459,2610627,,,10.9,1033,803,286,507,223,98,387,73,74,4716,23036,,,,,0.46,0.04479828,0,,,5572,,0.336206,0,645042,750195
1983-09-01,727.24,,0.604792,35.6,192527,51061,5306,102404,12562,5927,168068,22642,13104,29422,6697,7436,26300,37326,4916,,743,0,12760,,,,,6914,4070,1606,3736,1750,,162484.80755186,813473.807844786,1064852.96665869,20.6,3595,33.6,1489,228,215,753,565,,,0.120067,0.885333,0.796,,0.123333,,2256,430,35264,9528,14265,7019.377392,15439,,1196,3937,2997,,,,,,5627,5716,2229,6292.137371,,,,,4288,5850,30.9,,235,0.611290000155771,,0.439366666666667,0.6005063439085,0.116266666666667,0.0748999977111816,0.0836666666666667,0.115,4172148.27245243,1.4635,2632790.69813137,,,13.6,964,836,308,460,228,113,388,95,72,4814,23231,,,,,0.46,0.04509986,0,,,5254,,0.341249,0,650989.000292926,754463.923627894
1983-12-01,682.6192,,0.603505,36.5,195767,52471,4633,102550,12993,6551,171077,24755,13704,30158,7237,7589,26989,37473,4972,,756,0,13731,,,,,8277,4299,1938,4363,2025,,164370.242279435,821361.0715624611,1075033.33962394,20.93,3481,34.8,1620,220,288,746,812,,,0.101267,0.910267,0.816,,0.12,,2382,494,35885,9588,14706,7032.766886,15483.5,,1300,4067,3104,,,,,,5421,5867,2252,6350.14764,,,,,4292,6916,31.1,,172,0.61859767186805,,0.43120000000000003,0.619764312237567,0.116866666666667,0.0728000020980835,0.0833333333333333,0.108233333333333,4314465.71801185,1.468,2655151.55040487,,,11.3,1077,859,340,492,217,138,400,64,71,4922,23451,,,,,0.46,0.04509986,0,,,5866,,0.348415,0,656990.829283026,758757.139218469
1984-03-01,661.7715,,0.603821,36.3,200551,54634,4675,103848,14126,7462,176877,25021,15191,30968,7255,8376,27880,38402,5121,,767,0,14856,,,,,8307,4225,1776,4589,2210,,166277.555139282,829325.547605784,1085311.04057433,21.26,3477,35.3,1616,235,221,729,623,,,0.118567,0.9319,0.83533333,,0.115,,2600,540,36463,9979,15930,7068.313302,15531.5,,1573,3854,3206,,,,,,5729,6001,2271,6406.54182,,,,,4340,6174,31.6,,224,0.623584190446834,,0.435466666666667,0.6305121008779,0.119433333333333,0.0694000005722046,0.0823333333333333,0.107666666666667,4460078.93599475,1.4925,2677711.37318328,,,11,1041,833,327,498,233,110,378,71,70,5043,23661,,,,,0.46,0.04509986,0,,,6414,,0.352945,0,663047.992466502,763074.785003166
1984-06-01,651.2406,,0.606392,36.4,202888,55882,5267,103293,14751,7458,177868,26304,15702,31186,7677,8666,28892,39281,5223,,800,0,15416,,,,,8176,4873,3100,4794,2223,,168207,837368,1095687,21.74,3581,35.7,1518,208,258,707,711,,,0.1349,0.893533,0.81133333,,0.115,,2792,600,36682,10110,15903,7129.65399,15579.4,,1447,4011,3124,,,,,,5845,6278,2316,6478.413371,,,,,4699,6317,31.9,,24,0.62835552855063,,0.435466666666667,0.643036388739067,0.132,0.0663000011444092,0.0816666666666667,0.112733333333333,4605692.15397765,1.517,2700472,,,13.2,1039,943,530,469,209,127,375,69,77,5171,23905,,,,,0.46,0.04509986,0,,,6872,,0.358239,0,669161,767417
1984-09-01,631.2032,,0.605482,36.9,204764,56555,5312,101842,14832,6967,180474,27794,17021,31188,8534,9830,29562,39381,5363,,828,0,15997,,,,,8141,5112,2576,4994,2516,,169584.486590367,845129.7874943371,1107258.15781703,22.14,3563,36.3,1742,222,455,763,792,,,0.114633,0.837267,0.797,,0.115,,2848,598,39171,11059,16148,7150.043462,15628.5,,1393,4224,3258,,,,,,5848,6124,2174,6518.840218,,,,,4798,5864,32,,-130,0.631209594854074,,0.406433333333333,0.5734438323671,0.128666666666667,0.0711999988555908,0.0803333333333333,0.1157,4751305.37196055,1.5415,2725920.69898724,,,18.5,1124,1054,511,590,226,249,407,102,93,5285,24167,,,,,0.46,0.04551587,0,,,7439,,0.362538,0,675545.30090397,773532.753675873
1984-12-01,618.4056,,0.603962,37.4,206003,57490,5753,102222,15667,7058,181167,27346,16991,31732,8217,9625,30022,40437,5383,,856,0,15944,,,,,8046,5272,2069,4980,2448,,170973.25374163,852963.766597932,1118951.51448577,22.54,3781,36.5,1731,217,283,756,690,,,0.1159,0.845367,0.82266667,,0.115,,3055,638,37929,10759,16478,7164.560647,15677.3,,1419,4435,3317,387.2144664,450.2302917,540.9246781,,,6006,6376,2221,6546.155002,,,,,4879,5852,32.4,,168,0.636449077801608,,0.395066666666667,0.543026052082733,0.117433333333333,0.0678999996185303,0.074,0.109,4896918.58994345,1.566,2751612.52653093,,,17.2,1088,1086,397,549,224,157,401,93,85,5418,24438,,,,,0.46,0.04551587,0,,453.37626761823,7228,,0.367251,0,681990.512856302,779697.245447228
1985-03-01,615.5585,,0.604972,37.9,209049,59695,5646,104330,15324,7360,183054,28623,16661,32801,9010,9941,30308,41479,5328,,831,0,16227,,,,,8722,5287,3255,5143,2557,,172373.39383295,860870.6108273091,1130768.3605045,22.94,3930,36.9,1819,235,274,781,697,,,0.1415,0.744633,0.741,,0.115,,3043,676,39756,11400,17062,7211.712813,15736.7,,1500,4119,3390,389.3085444,454.4099245,539.3511371,,,6290,6437,2299,6596.154339,,,,,4994,6180,33.2,,-190,0.641647126603683,,0.3938,0.526796095266133,0.115833333333333,0.0630000019073486,0.0753333333333333,0.113933333333333,5005875.02856969,1.5765,2777549.8350529503,,,21.9,1214,1155,680,597,254,152,433,71,79,5556,24648,,,,,0.46,0.04551587,0,,451.248958073559,6903,,0.373494,0,688497.216994359,785910.863721141
1985-06-01,612.7783,,0.605559,38.8,213736,62029,4897,105404,14933,7494,186523,30200,16630,33989,10151,11312,31143,42008,5470,,886,0,17818,,,,,8467,5529,3206,5817,3047,,173785,868851,1142710,23.41,4045,37.7,2086,223,262,790,720,,,0.1569,0.6586,0.64666667,,0.120433,,3031,693,40186,12034,17740,7251.960208,15788.3,107081,1663,4299,3595,387.5359319,453.13906,523.2954079,,,6303,6861,2472,6639.181952,,,,,5098,6018,34.1,,43,0.649968146321293,,0.385766666666667,0.516342513990767,0.108133333333333,0.0659999990463257,0.0723333333333333,0.1111,5114831.46719593,1.587,2803735,,,16.2,1369,1301,746,761,251,153,462,93,92,5708,24845,,,,,0.46,0.04551587,0,,453.550739765732,7693,,0.381337,0,695066,792174
1985-09-01,598.896,,0.608995,39.7,216480,63472,4349,107698,16035,7809,190496,29267,17043,35322,9802,11712,31823,42869,5490,33.2,899,0,18242,,,,,8143,5557,3732,5424,2856,,175548.23322001,878104.291373332,1154058.81193322,24.18,3813,38.9,1550,235,210,750,709,329,,0.160567,0.712733,0.66566667,,0.126267,,3324,758,40116,12061,18857,7327.07007,15839.7,108117,2010,4522,3709,390.8534066,459.5693267,540.7682538,,,6479,7117,2807,6728.174086,,,,,4850,7064,34.5,,22,0.652769612311894,,0.3745,0.479124056893667,0.103366666666667,0.0626000022888184,0.067,0.107133333333333,5223787.90582218,1.5975,2830677.32961381,,,23.6,1267,1300,816,557,279,118,445,144,81,5910,25061,,,,,0.46,0.04599638,0,,453.23381101114,7705,,0.389346,0,702556.058153322,798514.226307258
1985-12-01,581.1683,,0.611146,40.5,215860,64706,4815,109118,15009,7395,189786,29981,16807,36355,9955,11980,32857,44458,5601,34.1,932,0,17934,,,,,7945,5794,3286,5478,2859,,177329.35631192,887456.1857755029,1165520.33446869,24.69,3944,39.9,1858,231,241,812,905,367,,0.180333,0.6887,0.61666667,,0.135,,3184,726,40658,12580,17842,7392.528237,15900.6,108505,1684,4491,3809,386.8190326,472.8578525,563.2456486,,,6890,7461,3106,6811.359917,,,,,5172,6641,35.5,,-155,0.655017202756001,,0.378,0.4859347714013,0.0976,0.058899998664856,0.067,0.106633333333333,5332744.34444842,1.608,2857881.71735376,,,27.7,1210,1361,733,644,271,132,484,121,89,6074,25289,,,,,0.46,0.04599638,0,,452.684903067703,7796,,0.397132,0,710126.829463583,804905.197109567
1986-03-01,591.7895,,0.6149,41.4,217343,65929,5465,107676,15129,7051,190166,29214,16604,36584,9662,11840,34040,45453,5731,35,945,0,18372,,,,,8193,5705,2111,5673,2972,,179128.550787463,896907.734486351,1177095.68699052,25.24,4020,40.8,1791,236,186,799,762,365,,0.179,0.709533,0.612,,0.135,,3275,703,41010,12735,18971,7479.799083,15961.5,110894,1690,4528,4014,398.2625628,462.3074458,575.7828546,,,6835,7692,3262,6888.009573,,,,,5029,6907,35.9,,-92,0.656261063701261,,0.3229,0.513559116973367,0.0855666666666667,0.0582000017166138,0.0633333333333333,0.105166666666667,5488727.11652353,1.61825,2885350.74002133,,,25.8,1180,1342,437,607,283,103,475,103,87,6271,25502,,,,,0.46,0.04599638,0,,456.805995523539,8289,,0.405869,0,717779.183698888,811347.318544459
1986-06-01,590.5325,,0.619128,42.1,216958,67111,4681,109816,14436,6682,191698,29814,16689,37873,9587,11556,34409,46098,5758,35.5,976,0,18596,,,,,8521,5373,1486,5587,2860,,180946,906460,1188786,25.93,4270,40.9,1840,267,197,810,1014,385,,0.150567,0.710967,0.59466667,,0.155,,3174,784,42081,13232,19471,7571.141368,16018.4,111919,1241,4780,4293,397.8324807,455.3527338,582.474371,,,6937,7944,3358,6980.608891,,,,,5786,5772,36.5,,78,0.65766009770882,,0.270166666666667,0.485672280502967,0.0760333333333333,0.0471000003814697,0.06,0.0918,5644709.88859865,1.6285,2913087,,,23.4,1208,1204,189,615,323,112,486,153,64,6463,25740,,,,,0.46,0.04599638,0,,463.44249940142,8754,,0.413987,0,725514,817841
1986-09-01,626.0937,,0.619091,43.2,217525,68346,3920,110572,13971,6905,188390,31041,15726,39216,10558,12072,35293,46845,5904,36.8,1012,0,20098,,,,,8412,5645,2231,5872,3095,,182556.130828791,915643.955673574,1198249.64235414,26.62,4207,42.2,1845,286,263,881,890,393,0.1405,0.167667,0.6113,0.505,0.0536,0.155,,3116,833,42751,13695,19418,7609.780685,16075,108754,1979,4871,4337,397.3042621,474.6994322,566.8991716,,,6836,8290,3592,6983.687007,,,,,5456,6194,37.4,,81,0.658426668620261,,0.258433333333333,0.456298093874167,0.0730666666666667,0.0498000001907349,0.06,0.0985,5800692.66067377,1.63875,2938218.33634381,,,29.6,1332,1387,271,695,365,156,553,198,59,6662,25931,,,,,0.49,0.04643368,0,,458.065207527392,9269,,0.423508,0,733087.824844783,824324.738316096
1986-12-01,637.7217,,0.619493,44.4,221103,70633,4395,110386,13572,7170,192073,32797,16154,39991,11164,12430,35750,48235,5948,36.3,1011,0,20751,,,,,8629,6179,3048,5886,3126,,184180.589254134,924921.304024153,1207788.62251223,27.21,4532,43.6,1714,321,463,840,1067,370,0.135333333333333,0.160833,0.651867,0.54433333,0.056167,0.155,,3065,899,42036,13675,20984,7654.843083,16138.8,107949,2188,4911,4473,405.5521417,486.2615119,579.0267767,,,7201,8953,3714,7017.121369,,,,,5479,6439,38.1,,-249,0.663979959076239,,0.2754,0.461644894231233,0.0726333333333333,0.0499999523162842,0.063,0.109933333333333,5956675.43274888,1.649,2963569.80541248,,,32,1310,1447,394,675,406,293,565,206,66,6792,26271,,,,,0.49,0.04643368,0,,457.25709362727,9516,,0.433673,0,740740.714770019,830859.878876097
1987-03-01,636.2683,,0.618684,45.3,223306,72426,3618,110748,13509,6929,193385,32069,15633,40810,11013,12058,36310,48417,6007,36.7,1032,0,21395,,,,,7741,5539,2766,5517,2972,,185819.50276879,934292.997924948,1217403.5402206,27.83,4622,43.9,2055,342,567,891,1073,358,0.1375,0.163233,0.6803,0.541,0.0566,0.155,,3081,961,42009,13731,21776,7686.783694,16204,108482,2141,5014,4576,407.7543378,487.6446924,593.4337259,,,7239,8777,3784,7050.515419,,,,,5241,6486,38.6,,179,0.666981162517491,,0.296833333333333,0.4697965387086,0.0719333333333333,0.046100001335144,0.0606666666666667,0.0978333333333333,6123462.34486585,1.68325,2989143.36733592,,,35.1,1154,1259,434,790,421,340,602,206,68,7004,26518,,,,,0.49,0.04643368,0,,453.013338884511,9853,,0.442346,0,748473.495156158,837446.829190372
1987-06-01,631.634,,0.619027,46.1,226866,75160,4192,111365,13665,7394,195564,34224,16456,41739,11599,12276,37285,50060,6102,36.4,1073,0,22009,,,,,8212,6309,2917,6201,3372,,187473,943760,1227095,28.48,4661,44.3,1998,363,403,955,1050,366,0.1295,0.143,0.712933,0.55633333,0.052667,0.155,,3156,1037,42621,14287,22889,7731.569051,16263.9,109017,2251,4865,4670,412.9231127,491.9478952,591.1678023,,,7671,9363,3926,7099.935096,,,,,5120,6661,39.3,,38,0.67544359301893,,0.306866666666667,0.486488741250633,0.0834333333333333,0.0372000002861023,0.0583333333333333,0.0895666666666667,6290249.25698282,1.7175,3014941,,,29.1,1151,1269,468,777,439,249,657,193,72,7225,26764,,,,,0.49,0.04643368,0,,455.820228930325,10156,,0.450751,0,756287,844086
1987-09-01,620.1171,,0.619304,46.8,230949,77563,4236,113022,13896,7768,198589,34517,16868,43080,11992,12572,38540,51557,6253,37.5,1093,0,22464,,,,,8439,6268,2861,6066,3484,,189044.870211314,953190.529219598,1237206.09112587,29.43,5120,45.1,1947,343,492,960,1008,357,0.128,0.1241,0.709867,0.55566667,0.050667,0.151033,,3251,1072,43017,14352,24073,7772.927167,16328.9,110432,2255,5472,4894,428.9263261,492.0722941,603.4115891,,,7640,9410,3828,7152.810091,,,,,5289,5701,39.7,,166,0.679032289176761,19.05,0.317533333333333,0.4930247490385,0.0887666666666667,0.0391000008583069,0.065,0.0987666666666667,6457036.16909979,1.75175,3042392.00368247,,,37.4,1217,1208,464,846,417,294,673,200,70,7499,26913,,,,,0.49,0.0467633,0,,455.894969830243,10129,,0.458413,0,764145.659008284,851995.383337002
1987-12-01,617.6809,,0.618516,47.6,235613,79892,2989,114157,14486,9105,202818,36251,17680,44164,13068,13657,39258,51534,6338,37.4,1116,0,24153,,,,,9618,7235,2887,5938,3736,,190629.919792251,962715.897974086,1247400.49622806,30.12,5195,45.5,2181,359,366,990,1169,345,0.132666666666667,0.119667,0.701133,0.52,0.050333,0.1421,,3452,1250,44100,14695,24972,7804.0647070000005,16394.6,111403,2572,5243,5064,420.9892278,489.1308452,579.5881574,,,7718,9348,3820,7186.383775,,,,,5177,6276,40.1,,-65,0.6834294486064,17.8633333333333,0.324566666666667,0.534466212187733,0.0912333333333333,0.0548000001907349,0.066,0.0966666666666667,6623823.08121676,1.786,3070095.27458584,,,34.5,1418,1386,459,1033,463,227,713,196,68,7721,27208,,,,,0.49,0.0467633,0,,457.130624223091,11031,,0.466206,0,772085.978181835,859978.880383694
1988-03-01,593.5128,,0.622336,48.4,236601,82779,3752,115138,15343,8728,204170,36630,18201,45386,13895,14079,40027,53690,6375,37.9,1147,0,24164,,,,,8897,6351,3057,6004,4055,,192228.259245435,972337.065305586,1257678.90180205,31,5477,46.4,2007,371,416,1049,1305,392,0.122,0.109833,0.724133,0.53133333,0.046967,0.136667,,3741,1232,44637,15318,25584,7896.220449,16471.8,111380,2633,5724,5216,417.6618597,490.549031,585.8447672,,,8653,9292,3740,7302.707633,,,,,4922,5601,41,,175,0.686582428312798,15.7366666666667,0.320233333333333,0.543194837401367,0.0841666666666667,0.0428000020980835,0.0633333333333333,0.0948333333333333,6693373.22356953,1.80725,3098053.15271933,,,47.3,1495,1196,472,981,484,250,821,275,74,8023,27473,,,,,0.49,0.0467633,0,,457.043958859568,11092,,0.474132,0,780108.806060151,868037.185611694
1988-06-01,609.2066,,0.624439,49.3,236843,84834,4417,115008,15614,9851,205854,33733,18401,46131,12840,13693,41214,55299,6535,38.8,1148,0,24173,,,,,7675,5750,2702,4870,3383,,193840,982055,1268042,31.76,5669,46.9,1974,364,440,1029,1510,397,0.119166666666667,0.122567,0.785867,0.57966667,0.046167,0.135833,,3941,1426,44036,15480,26465,7963.688901,16532.2,113023,2644,5182,5350,416.8763734,490.3985743,608.5719321,120.853,13.545,8502,9156,3759,7354.482341,,,,,4293,4345,41.7,,179,0.694464644050244,16.15,0.339766666666667,0.567685102287267,0.0891,0.0396000003814697,0.065,0.0937333333333333,6762923.36592231,1.8285,3126268,,,30.2,1328,1065,382,1001,474,253,814,308,71,8294,27740,,,,211.664,0.49,0.0467633,0,,452.635847501615,10671,,0.48314,0,788215,876171
1988-09-01,551.0284,,0.62145,50.3,238732,87856,3470,116662,17090,10718,208714,34686,19772,47527,13260,14011,41781,56018,6554,39.3,1190,0,26576,,,,,8180,6180,2837,4915,3385,134538,195175.142146641,991202.2330441601,1280721.5488827,32.75,6046,47.1,1952,360,368,1033,1356,390,0.119,0.133467,0.7981,0.60933333,0.043667,0.145,1204100,4518,1740,44680,15740,27549,7963.612345,16612.6,114810,3057,5894,5567,403.2063087,486.7912363,621.2287862,125.837,14.882,9379,9745,3929,7412.583967,,,,,4957,5302,42.4,,-20,0.701525500392203,14.3266666666667,0.324066666666667,0.584826900778733,0.091,0.0446999979019165,0.067,0.0995,6832473.50827508,1.84975,3158057.07935143,,,53.6,1472,1193,348,1067,465,214,814,282,66,8580,27971,,,,224.814,0.39,0.04706636,0,,452.056991278261,12448,,0.491354,0,796027.090897519,886133.29742457
1988-12-01,542.7089,,0.623838,51.2,242652,90712,4652,118496,17616,10401,214961,35691,21902,48968,13571,15344,43830,58839,6793,40.5,1370,0,26097,,,,,8570,6234,2164,5725,3934,136216,196519.480561088,1000436.08890116,1293527.88454366,33.51,5856,47.8,2167,361,331,1055,1183,395,0.124,0.146133,0.853067,0.62666667,0.0431,0.147433,1264200,4892,1717,44141,16025,28035,8034.573902,16687.1,117117,2781,5480,5849,410.7705819,499.2745884,623.9216652,129.831,15.074,9387,10041,4260,7491.865004,,,,,4763,5701,42.9,,228,0.709307453543588,13.58,0.3225,0.5771311077398,0.0895666666666667,0.046399998664856,0.0643333333333333,0.0989666666666667,6902023.65062786,1.871,3190172.8422667,,,41.8,1538,1172,235,1150,463,194,805,239,62,8889,28290,,,,224.149,0.39,0.04706636,0,,456.348157211653,11955,,0.499707,0,803916.608340072,896208.86882188
1989-03-01,536.2427,,0.628293,51.7,244896,93344,4970,121094,17825,10289,218120,35208,23262,50737,13720,15942,45360,61083,6944,41.4,1317,0,26764,,,,,8502,5976,2166,5253,3601,140622,197873.078585919,1009757.3982971,1306462.27476355,34.32,5844,47.9,2209,368,399,1056,1117,393,0.135333333333333,0.1645,0.836,0.62833333,0.042833,0.154933,1299000,5173,1794,44927,16134,29016,8131.030358,16764,117641,2924,5698,6159,401.18129,493.3395,644.3911775,134.849,16.064,10060,10466,4833,7594.78764,,,,,5220,5256,43.4,,36,0.714538927096583,17.5866666666667,0.349633333333333,0.580991904799767,0.0920666666666667,0.04947,0.0686666666666667,0.0985333333333333,6969318.38122148,1.8805,3222618.67520781,,,43,1802,1126,291,1215,470,243,794,230,65,9213,28567,,,,225.443,0.39,0.04706636,0,,459.402708790425,12121,,0.506203,0,811884.319711181,906399.00214716
1989-06-01,505.2569,,0.630663,53.1,250189,96972,5203,122309,18383,9337,223434,37008,23917,52326,15100,17248,46767,63020,7049,41.3,1394,0,27249,,,,,8475,6196,2515,5760,4105,150836,199236,1019167,1319526,34.97,6020,49,2187,401,416,1151,1279,423,0.136,0.177833,0.7655,0.594,0.044,0.163333,1332700,5533,1546,47214,17492,30498,8197.790939,16814.4,118756,3126,5615,6565,406.866315,504.4440373,666.3298353,148.518,15.994,10240,11047,5591,7692.534074,,,,,4955,5904,44.2,,-189,0.727224930684602,18.8733333333333,0.353566666666667,0.592697172898767,0.0877333333333333,0.0520666666666667,0.0696666666666667,0.103,7036613.1118151,1.89,3255398,,,19.1,1911,1317,401,1237,518,263,887,290,77,9481,28856,,,,236.32,0.39,0.04706636,0,,454.66656290676,12168,,0.514302,0,819931,916705
1989-09-01,496.0665,,0.632768,54.3,252318,98845,3574,123324,18167,7863,226152,36728,24140,53592,15032,17757,48117,62779,7151,42.9,1424,0,28503,,,,,8254,6345,2524,5340,3774,157857,200176.81504321,1028060.3668239401,1331463.76897425,35.7,5806,49.9,2183,444,426,1260,1482,440,0.133166666666667,0.180467,0.7648,0.592,0.046,0.17,1369900,5608,1309,45061,17023,30508,8260.675507,16872,121964,2923,6102,6418,411.069679,515.4921958,631.5460295,148.339,16.823,10076,11944,6161,7764.609044,,,,,5281,6704,44.8,,-148,0.732945357052226,17.3866666666667,0.335066666666667,0.5680235320721,0.0810666666666667,0.0500633333333333,0.0686666666666667,0.1009,7103907.84240873,1.8995,3284877.9655472096,,,34.2,1842,1438,365,1180,576,281,977,380,84,9755,29090,,,,247.715,0.39,0.04769936,0,,456.872851107384,13369,,0.522017,0,827883.55178073,925353.82974902
1989-12-01,486.29,,0.633593,55.2,251641,100574,6244,124200,16983,7214,223863,36288,23535,54709,14751,17135,49064,66680,7231,43.5,1438,0,27367,,,,,8168,6403,3122,4934,3460,165322,201122.072722016,1037035.30848097,1343509.53910048,36.32,5736,49.8,2165,472,489,1390,1289,392,0.131833333333333,0.181667,0.785767,0.60733333,0.048167,0.17,1390400,5348,1241,45789,17685,31017,8308.448969,16936.7,122848,2742,6069,6839,422.2156692,529.061968,635.8145592,150.752,17.107,10331,12573,6322,7822.159007,,,,,5821,5962,45.7,,103,0.739236133760556,19.16,0.345633333333333,0.556245885361133,0.0790666666666667,0.05349,0.074,0.1052,7171202.57300235,1.909,3314629.10612829,,,33.2,1797,1431,469,1110,607,320,1072,296,75,10020,29343,,,,248.271,0.39,0.04769936,0,,456.755382103248,12486,,0.530891,0,835913.235758954,934084.25854684
1990-03-01,521.5299,,0.635684,56.1,253527,102413,5847,125580,16756,7269,222788,38068,23907,56210,15666,17663,50538,67847,7428,44.1,1450,0,27602,,,,,8624,6534,3904,5200,3675,172799,202071.794015048,1046092.59405876,1355664.28746655,36.72,6084,50.8,2411,472,332,1259,1268,388,0.1318,0.164567,0.761467,0.594,0.053167,0.17,1408100,5354,1239,46875,18230,31376,8371.547713,17005.6,122534,2794,6306,7067,433.3056147,538.3869442,635.4028329,158.887,17.566,10247,12647,6505,7850.017806,,,,,5469,7128,46.2,,-247,0.746915545375738,19.8166666666667,0.348633333333333,0.5588203451562,0.0842333333333333,0.0670866666666667,0.08305,0.115466666666667,7354068.23861391,1.92,3344653.9377806997,,,34.7,1942,1495,599,1152,605,221,990,314,78,10247,29636,,,,245.919,0.39,0.04769936,0,,453.109867802195,12143,,0.539916,0,844020.800043712,942897.05625539
1990-06-01,545.1489,,0.637855,57.1,253871,104356,5098,126147,16249,7374,222719,38168,22263,57385,15788,16440,51801,68283,7589,45.3,1520,0,28743,,,,,8502,6781,4414,4761,3349,174412,203026,1055233,1367929,37.16,6429,51.6,2505,528,532,1300,1114,449,0.135633333333333,0.1507,0.769667,0.60466667,0.053,0.165233,1420800,5241,1238,48033,18903,31194,8433.688067,17065.1,122857,2826,6437,7240,453.1368377,550.5273594,647.949344,161.626,17.667,10480,12390,6461,7888.53913,,,,,5228,6943,47,,-216,0.75672966622187,16.02,0.323333333333333,0.558402314766933,0.0867666666666667,0.0661166666666667,0.0877,0.123166666666667,7536933.90422546,1.931,3374955,,,22.6,2024,1572,644,1200,679,358,1018,292,88,10485,29913,,,,245.94,0.39,0.04769936,0,,458.08684940216,13287,,0.548555,0,852207,951793
1990-09-01,613.1605,,0.639305,57.6,252550,103747,4689,126360,15707,7654,220007,39646,23009,58098,15997,16757,52186,68532,7695,46.5,1568,0,29155,,,,,9496,6547,4731,5185,3317,180204,203861.824393839,1061791.6697521298,1377709.60309555,37.67,6593,51.9,2419,576,561,1310,1217,418,0.134266666666667,0.1409,0.810933,0.61133333,0.053733,0.163367,1423300,5103,1153,46952,18882,31055,8483.640949,17121.1,120909,3131,6952,7323,459.8443619,536.8852385,663.7989662,161.362,17.49,10064,11741,6220,7870.480458,,,,,5325,6884,47,,151,0.763222513649416,26.4133333333333,0.395366666666667,0.545412981103233,0.0870333333333333,0.0747466666666667,0.088825,0.1203,7719799.56983702,1.942,3395232.26551429,,,24.9,2189,1472,846,1134,725,378,1009,192,81,10746,30163,,,,243.878,0.39,0.04878689,0,,458.114799729961,13457,,0.555686,0,857929.845358291,955730.99266661
1990-12-01,667.6098,,0.636986,59,253941,104984,5855,125636,15419,7797,218308,40295,22010,58926,16589,17174,51998,70537,7694,46,1612,0,29480,,,,,9869,6381,4076,4976,3072,185740,204701.089738184,1068392.21121044,1387560.13686507,38.15,6437,53.9,2603,599,552,1377,1116,439,0.1255,0.125567,0.7775,0.57133333,0.054667,0.155433,1424000,5045,1156,47403,19109,32528,8485.154359,17169.8,120033,3948,7459,7421,451.562139,534.7195559,674.6065819,167.36,17.305,10914,11682,5768,7817.544556,,,,,5241,6581,47.7,,12,0.772535788198591,32.4533333333333,0.4388,0.539375621321933,0.0839666666666667,0.0704466666666667,0.0894833333333333,0.113166666666667,7902665.23544859,1.953,3415637.62664291,,,15,2185,1489,974,1259,764,378,1087,224,121,10960,30443,,,,237.126,0.39,0.04878689,0,,452.802486011764,12853,,0.565689,0,863691.121472256,959685.2785674
1991-03-01,740.2013,,0.633939,58.9,250751,103579,4031,125811,15404,7541,216670,41991,21672,59224,16926,16816,51812,69035,7765,46.4,1692,0,28495,,,,,9474,7487,4250,5270,3078,190008,205543.810198857,1075034.89661568,1397481.10130831,38.36,6503,53.7,2500,634,851,1448,1224,391,0.114766666666667,0.1168,0.781733,0.58366667,0.055,0.145,1454600,5055,1113,48820,19717,30794,8474.835928,17237.4,119401,2898,7080,7454,444.328179,540.7838478,661.9963168,169.152,17.199,9277,11232,5482,7734.634607,,,,,6042,5508,47.8,,33,0.7779815046378,20.73,0.352766666666667,0.546693834061867,0.0801666666666667,0.06444,0.0856833333333333,0.103366666666667,8185185.51761587,1.98025,3436171.9230387597,,,33.1,2101,1744,948,1152,808,611,1123,292,93,11111,30743,,,,246.578,0.39,0.04878689,0,,450.018126879662,12715,,0.570214,0,869491.086416823,963655.92511477
1991-06-01,819.7162,,0.633856,59.1,250227,103653,4485,126359,14931,7724,214045,44120,21790,59706,17108,16423,51426,70009,7774,46.2,1691,0,28617,,,,,9785,7731,4523,6500,3632,193747,206390,1081720,1407473,38.66,6561,53.4,2617,656,777,1499,1102,415,0.109666666666667,0.108233,0.770233,0.59466667,0.0557,0.138167,1469000,4917,1139,48529,19680,30340,8502.56228,17284,118030,3133,7638,7581,436.405638,535.8797447,679.222055,167.833,17.699,10541,10805,5281,7682.846105,,,,,5621,5169,48,,-125,0.785758546679584,18.8466666666667,0.3327,0.540132544044267,0.0813,0.0667066666666667,0.0838666666666667,0.103833333333333,8467705.79978316,2.0075,3456836,,,13.5,2088,1784,810,1186,830,541,1147,255,83,11282,31005,,,,252.656,0.39,0.04878689,0,,448.762103097724,12717,,0.575916,0,875330,967643
1991-09-01,832.8738,,0.629241,59.5,251370,104414,3900,127893,14781,8467,217350,45034,22363,60951,17325,16671,51629,70704,7873,46.3,1672,0,27529,,,,,9573,7547,4646,6367,3672,195676,206974.760121089,1086383.90742686,1417028.74369912,38.8,6681,53.1,2737,660,710,1657,1057,532,0.106566666666667,0.100167,0.787267,0.604,0.056033,0.13,1497200,4869,1199,50444,20717,31942,8469.992966,17338.9,116130,3388,8082,7799,443.9030299,540.7240827,691.8251741,161.366,16.364,9263,10359,5024,7637.119163,,,,,5758,6339,48.1,,165,0.79129798871614,19.89,0.337666666666667,0.541265758839533,0.0794,0.0638833333333333,0.0853583333333333,0.0998333333333333,8750226.08195045,2.03475,3472608.6584028997,,,25.8,2016,1702,787,1169,817,501,1248,150,109,11456,31226,,,,257.777,0.39,0.04962246,0,,450.85752821894,11609,,0.582251,0,879409.147305771,969196.00727692
1991-12-01,866.3872,,0.627869,59.9,251546,105384,3329,128061,15423,8076,218065,45214,22993,61494,17406,17349,52370,70715,8021,47.3,1678,0,28814,,,,,9892,7221,4706,6336,3666,202003,207561.17702981,1091068.4809781099,1426649.36412245,38.88,6978,54.4,2824,703,514,1699,1189,578,0.0966333333333333,0.083833,0.7761,0.58066667,0.0555,0.123333,1512000,5079,1162,49287,20814,32413,8476.491019,17379,115415,3828,8434,7862,435.6841805,531.7097572,695.9190266,162.572,17.029,9281,9727,4699,7610.103862,,,,,5630,6575,48.6,,242,0.797659085668517,20.5766666666667,0.344933333333333,0.544843561110733,0.0734666666666667,0.0584366666666667,0.0829166666666667,0.0971666666666667,9032746.36411773,2.062,3488469.35213519,,,9.3,2045,1632,853,1144,860,363,1262,324,124,11560,31482,,,,267.935,0.39,0.04962246,0,,452.760249853957,12241,,0.586327,0,883507.3039483,970751.50703463
1992-03-01,888.1519,,0.629249,59.9,253539,106904,3887,129541,15969,8541,218487,45071,22735,62441,17720,17468,52526,72273,8026,46.8,1668,0,29236,,,,,9601,7652,4621,5978,3725,204252,208149.2554203,1095773.81393378,1436335.30173694,38.95,7068,54.2,2820,704,530,1840,1210,664,0.100133333333333,0.074933,0.7576,0.57066667,0.055067,0.1125,1501000,5266,1201,48218,20532,33731,8525.540871,17441.3,114856,4224,9041,7908,442.4712401,549.5972821,692.4543168,159.753,15.927,9674,9290,4282,7637.388976,,,,,5731,5366,48.9,,-75,0.800469574178308,17.9466666666667,0.321433333333333,0.5478741850751,0.0730333333333333,0.0551933333333333,0.07965,0.0948,9346634.30027083,2.126,3504418.61894414,,,27.1,1932,1771,808,1176,884,389,1387,245,137,11671,31766,,,,268.781,0.39,0.04962246,0,,449.035768153395,12432,,0.588672,0,887624.55851348,972309.50327342
1992-06-01,907.4368,,0.628038,59.8,255375,107315,3502,130638,16195,8812,220407,46434,23485,63003,18051,17991,53205,72519,8116,47,1651,0,28563,,,,,9703,8017,5356,6214,3809,208936,208739,1100500,1446087,38.98,7060,53.8,2875,733,533,1839,1129,667,0.0915,0.0672,0.755667,0.56666667,0.0533,0.107933,1522500,5339,1222,48642,20565,33582,8533.744354,17478.6,114185,3945,8122,7954,438.2750337,554.3661524,668.7757094,158.783,16.753,9633,9025,4079,7626.30757,,,,,5780,5632,48.8,,19,0.808951955663764,19.99,0.338066666666667,0.540783297382567,0.0737666666666667,0.0569633333333333,0.0805916666666667,0.0919,9660522.23642392,2.19,3520457,,,6.4,1914,1831,944,1209,911,398,1385,224,137,11768,31988,,,,277.852,0.39,0.04962246,0,,448.749540597888,11992,,0.591616,0,891761,973870
1992-09-01,929.1494,,0.629931,59.9,257851,108347,4341,130922,16977,8564,222629,47400,24080,63435,18857,19211,54082,73859,8229,47.8,1607,0,28180,,,,,9365,7766,5177,6379,3866,211174,210168.25354873,1105936.6597364899,1457920.94262832,39.06,7512,54.2,2938,791,656,1858,1152,618,0.0873666666666667,0.0577,0.723867,0.52666667,0.0461,0.100667,1535200,5595,1263,50374,21222,33657,8581.622032,17523.3,113760,3768,8957,8012,441.3008255,559.9529583,690.2299414,160.438,16.704,10253,8567,3811,7652.472603,,,,,5926,6205,49,,-140,0.810244277240539,20.0833333333333,0.343233333333333,0.534757636759833,0.066166666666666707,0.0518033333333333,0.0793916666666667,0.0919666666666667,9974410.17257701,2.254,3538211.2419706294,,,15.1,1966,1844,956,1300,995,506,1425,256,139,11854,32176,,,,276.275,0.39,0.05030963,0,,451.326125352354,11711,,0.594574,0,895768.40618776,974353.639605819
1992-12-01,954.2535,,0.626724,60.1,263251,110535,3713,131424,17906,8489,226982,48780,24606,64011,19631,20123,54516,73876,8338,46.8,1613,0,29324,,,,,9748,7730,5210,6589,4093,214743,211607.293317125,1111401.11422223,1469851.72742321,39.09,7617,54.7,3009,828,641,1911,1332,684,0.0898,0.0588,0.688567,0.52033333,0.045167,0.0992,1558700,5918,1268,50775,21391,35721,8558.717164,17557.1,112704,4006,8664,8052,461.203908,553.2774779,689.0337954,157.705,17.444,10346,8535,3763,7604.463628,,,,,6253,4868,49.1,,81,0.813862248819977,19.2033333333333,0.332166666666667,0.525961484209367,0.0674333333333333,0.0491033333333333,0.073775,0.0838666666666667,10288298.1087301,2.318,3556090.36104034,,,2.8,2010,1884,1003,1312,1052,505,1476,244,155,11958,32399,,,,285.994,0.39,0.05030963,0,,455.247901949093,12262,,0.598141,0,899793.820905105,974837.5193949
1993-03-01,932.5817,,0.624416,60.6,265076,112418,3912,131269,18241,8706,229310,48990,24228,64348,19723,19765,54653,74493,8395,47,1632,0,29728,,,,,9706,8001,5159,6381,3990,215613,213056.186312257,1116893.51139123,1481880.14688515,39.09,8130,54.6,3081,833,563,1961,1414,665,0.0813333333333333,0.056933,0.693367,0.524,0.045,0.0992,1575200,6056,1304,50126,21560,35863,8554.017674,17609.6,114311,4026,9663,8059,471.6479239,559.333247,671.5498075,158.006,16.916,10335,8486,3719,7621.435976,,,,,6126,5144,49.5,,-48,0.819035397556612,18.2166666666667,0.3238,0.542532915713333,0.0628,0.0448333333333333,0.0689166666666667,0.0798666666666667,10625239.871791,2.42175,3574095.2977629,,,18.5,2010,1964,949,1314,1073,464,1548,243,148,12054,32680,,,,304.039,0.39,0.05030963,0,,458.903442160426,12601,,0.60173,0,903837.325078973,975321.63948652
1993-06-01,926.8917,,0.622189,60.9,266590,113574,4053,132347,18540,8485,228263,50052,24702,65284,19723,20314,55381,75666,8498,46.9,1647,0,30036,,,,,10175,8269,5544,6610,3981,223773,214515,1122414,1494007,39.17,8279,54.1,3105,962,626,2012,1387,656,0.0754333333333333,0.052133,0.6869,0.504,0.041233,0.095733,1597900,6176,1295,50314,21871,37513,8544.107055,17634.8,115112,4179,9246,8079,461.4718483,565.433141,674.3000137,156.856,17.253,10103,8462,3557,7617.215347,,,,,6331,4862,50,,-144,0.828228467490735,18.2766666666667,0.328166666666667,0.5682448261213,0.0599,0.0479066666666667,0.0677166666666667,0.08,10962181.6348519,2.5255,3592227,,,-6.3,1959,1935,1004,1281,1215,543,1572,225,146,12172,32928,,,,314.192,0.39,0.05030963,0,,455.748996340339,12422,,0.60534,0,907899,975806
1993-09-01,935.0042,,0.623584,61.2,266912,113419,3294,132041,19361,9026,226069,51637,25387,65409,20732,21417,55233,75143,8451,47.3,1684,0,31190,,,,,10281,7856,5181,6545,4054,236660,215890.954704562,1127882.69676926,1507195.58351184,39.2,8733,54.1,3044,958,647,2023,1570,623,0.0678666666666667,0.048967,0.6665,0.49166667,0.033733,0.093,1634000,6471,1368,50422,21574,37362,8585.036318,17683.7,114047,4422,10188,8112,490.7271521,567.9260199,690.1138301,156.38,17.002,10275,8484,3566,7650.032119,,,,,5531,5162,50,,0,0.833709557126958,16.4966666666667,0.3195,0.5860676450751,0.0561666666666667,0.0431333333333333,0.0639,0.0721666666666667,11299123.3979128,2.62925,3611686.7897543604,,,17.8,1996,1864,919,1272,1211,557,1620,373,137,12292,33245,,,,342.939,0.33,0.0510447,0,,452.933429031571,12846,,0.608972,0,911991.742064698,976608.50947326
1993-12-01,944.7361,,0.628616,61.2,271795,115809,2985,134289,19361,9493,232851,52724,25487,66777,21117,21535,55890,76298,8470,46.8,1694,0,31624,,,,,10230,8567,4841,6870,4262,244479,217275.735138556,1133378.6690488202,1520500.59133431,39.35,8773,55.6,3472,1040,691,2147,1363,627,0.0666,0.048033,0.665267,0.49766667,0.034833,0.0875,1682700,6534,1479,50909,21733,37790,8676.227965,17719.1,115493,4227,9758,8181,460.343207,571.6969885,697.9737902,151.941,18.228,10496,8650,3455,7731.491838,,,,,6138,5133,50.1,,-76,0.839938152836347,15.18,0.3096,0.596626579586567,0.0560666666666667,0.0369633333333333,0.059325,0.067151,11636065.1609737,2.733,3631290.93931888,,,4.9,1934,2041,784,1415,1303,604,1725,296,135,12436,33550,,,0.085,370.667,0.33,0.0510447,0,,455.406278998628,13128,,0.612626,0,916102.933910264,977411.67893575
1994-03-01,907.8943,,0.628053,61.5,276328,118169,4206,135129,19777,9767,235716,54155,26462,67288,20882,21264,57600,78122,8639,47.2,1696,0,32315,,,,,10141,7630,5356,7393,4379,241807,218669.397912493,1138902.05661947,1533923.05122146,39.39,8852,54.7,3318,1131,491,2283,1727,604,0.0712,0.0483,0.709933,0.53233333,0.0389,0.0875,1712800,6727,1558,51455,22211,38873,8696.164476,17772.1,116530,4685,9722,8237,461.0405709,563.5213667,708.3119137,149.682,17.288,10311,8920,3518,7788.270181,,,,,6165,4144,50.2,,-19,0.846463904918723,13.97,0.3087,0.608599902738667,0.0606666666666667,0.0403033333333333,0.0609833333333333,0.068512,11956056.9529005,2.81075,3651040.61677118,,,19.5,1802,1718,800,1297,1350,411,1781,353,121,12560,33848,,,0.0845,367.775,0.33,0.0510447,0,,454.253020773488,13129,,0.615689,0,920232.658706977,978215.50893025
1994-06-01,860.5109,,0.627193,61.9,279621,119694,5309,135863,21141,9779,239609,55230,27602,68031,21123,22087,59096,80058,8761,47.6,1742,0,33082,,,,,11256,7644,5829,7112,4407,239508,220072,1144453,1547464,39.46,9127,53.9,3545,1195,605,2415,1818,584,0.0895333333333333,0.049633,0.725867,0.534,0.047867,0.0875,1715600,7216,1621,50995,22093,38290,8707.322161,17805.5,117968,4800,9807,8274,462.8850818,563.220222,709.0459672,151.188,17.197,10662,9343,3661,7846.811283,,,,,6802,5198,50.3,,-13,0.854790436778647,16.06,0.3257,0.625195595969867,0.0708333333333333,0.0411833333333333,0.0677429365079365,0.082777,12276048.7448273,2.8885,3670937,,,4.4,1896,1634,861,1410,1439,509,1852,347,118,12660,34148,,,0.085,369.764,0.33,0.0510447,0,,454.842723637355,13467,,0.619384,0,924381,979020
1994-09-01,832.788,,0.631098,62.3,281753,123230,3518,138442,20933,10151,246337,54811,29396,69624,21086,23515,58750,79971,8614,47.2,1820,0,33963,,,,,10678,8266,5990,7120,4483,246011,222271.553902292,1153827.82639291,1560913.15023033,39.53,9378,53.6,3117,1161,530,2490,1628,658,0.0975333333333333,0.056467,0.740367,0.53733333,0.049667,0.0885,1740400,7208,1643,52336,22876,39424,8786.865758,17859.3,119841,4759,9591,8361,450.4074469,563.2583337,694.8904144,152.391,21.971,10533,10108,3901,7954.077788,3596075.7,239401.669799958,236387.9,264090,7051,6147,51.3,,31,0.864773065825461,16.7966666666667,0.343,0.669154256433133,0.0733333333333333,0.0465033333333333,0.0716707007967878,0.0869376666666667,12596040.5367541,2.96625,3695792.8921312997,,,27.8,1811,1714,902,1338,1397,453,1906,234,137,12797,34494,,,0.089,383.344,0.33,0.05146205,0,,458.274367622884,13909,,0.6231,0,931556.272490618,981051.91550806
1994-12-01,796.8561,,0.630249,62.9,284861,122598,4109,139217,20878,9575,249266,55360,30603,70344,21634,24022,59723,81371,8662,46.9,1837,0,34107,,,,,11069,8343,5701,6622,4397,247836,224493.091688809,1163280.33289845,1574479.18824734,39.6,9537,54.3,3260,1212,555,2514,1870,646,0.1034,0.071867,0.762133,0.54933333,0.055167,0.096333,1743800,7236,1564,52491,22447,39916,8797.770297,17893.4,121816,4702,10113,8439,458.2675061,566.7502743,703.092677,153.866,22.164,10533,10762,4387,8000.914184,3595523.1,229238.14567721199,245201.1,256371.8,7449,5826,50.1,,341,0.871983063407384,16.5366666666667,0.345466666666667,0.6583809867069,0.0783666666666667,0.0465433333333333,0.0749796031746032,0.0866573333333333,12916032.3286809,3.044,3720847.56931848,,,3.9,1924,1689,858,1453,1438,476,1927,357,134,12919,34767,,,0.0975,372.069,0.33,0.05146205,0,,456.841840801068,14081,,0.626215,0,938787.241209641,983088.04817269
1995-03-01,776.6445,,0.632632,63.9,284635,124763,3643,140813,20074,8752,248228,56665,31260,71664,22789,25107,61314,82290,8803,47.8,1851,0,34575,,,,,11283,8322,6530,6186,4293,248312,226736.833081906,1172811.17156679,1588163.12993339,39.71,10129,54.4,3253,1353,638,2527,1565,665,0.102062753623188,0.081933,0.741933,0.527,0.055529,0.1056,1750000,6984,1432,52866,22916,40383,8860.487686,17951.6,123550,4490,9915,8500,458.7359637,573.5009348,716.0115275,155.033,23.388,10596,11240,4984,8083.843197,3635851,229873.170865417,261450.6,248531.2,5722,6670,51,,302,0.878575735187517,16.89,0.355333333333333,0.6674086861502,0.0748333333333333,0.04411,0.0743243346508564,0.0866146666666667,13238933.1368979,3.07975,3746102.70824662,,,24.7,2072,1702,1050,1679,1600,549,1971,289,138,13061,35088,,,0.104,368.65,0.33,0.05146205,0,,457.022046236513,14771,,0.629973,0,946074.338484884,985128.40674644
1995-06-01,746.3289,,0.634798,64.7,285991,126466,2428,142565,19542,8281,249819,56344,30828,73328,23332,25802,61870,82779,8778,48.5,1925,0,35475,,,,,11207,8232,5802,5929,4248,258969,229003,1182421,1601966,40.04,10407,55.1,3152,1395,644,2611,1775,661,0.0925370032070799,0.077133,0.717433,0.48833333,0.049354,0.105367,1788700,6789,1350,54871,24070,40214,8922.041354,18004.9,124687,4719,10229,8605,466.8221271,582.3118407,729.9738356,158.786,23.264,10429,11308,4979,8175.712459,3695832.3,235369.271151068,269012.5,256996.2,5737,4034,51.6,,434,0.887612166791021,18.1033333333333,0.362266666666667,0.665421616476267,0.0662,0.0331833333333333,0.0691123809523809,0.0824256666666667,13561833.9451149,3.1155,3771560,,,23.8,2183,1836,986,1626,1629,568,2117,328,141,13257,35342,,,0.1035,387.362,0.33,0.05146205,0,,459.776661345598,15008,,0.635642,0,953418,987173
1995-09-01,751.1773,,0.636305,65.5,292600,129185,3478,142937,19314,8037,254125,59245,30737,74135,24394,25430,63323,84640,8937,49,1885,0,36422,,,,,11549,8383,6256,6280,4451,268518,231542.688307243,1193341.53387679,1612400.36072311,40.3,10607,55.3,3469,1510,704,2654,1973,678,0.0896414768806073,0.075433,0.748767,0.529,0.047531,0.1049,1798200,6677,1328,53848,23311,41398,8974.143545,18062.2,126391,4792,10292,8546,484.0034494,603.0871691,744.9110838,161.5,24.521,10970,11484,4891,8222.966224,3710395.2,232613.776150993,269400.8,256202.4,7433,6206,51.4,,363,0.892320342332006,16.2166666666667,0.350033333333333,0.667655690650333,0.0632333333333333,0.0305933333333333,0.067312353347136,0.0810893333333333,13884734.7533319,3.15125,3795976.62116359,,,29.1,2224,1959,1016,1827,1750,616,2145,300,141,13411,35594,,,0.1025,404.311,0.36,0.05190564,0,,456.378938503196,15592,,0.641999,0,961798.845569547,990234.72656369
1995-12-01,756.9065,,0.63731,66,292553,131785,3666,144519,18434,8374,252204,59207,31267,75223,24232,25401,64810,85955,9106,49.9,1942,0,37159,,,,,11572,8281,6064,6557,4633,273084,234110.542257285,1204363.9036779,1622902.68536286,40.55,10219,55.6,3502,1537,690,2631,2029,644,0.0841945773524721,0.074533,0.7495,0.54,0.046298,0.104833,1807500,6396,1414,55440,24676,42153,9020.838141,18119.6,127882,4696,10598,8611,486.7518536,600.5644191,737.6395212,166.694,24.06,10965,11583,5000,8263.931638,3717677.4,236845.435137113,265576.4,262808.1,5845,4923,52.3,,276,0.895322841677313,16.9666666666667,0.3589,0.674312325701633,0.0589333333333333,0.0298533333333333,0.0632726437305385,0.0778816666666667,14207635.5615489,3.187,3820572.538142549,,,29.2,2228,1936,970,1724,1776,600,2095,363,136,13579,35892,,,0.101,410.316,0.36,0.05190564,0,,454.691968864074,16172,,0.646493,0,970253.361420615,993305.949101789
1996-03-01,759.6294,,0.636498,66.3,297073,133409,3716,145821,17834,8294,256137,62904,32582,76331,25728,26071,65357,87161,9180,49.4,1958,0,38098,,,,,12034,8369,6180,7464,5226,275387,236706.874212644,1215489.0693508901,1633473.41660034,40.88,10872,55.6,3486,1702,783,2931,1876,677,0.0838968253968254,0.074867,0.7625,0.55666667,0.046949,0.1048,1833200,6215,1452,56512,25099,42709,9043.160451,18176,128585,5276,10626,8762,482.5530286,603.6301991,745.9284967,171.579,25.237,11310,11741,5143,8283.531042,3729703.9,242083.845087052,263867.9,264511,5806,4705,52,,43,0.899418703448384,18.5666666666667,0.380633333333333,0.681506267571467,0.0591,0.0323,0.0617893217893218,0.077532,14537963.088355,3.186,3845349.18301739,,,25.1,2347,1952,1041,1648,1919,677,2319,388,161,13753,36308,,,0.101,415.994,0.36,0.05190564,0,,456.88954473395,16145,,0.650372,0,978782.195138246,996386.69706616
1996-06-01,762.8012,,0.63579,66.7,298975,135523,4458,146735,17571,8493,260581,64051,33222,77113,25532,25407,66412,88743,9294,49.6,1966,0,38344,,,,,11826,8807,6784,7621,5157,277904,239332,1226718,1644113,41.21,10908,55.6,3543,1570,715,2948,1920,706,0.0887914569031274,0.075633,0.7909,0.57966667,0.04966,0.1029,1870200,6147,1734,55744,25166,42809,9063.81153,18224.8,130527,5145,11184,9000,468.0145335,600.8546241,754.0630648,171.267,26.478,11522,11784,5317,8301.01036,3717422.1,240208.061034131,269587.4,253571.4,6948,5383,52.3,,-3,0.906909057177403,19.5033333333333,0.3846,0.714269652935633,0.0672,0.0331366666666667,0.0646064912280702,0.080671,14868290.615161,3.185,3870308,,,20.6,2281,1977,1137,1597,1711,610,2249,400,159,13940,36503,,,0.101,425.306,0.36,0.05190564,0,,453.794862805419,16218,,0.654924,0,987386,999477
1996-09-01,783.3867,,0.635136,66.9,301360,136171,4966,146976,17629,8296,261298,63327,33382,77335,24991,25245,67924,89484,9426,50.2,2010,0,38958,,,,,12139,8226,6780,7300,4933,278886,242376.897588237,1238445.69356142,1654172.79388234,41.54,10971,55.6,3671,1610,691,2915,2334,543,0.0822429951690821,0.0713,0.785467,0.57633333,0.048575,0.096033,1902300,6226,1572,56383,25494,43012,9085.283354,18281.3,135226,5237,11002,9333,470.7556734,592.2896409,757.3576188,167.942,29.387,11093,11377,5353,8301.896648,3726927.8,247886.466975781,279320.7,262955.2,6299,3380,52.1,,-19,0.911093935575489,20.9033333333333,0.382633333333333,0.686494310020733,0.0678,0.0314366666666667,0.0633587834870444,0.0785106666666667,15198618.141967,3.184,3897389.28037534,15.0766666666667,,32.3,2252,1884,1112,1542,1734,585,2220,407,124,14092,36753,,,0.096,425.67,0.36,0.05241901,0,,455.210560855328,16733,,0.658199,0,996068.795973183,1004770.79293158
1996-12-01,783.8604,,0.633626,67.1,304236,138135,5477,148086,17880,8334,264050,65507,34845,78343,25603,26071,69018,91061,9547,50.9,2093,0,40557,,,,,12207,8821,6983,7722,4944,286750,245460.533837927,1250288.479860527,1664294.14037874,41.83,11525,56.1,3584,1611,1071,2959,1943,568,0.0734370048309179,0.064267,0.7997,0.593,0.042934,0.088833,1983800,6334,1566,55821,24844,42659,9092.788578,18330.1,139101,5848,11786,9600,469.6719657,600.1017909,764.7472385,172.062,30.064,11808,11082,5149,8308.928154,3724859.9,253716.51581171,277723.5,256458.9,6774,4429,52.4,,-25,0.915926690432219,23.5666666666667,0.4022,0.6485290213118,0.0634333333333333,0.0271866666666667,0.0588605339105339,0.0756936666666667,15528945.668773,3.183,3924675.245010377,16.6208333333333,,19.4,2252,1989,1279,1449,1710,901,2236,348,140,14295,37010,,,0.09,443.504,0.36,0.05241901,0,,454.807244855528,17424,,0.662148,0,1004827.9460226,1010092.62477111
1997-03-01,786.4243,,0.633317,67.1,306373,139429,5310,149556,18822,8738,265810,67614,35127,79490,26400,26218,69439,92156,9596,50.1,2136,0,40623,,,,,12929,9088,7250,8687,5463,281203,248583.401601078,1262247.523185688,1674477.41610966,42.05,11322,56.1,3553,1663,925,3035,2099,588,0.0758417376775272,0.059267,0.774767,0.593,0.043218,0.077833,2004900,6660,1597,56629,25631,42874,9121.819114,18388.7,139663,5722,10618,9803,473.8681691,595.2709216,753.7593379,174.894,30.667,11950,10814,4714,8335.394845,3743574.9,243498.011426601,272265.3,275089.6,7620,5816,52.5,,-184,0.91900474261341,21.1733333333333,0.390166666666667,0.6815915812018,0.0656333333333333,0.0257966666666667,0.0568795135566188,0.0740193333333333,15835642.3457313,3.16625,3952167.583323788,17.1083333333333,,29.4,2389,2057,1425,1516,1731,773,2277,415,148,14490,37248,,,0.0875,442.729,0.36,0.05241901,0,,455.554137253415,17548,,0.666783,0,1013664.12158461,1015442.64402844
1997-06-01,772.4609,,0.630449,66.9,315512,142988,5236,152049,19583,9278,270347,75670,37101,80830,29453,27382,71245,93595,9865,50.1,2133,0,42045,,,,,13291,9275,7479,8810,5658,292722,251746,1274324,1684723,42.45,11553,56.1,3470,1802,1618,3175,2026,706,0.0758311832611833,0.057533,0.762633,0.58466667,0.046779,0.0727,2079400,6900,1753,57380,25705,44517,9106.459787,18423,143010,6032,11506,9974,473.4245193,594.8509936,754.3122711,177.684,33.558,12444,10657,4605,8333.998879,3741679.8,243733.235560684,273322.2,276578.4,7332,4141,52.2,,165,0.927532481179747,18.0533333333333,0.366133333333333,0.689041814121833,0.0669666666666667,0.0260066666666667,0.0578216690716691,0.0731596666666667,16142339.0226895,3.1495,3979868,17.9083333333333,,6.1,2532,2084,1368,1542,1852,1361,2357,380,160,14733,37496,,,0.0845,475.136,0.36,0.05241901,0,,456.177260459247,18071,,0.66945,0,1022578,1020821
1997-09-01,763.9745,,0.629871,66.7,315980,143892,4367,154341,20699,9733,273749,72165,37908,82256,28606,28494,71062,94416,9858,51.1,2207,0,41627,,,,,12890,9959,7870,8464,5635,288037,256194.446298171,1287689.138950331,1697804.35084938,42.74,11825,56.4,3452,1902,963,3361,2282,698,0.0653497490432273,0.049533,0.733133,0.58066667,0.042549,0.068433,2140500,7244,1973,58764,26724,45304,9122.821489,18468.7,142545,6523,11529,10069,459.878945,591.2527319,778.025368,183.825,34.401,13011,10331,4258,8358.847003,3735458.8,246862.579950511,269868.8,277276.3,6435,5450,52.4,,-174,0.934053469507393,18.5066666666667,0.361866666666667,0.642363516413767,0.0624333333333333,0.0235633333333333,0.0560308300395257,0.0698953333333333,16449035.6996478,3.13275,4011151.501851771,18.4930769230769,,22.9,2579,2295,1356,1637,1944,822,2521,402,155,14944,37788,,,0.0775,486.182,0.36,0.05303387,0,,454.608449376312,17563,,0.670789,0,1031494.69265216,1025658.01205206
1997-12-01,730.1519,,0.63018,66.9,320542,147721,3262,156500,22462,9681,280296,70845,37879,83804,28969,29543,71882,95030,9870,50.3,2169,0,43085,,,,,12953,9801,7827,8330,5806,287583,260721.498311896,1301210.635541106,1710987.27432527,43.07,11659,56.8,3817,1929,939,3193,2275,636,0.061174071773637,0.0495,0.678867,0.574,0.040861,0.0674,2127500,7851,1975,59060,26863,45775,9153.151363,18510,142614,6398,12207,10246,462.9914508,597.2362433,787.6340256,193.674,36.467,13447,10230,4330,8422.999485,3772101.1,244345.188572559,276954.4,280961.8,8175,5309,53.1,,278,0.940301271127801,18.74,0.355833333333333,0.621350636822933,0.0590666666666667,0.01958,0.0548735007974482,0.0650293333333333,16755732.3766061,3.116,4042715.853449606,17.3515384615385,,14,2677,2388,1441,1866,1959,823,2475,455,149,15177,38077,,,0.076,476.587,0.36,0.05303387,0,,453.92111464317,18461,,0.675485,0,1040489.13722921,1030517.94358323
1998-03-01,718.8876,,0.628873,67,322495,148837,2060,156949,22810,9802,284160,69521,39384,84516,28153,30913,72611,94679,9886,50.1,2299,0,43843,,,,,13007,9556,7670,7834,5312,298555,265328.545033668,1314890.5567473578,1724272.55910756,43.32,11611,56.7,3738,1881,752,3109,2224,658,0.0585266666666667,0.049733,0.669067,0.607,0.038899,0.0674,2150700,7982,2017,58236,26683,46925,9168.421316,18572.4,146215,6276,10617,10387,448.8646534,600.1247537,794.1158328,199.408,37.266,13257,10175,4494,8449.533675,3769032,244658.144895649,277122,280075.4,7634,-531,53.4,,411,0.952016562743621,14.12,0.310766666666667,0.6048812562072,0.0558666666666667,0.0193433333333333,0.050003088023088,0.060453,17082469.1579499,3.095,4074564.019049048,17.5069230769231,,33.7,2735,2386,1273,1811,1836,675,2432,469,143,15392,38473,,,0.0755,500.597,0.36,0.05303387,0,,453.455611024317,19084,,0.678862,0,1049562.01171369,1035400.90319413
1998-06-01,711.9888,,0.629578,67.4,325872,150050,1212,159469,23113,9707,284304,72048,39676,86172,29550,31662,73708,95591,9991,50.5,2377,0,44780,,,,,12894,10040,7981,7923,5423,298708,270017,1328731,1737661,43.76,11943,56.9,3845,1861,1155,3086,2469,640,0.056334126984127,0.050667,0.629,0.578,0.035852,0.0674,2197300,8107,1987,59305,27205,47079,9205.985312,18607.6,148645,6837,11085,10534,448.1234709,614.0356773,799.8098516,213.392,39.509,13532,10383,4512,8493.996526,3796658.2,241014.481663998,280647,285879,5303,5007,53.3,,208,0.963901473660242,13.3666666666667,0.299266666666667,0.5852899024141,0.0559666666666667,0.0168733333333333,0.0488841228070175,0.0582133333333333,17409205.9392937,3.074,4106699,17.7907692307692,,8.5,2855,2526,1220,1857,1775,1076,2471,452,131,15647,38727,,,0.0745,505.707,0.36,0.05303387,0,,452.567040321291,19201,,0.682257,0,1058714,1040307
1998-09-01,721.4185,,0.631663,67.6,331941,152688,1566,162633,23443,9427,289933,71900,39855,87938,29428,32779,75944,97746,10209,51.1,2294,0,46362,,,,,12879,10171,8222,8340,5652,315961,273148.35666522,1341258.0403563702,1751985.15597831,44.13,12103,57,3982,1710,893,3066,2112,602,0.055019282891022,0.0513,0.591633,0.55066667,0.033648,0.0674,2242400,8260,1899,60753,28609,47645,9263.116814,18658.4,149987,6751,12953,10677,455.3664363,607.0920685,797.2829985,221.06,40.838,13071,10468,4607,8541.698328,3780628,233922.328435097,277612.8,283071,7342,5220,53.6,,98,0.972660833176411,12.4433333333333,0.280266666666667,0.549230130004733,0.0520333333333333,0.0142933333333333,0.0439030993161428,0.0551783333333333,17735942.7206375,3.053,4138949.7621625504,17.0215384615385,,26.5,2895,2542,1217,1886,1629,842,2494,455,118,15864,39129,,,0.073,497.446,0.36,0.05336313,0,,450.006639601103,20591,,0.684303,0,1068109.68369115,1045706.56582787
1998-12-01,683.0459,,0.62959,67.9,337084,155604,-385,164167,23838,9558,295419,73267,39869,88886,29034,32122,76419,96847,10236,51.1,2383,0,46242,,,,,13527,10221,7438,8557,5462,319232,276316.027320168,1353904.777818238,1766427.39105518,44.31,12249,57.2,3855,1751,919,3211,2510,565,0.0498387445887446,0.048367,0.624167,0.54266667,0.034305,0.066667,2293800,8464,1977,61595,28637,49058,9261.740121,18705.6,152390,6924,10661,10810,460.5911084,616.7114315,801.3259458,220.74,40.254,13315,10624,4705,8578.694184,3818055.7,229999.084350751,276930.5,280098.6,8233,5373,53.9,,-181,0.976475457565587,11.1866666666667,0.268133333333333,0.553379280734767,0.0467,0.0111466666666667,0.0401617388167388,0.0481936666666667,18062679.5019813,3.032,4171466.326209198,16.4485714285714,,20.1,2915,2401,1095,1678,1650,834,2546,524,117,16087,39473,,,0.0715,539.815,0.36,0.05336313,0,,451.416360634795,20268,,0.687041,0,1077588.75049807,1051134.15733578
1999-03-01,655.5529,,0.626805,67.8,339593,157062,-1109,167145,23891,9389,298862,71983,41095,90633,27928,32063,77067,98010,10270,50.3,2419,0,46603,,,,,13246,10098,7435,8690,5443,321527,279520.433094086,1366672.3735082461,1780988.6785985,44.6,12114,57.2,4144,1840,966,3282,2223,593,0.0531813882532418,0.0479,0.6268,0.55433333,0.035463,0.0652,2372000,8581,2162,61750,29563,50112,9256.137816,18770.5,156386,6478,11130,10954,470.2247213,627.7267709,825.0386832,226.079,42.823,13078,10962,4768,8600.584941,3815929.4,229645.657788129,278969.7,280105.5,7714,5389,53.8,,-260,0.975640429908976,11.2966666666667,0.2605985883978,0.530555698281133,0.0498333333333333,0.0194766666666667,0.0386294202898551,0.0445803333333333,18451027.1112739,3.0305,4204250.972093807,17.7275,,35.1,2765,2296,1039,1683,1669,874,2615,450,114,16309,39794,,,0.071,563.647,0.36,0.05336313,0,,451.049297395767,20487,,0.690476,0,1087151.94041416,1056589.91998706
1999-06-01,638.339,,0.625786,68.1,340877,157994,1751,168204,23661,10183,301692,72878,41945,91709,27449,31963,78326,102117,10422,51,2468,0,46262,,,,,12793,10184,7215,8860,5340,323685,282762,1379562,1795670,44.89,12700,57.3,4318,1807,896,3445,2391,559,0.0581329365079365,0.0485,0.656167,0.58233333,0.037217,0.0652,2396900,8640,2214,62753,29664,48929,9270.153999,18812.3,159716,6346,12698,11116,484.1790899,633.7284412,793.4849473,223.418,42.239,12865,11113,4899,8631.814983,3827001.1,228064.581741278,267488.4,282537.4,5805,5934,54,,95,0.979640062174596,15.46,0.289931760273567,0.502735054676567,0.0554,0.0150966666666667,0.0407419381787803,0.0489013333333333,18839374.7205665,3.029,4237306,18.6728571428571,,14.8,2478,2053,1110,1722,1622,800,2665,427,119,16548,40066,,,0.071,591.295,0.36,0.05336313,0,,450.064914058186,20112,,0.693238,0,1096800,1062074
1999-09-01,641.5119,,0.627967,68.7,344646,160793,457,170137,24399,10007,306180,75663,44032,93185,28853,33531,78586,102453,10442,52,2545,0,48888,,,,,13181,10762,7607,9151,5541,338003,283147.710072793,1391515.9013942531,1812842.34207434,45.17,12674,57.8,4253,1942,1049,3490,2409,643,0.0627242424242424,0.0494,0.647833,0.567,0.037138,0.0655,2471900,9080,2276,62211,29251,49828,9331.430128,18867.7,162559,7208,13193,11359,479.5270905,632.8712947,786.5090054,231.075,44.326,13679,12044,5145,8689.918275,3863810.6,229482.394490889,276020,284337.9,8640,5582,54.2,,164,0.980370809581574,20.6133333333333,0.331553372231433,0.4926794969395,0.0588333333333333,0.0178,0.0486530303030303,0.0549806666666667,19227722.3298591,3.0275,4273275.5678998325,18.2575609756098,,29.7,2582,2077,1473,1836,1730,931,2692,521,150,16751,40494,,,0.07,607.574,0.34,0.05367551,0,,452.924425699596,21377,,0.698784,0,1108368.19132146,1068917.32443124
1999-12-01,622.4134,,0.629263,69.1,350510,163672,687,172442,25076,10521,308995,79521,44726,94921,31481,34719,80787,104592,10613,51.4,2484,0,49135,,,,,13448,10467,8128,9307,5740,337172,283533.946285097,1403592.341191357,1830178.90660175,45.48,12945,58,4406,1905,1683,3644,2682,671,0.0663339105339105,0.054667,0.645333,0.558,0.037228,0.067,2595800,9470,2462,63173,30036,52459,9381.978633,18919.2,164492,8087,11729,11540,474.0136468,629.4634584,805.0223337,233.88,46.55,13336,12472,5517,8759.565262,3933254.4,234150.809391511,279507.3,281144.8,7765,6459,54.1,,53,0.982299827798785,24.0166666666667,0.3607499372033,0.499750245096533,0.0614,0.0175866666666667,0.0516,0.0552786666666667,19616069.9391517,3.026,4309575.9906540075,18.2348387096774,,24.6,2794,1988,1873,2083,1692,1508,2868,607,178,16985,40797,,,0.0725,662.889,0.34,0.05367551,0,,455.765804028066,20842,,0.702976,0,1120058.39490626,1075804.7428609
2000-03-01,626.0938,,0.628911,69.7,351882,168608,1489,172944,27611,11132,310318,81041,46788,95844,33100,36274,82184,106542,10762,52.3,2714,0,50508,,,,,13345,10386,10432,9757,6053,324339,283920.709354607,1415792.606999267,1847681.26407357,45.88,13509,58,4536,2061,1102,3835,2898,672,0.0690198285568995,0.057833,0.619333,0.54533333,0.037005,0.071333,2622400,10604,2544,64783,31788,55126,9414.705903,18986.7,164609,9182,12312,11715,470.9027296,618.5035714,818.3567568,237.83,51.522,13682,13030,6133,8788.612123,3939458.6,233922.930260479,270764.8,279575.1,8383,786,55.1,,-88,0.985575584679845,26.9266666666667,0.388808142986333,0.502175754273433,0.0648,0.0176866666666667,0.054603795721187,0.0560936666666667,20023103.3903891,3.02575,4346210.410475277,18.9525806451613,,37.4,2911,1995,2810,2374,1815,982,2983,642,195,17275,41135,,,0.076,708.086,0.34,0.05367551,0,,455.945235944629,20674,,0.707897,0,1131871.89764466,1082736.53940244
2000-06-01,597.5664,,0.631331,70.2,355304,170857,-1431,174411,29390,11163,313700,82492,46828,97433,35117,38456,83142,105491,10707,51.9,2496,0,54121,,,,,14336,11202,10035,9751,6326,331894,284308,1428118,1865351,46.32,13938,58.5,4543,2127,1179,3751,2860,723,0.0630091300288231,0.061933,0.587667,0.524,0.035834,0.077167,2656700,11354,2601,64639,31817,56585,9482.239814,19028.8,163285,9410,14060,11871,479.1845752,630.457703,837.4942939,240.58,54.263,13276,13555,6804,8884.673385,3977935.4,235795.925419752,275139.5,279621.9,8318,4230,55.5,,126,0.990907932768922,26.7666666666667,0.3927401964516,0.498481489659333,0.0617666666666667,0.01703,0.0526503367003367,0.0531143333333333,20430136.8416265,3.0255,4383182,17.8592857142857,,15.5,3432,2259,3037,2501,1905,1117,3044,663,215,17613,41400,,,0.079,710.76,0.34,0.05367551,0,,453.984331300824,24190,,0.711437,0,1143810,1089713
2000-09-01,572.711,,0.634579,72.9,356301,175080,3878,176367,22635,9292,311524,87117,46674,100936,37959,38636,84693,114682,10838,53.4,2666,4878,49004,,2283,,21886,14941,11926,8986,10053,6746,339707,284608.024750298,1436639.703357148,1874885.15436685,46.64,16959,58.9,4235,2297,1256,3882,2882,720,0.0617516218081436,0.0642,0.566767,0.516,0.034052,0.079833,2684100,9400,2214,64373,32224,57560,9561.565819,19086,164269,9098,14408,11882,494.9194208,636.6722182,844.2179459,248.335,55.636,13503,14632,7063,8988.854825,4003975.9,230921.191223022,282167.4,289180.3,9110,3609,56.5,,363,0.996973381995773,30.6733333333333,0.425468082142733,0.477194208763167,0.0589333333333333,0.0177166666666667,0.0524665286404417,0.053191,20837170.2928639,3.02525,4407682.707156268,18.6744615384615,,31.9,3633,2499,3127,2343,2046,1222,3168,769,243,17865,41805,,,0.0815,732.164,0.3,0.05442888,0,,456.336687115304,17914,,0.694285953885215,0,1152031.67860685,1096157.84943227
2000-12-01,587.8018,,0.629913,73.1,354898,174197,57,177440,19355,9326,308213,84614,45312,101881,38940,39798,85807,112084,11033,54.4,2691,6809,51944,,2665,,18824,14417,11335,10161,10042,7261,358724,284908.36611093,1445220.82055155,1884468.0395621,46.91,14764,59.1,4532,2341,1180,3992,3057,611,0.0588021929824561,0.063133,0.5305,0.49666667,0.034065,0.0807,2710900,7917,2248,64292,32329,56353,9523.725998,19141,166331,8256,14106,11953,499.6550513,635.3230383,827.7749051,265.837,58.72,12615,14669,7184,8935.924203,3940880.6,222331.559006075,272654,294277.9,8637,4720,56.6,,194,1,29.7233333333333,0.438870378969533,0.476710621370767,0.0556666666666667,0.0173433333333333,0.0508376851218956,0.05076,21244203.7441013,3.025,4432329.67551365,17.593220338983,,26.6,3792,2572,3826,2654,2119,1214,3388,922,259,18100,42136,,,0.08,689.249,0.3,0.05442888,0,,448.926420391043,20501,,0.698451446491783,0,1160312.45444062,1102640.8154
2001-03-01,609.1334,,0.629895,73.9,358245,179072,746,179005,20190,9661,310178,86599,44691,103698,39159,38548,87438,114823,11206,54.3,2648,6874,53588,,2883,,19780,14922,11346,9680,9893,7289,373762,285209.024416009,1453861.7767067389,1894099.90465803,47.32,15041,58.5,4416,2795,1250,4175,2934,725,0.0528580266955267,0.055467,0.5202,0.49266667,0.032252,0.076533,2797000,8227,2454,64797,33060,57160,9567.792493,19225.2,167378,8123,14793,12108,508.4543755,637.1539803,865.4883509,280.72,61.693,13530,14311,6837,8958.659079,3929027.2,235114.489163833,267958.3,299588.3,8678,3394,57.6,,341,1.00302904476037,25.8733333333333,0.4126006480557,0.4754784963161,0.0505,0.01364,0.047494696969697,0.0479163333333333,21732820.4302156,3.019,4457123.804699189,17.1073076923077,,54.8,3851,2601,3302,2554,2495,1289,3500,801,245,18392,42429,,,0.074,695.021,0.3,0.05442888,0,,445.355650217903,21539,,0.705435970657428,0,1168652.75229073,1109162.12333442
2001-06-01,664.5385,,0.634469,74.5,361385,180917,1550,180066,20931,10608,311086,87932,43918,105146,40780,39053,88648,117263,11290,54.6,2664,6954,52259,,3002,,19482,14796,12082,9266,10400,7857,369575,285510,1462563,1903781,47.79,15277,58.8,4498,2475,1258,4123,3049,693,0.0580581682769726,0.049067,0.508767,0.494,0.033985,0.0682,2907100,8540,2732,66129,33433,55914,9673.735862,19274.7,166530,7218,14991,12255,502.9171815,641.4011619,888.8691191,272.111,62.193,14140,13860,6134,9009.197321,3952134.8,228825.780436942,283854.9,305609,8102,4639,57.7,,328,1.01132000057863,27.2733333333333,0.401609938423767,0.4680106659543,0.0527,0.01239,0.0495823763955343,0.0508573333333333,22221437.11633,3.013,4482066,16.6226229508197,,22.4,3946,3181,3243,2580,2180,1332,3510,890,243,18662,42678,,,0.071,757.946,0.3,0.05442888,0,,444.729608703936,20701,,0.711079854212391,0,1177053,1115722
2001-09-01,666.0861,,0.634021,74.7,365519,184647,3618,180526,22574,11700,316480,86626,43690,105625,40086,38273,89586,119930,11372,54.9,2713,6632,52278,6200,3458,22046,19685,15550,12062,8976,10212,7834,356741,287330.758777278,1473088.225790938,1916938.46899794,48.09,15284,59.1,4759,2217,1225,4119,3039,668,0.0580871179183136,0.048467,0.5102,0.48733333,0.033796,0.067367,2975800,9314,3087,66511,34513,57843,9698.755442,19329.1,167296,7504,14864,12462,526.9407573,654.453429,874.7264265,274.66,66.364,16143,13596,6353,9032.669306,3944119.8,249962.719791082,274179.5,303206.6,8852,3723,58.1,,-38,1.01478748607095,25.3033333333333,0.3705792384147,0.482128114257433,0.0498,0.0133133333333333,0.0488427404479578,0.050589,22710053.8024443,3.007,4512149.895635088,16.4112698412698,,27.7,3947,3443,2918,2582,1927,1310,3498,742,233,18899,42968,,,0.0695,720.134,0.3,0.05512662,0,,443.078609355744,20759,,0.716057297753214,0,1185757.46701366,1122123.20084621
2001-12-01,680.0268,,0.634606,75.4,369880,187133,6197,181898,24179,11866,320518,84258,44668,107482,38669,38899,90624,124554,11453,54.7,2674,6716,52424,5432,3043,22689,20275,14606,11289,9541,9489,7451,347170,289163.128925525,1483689.4336702148,1930186.87229475,48.38,14268,60.1,4575,2555,1325,4002,3087,614,0.0556072602454753,0.042967,0.511967,0.49766667,0.034407,0.062367,3052400,10109,3264,66783,34026,58898,9743.212192,19386.5,167133,7699,15584,12704,508.1717037,669.2657638,892.977754,264.701,65.828,18065,13261,6007,9063.185432,3958116.7,263884.427206749,270412.3,302722.8,9415,4713,58.2,,333,1.0140993815738,19.35,0.3169667255266,0.457562744816367,0.0477,0.0134166666666667,0.0459439161435325,0.0478173333333333,23198670.4885586,3.001,4542437.433089235,16.9536065573771,,31.2,3659,3286,2710,2331,2190,1423,3408,734,205,19241,43236,,,0.065,778.954,0.3,0.05512662,0,,441.76903935061,20448,,0.722501491368823,0,1194526.30474469,1128561.12712427
2002-03-01,646.9134,,0.633178,76.1,372764,191286,4281,184204,25470,12336,325140,86354,46453,109464,39284,39285,91812,124829,11546,54.9,2714,6899,54326,7962,4457,22158,19699,14552,12500,9608,9585,7490,346986,291007.184492954,1494367.173716254,1943526.83835831,48.61,14776,60.5,4907,2320,1464,4158,3138,666,0.0603769444444444,0.043433,0.5186,0.51166667,0.035304,0.0607,3133000,10761,3475,67103,35240,59512,9761.072687,19453.4,167063,8790,14950,12922,534.3820322,667.2659146,896.3670058,258.797,66.405,17948,13372,6199,9114.159313,3973972,253895.152791834,280382.4,299262.3,8438,5034,58.8,240.012287770775,283,1.01563844102758,21.1333333333333,0.3332646305492,0.469457058343567,0.0507666666666667,0.0144733333333333,0.0498107575757576,0.050208,23784436.9183948,3.006,4572930.001612544,17.2535,,36.4,3558,3533,2559,2557,1960,1556,3492,781,208,19578,43535,,,0.0645,791.018,0.3,0.05512662,0,,442.931228045859,20977,,0.727559450952112,0,1203359.9892233,1135035.98953798
2002-06-01,625.3672,,0.631337,76.6,379182,194598,-2123,187100,27668,12175,332960,87324,48220,111752,38795,40286,93223,120942,11746,54.8,2789,7161,61948,6384,3595,24379,21479,15368,11955,9646,10154,7314,369124,292863,1505122,1956959,49.02,15038,61.1,4285,2283,1392,4135,3525,656,0.0617228299008391,0.048333,0.5573,0.52633333,0.035284,0.0632,3225900,11801,3544,67833,35052,60988,9763.958445,19495.2,167419,9463,15439,13102,544.5868879,668.0185174,898.081013,269.629,66.491,18980,13970,7121,9138.591196,3978741.3,256210.292954492,263486.5,302159.2,9051,5274,58.9,257.621238441691,-66,1.0237869939378,25.0533333333333,0.370960480851867,0.4861649945061,0.051,0.0136233333333333,0.0511348845598846,0.0520033333333333,24370203.3482308,3.011,4603629,15.8591803278689,,15.3,3627,3172,2748,2177,1897,1446,3368,831,214,19922,43843,,,0.068,765.593,0.3,0.05512662,0,,444.200356302317,27122,,0.731942239866054,0,1212259,1141548
2002-09-01,616.9251,,0.633184,77.2,380118,197262,-2099,189666,27599,12301,333691,86890,49007,114311,38952,41215,94978,123723,11850,55.7,2812,7664,58424,7523,4261,24736,21740,15622,11911,9260,9817,7106,386611,295927.076895769,1520258.538524189,1972950.17366728,49.2,14975,61.5,4531,2213,1434,4190,3583,659,0.0564796866177301,0.049533,0.548167,0.51033333,0.033823,0.0657,3320600,11864,3743,67963,36076,62913,9822.559403,19548.9,164990,8231,15561,13201,550.4867116,682.1203068,926.0322919,281.103,68.627,16871,14641,7748,9205.634342,4010430.3,263762.269510977,261795.8,304760.6,9679,4243,59.5,273.727201702184,-418,1.02670322377152,26.93,0.390326694960733,0.527745013057433,0.0426,0.0122666666666667,0.0461405828471046,0.0474976666666667,24955969.778067,3.016,4642497.618309899,15.8872727272727,,29.9,3678,3095,2892,2359,1844,1486,3397,901,216,20240,44241,,,0.0685,763.034,0.3,0.05557071,0,,443.400526502137,23811,,0.73679842430678,0,1224331.46162842,1149288.90611843
2002-12-01,609.0814,,0.6354,77.7,383312,200533,-2361,190589,28102,12789,342989,87734,52538,115586,39482,44028,95700,124965,11809,55.7,2894,7726,59785,7310,4157,26884,23814,15177,12348,8762,9306,6948,395317,299023.211672606,1535547.360334896,1989072.01825575,49.39,15500,61.9,4580,2257,1772,4205,3575,689,0.0551788474810214,0.048567,0.560133,0.519,0.033287,0.0657,3381000,12173,4001,68199,36479,64908,9891.112025,19605.4,165356,8866,15845,13361,577.5588771,682.6918071,934.7460925,278.646,74.685,16402,15217,7828,9282.030596,4045728,260814.388405185,268731.2,304416.3,10056,5215,59.9,287.546040484742,-499,1.02858012580752,26.7366666666667,0.404316370740033,0.541965223958033,0.0400666666666667,0.0101633333333333,0.0442569588221762,0.0460606666666667,25541736.2079031,3.021,4681701.682380656,15.8223809523809,,28.9,3534,3093,2802,2344,1852,1832,3372,954,243,20583,44577,,,0.068,808.656,0.3,0.05557071,0,,440.849336592895,24282,,0.742181358278331,0,1236524.14866229,1157082.30379001
2003-03-01,604.787,,0.638809,78.7,384195,202726,-1582,191715,29369,12476,344781,87704,52496,117253,39047,43135,97362,127693,11874,55.9,2919,7869,61134,7918,4531,26753,23429,16913,13051,8398,8298,6192,405767,302151.739735846,1550989.998120026,2005325.60153504,49.54,15008,62.2,4153,2350,1477,4346,4440,664,0.0523813888888889,0.0477,0.599133,0.54233333,0.032777,0.0657,3455800,12861,3921,69627,37499,65160,9986.323564,19676.6,164764,10831,15359,13518,591.3491404,699.3587721,911.1394531,279.608,73.528,16198,15627,7938,9381.536519,4068116.6,263248.635580855,279421.4,311672.1,9363,5310,60.3,280.411543958783,58,1.03202387357977,31.52,0.460620731617133,0.547144515830533,0.0392,0.00796,0.0404515873015873,0.043091,26186665.0471526,3.05225,4721244.148618226,15.0244262295082,,41.6,3784,3067,2881,2122,1882,1496,3395,1205,235,20927,44928,,,0.0675,810.424,0.3,0.05557071,0,,440.745406440515,23553,,0.748342290636111,0,1248838.25838418,1164928.54896316
2003-06-01,602.9901,,0.635305,78.6,385697,204700,-950,193173,27980,12473,347685,83971,53146,118070,35548,41376,99308,129477,12118,56.8,2978,8013,59755,8539,4908,26939,23342,16282,12714,8983,7498,5238,417553,305313,1566588,2021712,49.8,14433,62.2,3882,2261,1370,4438,4671,544,0.0505899481658692,0.047467,0.647533,0.57733333,0.031547,0.0657,3629600,12492,4225,69876,37765,66372,9964.830137,19720.7,166176,9077,15860,13697,578.2120192,684.3911656,905.8325505,280.883,76.159,15503,16105,8097,9361.839989,4074929.2,266120.765225632,280513.7,310509.9,8272,5030,60.4,303.55195473251,167,1.03668721445663,26.1933333333333,0.413812113654333,0.533385269578233,0.0362,0.00589666666666667,0.0385963492063492,0.0426623333333333,26831593.8864022,3.0835,4761128,15.1845762711864,,16.1,3546,2742,2493,1882,1777,1348,3349,1253,189,21274,45267,-1.85,18.7,0.0675,838.71,0.3,0.05557071,0,,440.514855733958,23144,,0.752433087637018,0,1261275,1172828
2003-09-01,589.0994,,0.633898,79.1,392275,209422,-1563,195769,28969,12899,355695,84867,54823,119986,35527,41392,100511,131183,12229,56.8,2940,8232,63701,8324,4795,28450,24436,16083,12597,8315,7714,5240,418573,308649.41085178,1584196.5795359998,2039375.41458944,50.11,15221,62.5,3673,2221,1486,4472,4463,554,0.0542327608381956,0.048167,0.657667,0.58233333,0.034073,0.0657,3797300,13151,4659,70974,38500,67662,9973.024081,19773.4,169458,10614,16533,14051,576.783438,707.9356462,907.9814151,286.907,75.259,17399,16435,8817,9383.924638,4076965.1,265368.885768102,269926.4,310772.1,8843,4566,60.5,268.697458633805,166,1.04033727370602,28.45,0.4263058546835,0.5329923926361,0.0423333333333333,0.0126066666666667,0.0409132411067194,0.04575,27476522.7256517,3.11475,4805098.4936697,16.0596153846154,,27.2,3482,2590,2289,1786,1720,1442,3321,1201,187,21623,45687,-2.00625,14.925,0.067,886.593,0.3,0.05618947,0,,441.316590023843,25025,,0.757473585909892,0,1275547.16868422,1181526.49954426
2003-12-01,571.5565,,0.634238,79.6,398941,214673,-1890,200296,30878,13106,362824,87575,57348,123298,36158,41841,102342,134503,12410,57.6,3093,8453,65780,8654,4987,29139,24731,16852,13259,7887,8474,5711,434306,312022.281459193,1602003.117944763,2057193.15195827,50.5,15739,63,3835,2181,1329,4498,5134,498,0.0574669220151829,0.0525,0.725067,0.622,0.035945,0.0682,3940900,14214,4787,71701,39159,69290,10011.656422,19827.2,169782,11509,17095,14226,582.6450883,710.4068941,927.3189571,301.88,73.991,18794,16691,9156,9440.099949,4107031.3,265795.789575422,272320.1,313334,9880,5759,60.7,278.891531208378,30,1.04219943844881,29.39,0.452366437633533,0.584002630918167,0.0428666666666667,0.0136666666666667,0.0428845232646835,0.0495603333333333,28121451.5649013,3.146,4849485.783050153,15.4391803278689,,25.2,3630,2516,2132,1875,1646,1226,3253,1413,175,22040,46054,-2.1625,11.15,0.0695,948.579,0.3,0.05618947,0,,442.758668188699,25442,,0.762553857167599,0,1289980.83648557,1190289.51314712
2004-03-01,555.4141,,0.632975,80.2,401918,218833,-2670,204222,31854,11931,370798,88263,60928,126281,36443,42864,104495,137028,12582,57.6,3026,8529,64409,8004,4657,30133,25287,16534,12759,7956,9648,6362,443592,315432.010248525,1620009.841122885,2075166.56040299,50.8,14963,63.1,3647,2295,1403,4493,5205,536,0.055788115942029,0.055433,0.7647,0.645,0.033821,0.0707,4040200,14873,4586,71799,39501,69558,10030.422015,19894.1,172987,10205,17210,14356,581.8205249,709.4957808,954.608038,302.901,72.986,19290,17726,10570,9475.007905,4111652.8,267846.736641779,276271.8,311308.2,10214,5277,60.9,278.241597015899,-139,1.04603379036463,31.9233333333333,0.494206782797733,0.621930021778733,0.0402,0.0131966666666667,0.0406481021394065,0.047673,28922912.934501,3.1555,4894293.920815115,15.7766666666667,,35.5,3570,2432,2164,1932,1689,1263,3314,1342,190,22438,46459,-2.31875,7.375,0.072,979.283,0.3,0.05618947,0,,441.838153832033,25736,,0.767643829153313,0,1304577.83087436,1199117.51928924
2004-06-01,547.291,,0.633457,80.6,404879,222271,1648,205404,31268,10904,371243,90198,62056,127401,39943,45541,106105,142774,12675,58.1,3175,8564,66200,8024,4720,30909,25856,16550,13683,7163,10373,7155,452358,318879,1638219,2093297,51.15,15876,63.3,3600,2388,1314,4551,5114,606,0.0586885714285714,0.055133,0.7084,0.60766667,0.033545,0.0707,4129200,14804,4326,73584,40752,70341,10068.274777,19932.7,174003,10357,20060,14638,599.9844104,736.022596,947.0682253,311.548,77.664,20477,18367,10690,9520.983774,4130565.8,268295.237553054,270390,327373.5,9403,6174,61.2,288.807339138488,-70,1.05701434708602,35.4466666666667,0.5283770588241,0.623895951681233,0.046,0.0161066666666667,0.042210202020202,0.050896,29724374.3041007,3.165,4939527,15.15,,12.1,4171,3444,2140,2146,1772,1229,3437,1531,219,22871,46773,-2.475,3.6,0.072,1021.812,0.3,0.05618947,0,,441.015087273669,26228,,0.772305999033882,0,1319340,1208011
2004-09-01,553.8901,,0.634027,80.9,407620,225362,-1492,207829,31293,10459,377155,89045,62967,129169,40637,47146,108207,141689,12921,59.5,3313,8607,68397,8087,4814,31251,26248,17005,13437,7125,10189,6978,472251,322551.806985399,1657929.502320799,2110061.53014214,51.4,15831,63.8,3494,2392,1267,4403,4945,594,0.0557098484848485,0.0544,0.7048,0.60433333,0.030522,0.0707,4230400,14982,4166,73467,41413,71277,10108.702141,19989.7,177507,11287,17969,14899,587.4922407,700.3836248,963.3075725,316.856,78.239,20497,18544,11220,9554.812017,4141489.8,267148.752709975,267865.2,319366,9984,5781,61.6,284.081036857564,198,1.06349131181534,41.3866666666667,0.564236189305333,0.592018415519333,0.0430333333333333,0.0159633333333333,0.0411121212121212,0.0500876666666667,30525835.6737003,3.1745,4984740.261557819,15.3293846153846,239.71608072982,30.4,4400,3720,2482,2177,1789,1192,3401,1549,235,23257,47249,-2.725,-1.05,0.0715,1060.103,0.3,0.0568267,0,3674.7,439.329595005593,27497,,0.776996301025673,0,1335377.6953354,1216749.22909488
2004-12-01,521.7639,,0.637236,81.7,410742,229295,-231,210683,30483,9987,381310,89906,65727,131617,40858,48387,110523,145706,13004,59.7,3302,8630,68758,8148,4886,33706,28585,17860,13825,7730,9615,6412,482864,326266.916885546,1677877.259328956,2126960.32191599,51.62,15577,64.3,3493,2506,1235,4619,5356,589,0.0534444444444444,0.054167,0.767533,0.631,0.027727,0.0707,4361100,14799,4060,73817,42225,73274,10195.658637,20046,179023,11358,18491,15246,609.2447012,694.4793536,959.8656857,334.758,76.484,21217,19344,11619,9673.894702,4197862.2,271533.819290746,277659.6,325981.4,10529,6048,62,297.29150259322,-168,1.06805996936996,44.1633333333333,0.592842714167733,0.5828168000744,0.0417333333333333,0.01444,0.0375158008658009,0.046634,31327297.0433,3.184,5030388.248004586,16.0903125,251.896910019616,28.5,4501,3839,2687,2106,1896,1139,3527,1707,287,23665,47629,-2.975,-5.7,0.0715,1102.387,0.3,0.0568267,0,4053.1,439.640563757446,27905,,0.783328936269192,0,1351610.34244341,1225550.66675964
2005-03-01,526.2707,7601416.7369863,0.641271,82.1,414115,233631,1471,209979,29880,9979,384800,91909,66924,131780,41821,48022,112397,147886,13108,60,3431,8789,70312,9359,5649,32933,27825,18663,14103,8416,9082,6039,494602,330024.81693993,1698065.1280679,2143994.45057901,51.87,16507,64.5,3580,2495,1315,4634,5480,541,0.054674037176274,0.0562,0.778933,0.639,0.027635,0.071533,4436900,14733,4061,74228,42699,75535,10305.137338,20126.6,184785,12005,17989,15579,601.756282,675.0209766,977.890884,340.09,79.176,21486,20146,11870,9778.866603,4262330.9,272456.547311451,287633.2,325792.6,10612,6019,62.3,292.946702504036,43,1.07005199655919,47.6966666666667,0.6316151641714,0.613383198592,0.0429666666666667,0.0135133333333333,0.0360165079365079,0.046421,32321938.7244248,3.19025,5076475.34886466,16.2143333333333,252.899697798245,47.1,4802,3985,2874,2206,1858,1189,3484,1830,237,24095,47987,-3.225,-10.35,0.0725,1134.334,0.3,0.0568267,0,4100.6,442.192050650533,28614,,0.788376225051672,0,1368040.31112797,1234415.77021775
2005-06-01,525.1832,7623621,0.643992,82.6,415961,238560,1408,213766,31177,9998,388979,92182,68931,134980,45408,50255,113751,151346,13117,60.5,3463,9156,71689,10190,6170,34555,29034,18853,14606,8716,9309,6207,501003,333826,1718496,2161165,52.23,15496,64.9,3415,2559,1546,4872,5335,610,0.0530006782106782,0.056967,0.766833,0.63933333,0.02687,0.0732,4490400,15496,4002,75342,43752,75755,10385.090406,20176.8,184201,13535,18542,15916,611.7638839,705.6521108,973.3263852,360.809,81.172,21626,20914,12286,9859.907206,4290969.8,269083.642898758,282915.8,326124.8,11188,6735,62.6,302.545940602424,98,1.07850153145271,51.6266666666667,0.667777011422067,0.623060389710867,0.0416,0.0121266666666667,0.033042784992785,0.0444126666666667,33316580.4055496,3.1965,5123006,15.6211111111111,270.780994380824,17.8,6091,5715,3230,2184,1924,1426,3700,1835,314,24582,48278,-3.475,-15,0.073,1086.506,0.3,0.0568267,0,4229.9,442.422651306373,28134,,0.793393441577328,0,1384670,1243345
2005-09-01,517.7738,7645825.2630137,0.645251,83.4,420475,244095,531,215051,30352,9881,393266,91366,68775,136993,45998,51037,116348,152794,13332,61.8,3697,9356,72565,11571,7029,35221,29616,18067,13836,8002,9254,6173,509890,341442.825206835,1743642.859174105,2175701.18381808,52.55,16247,65.5,3603,2589,1504,4777,5169,601,0.0519843246125855,0.0563,0.756033,0.641,0.025293,0.0732,4609400,15214,4118,74994,44208,79905,10442.048698,20244.7,184135,12796,19530,16122,618.6850045,731.720111,1005.2425307,383.602,80.178,21657,21595,12960,9924.274905,4296649.1,272472.410767653,293505,337526.2,11712,6766,63.3,304.557159202353,442,1.08775187944671,61.47,0.767024643786567,0.616374054165933,0.0421333333333333,0.0137,0.0316868341803124,0.0427896666666667,34311222.0866743,3.20275,5172617.974922545,16.320303030303,281.40408860501,37.4,5915,5915,3234,2265,1962,1401,3660,1755,330,25018,48681,-3.775,-22.65,0.073,1177.937,0.3,0.05751963,0,4592.6,438.200063755843,29104,,0.798352453734936,0,1402200.03396727,1253273.93193036
2005-12-01,524.2529,7667788.17534247,0.644376,83.9,424018,249501,-918,215597,29391,10198,398331,93939,70609,138362,49095,52905,117929,153036,13440,61.7,3803,9539,74981,13201,8028,36390,30717,20842,13573,7624,9232,6257,523965,349233.441628948,1769185.441208508,2190335.13927321,52.92,16758,65.7,3957,2644,1431,4851,5275,583,0.0539398845598846,0.0563,0.740433,0.63433333,0.024532,0.0732,4735100,14877,4534,76601,45594,82824,10468.377242,20311.5,184137,14128,19270,16493,606.8961784,744.3739777,1000.0493256,403.081,84.828,21296,21809,13182,9944.124353,4284192.7,272687.619046178,285533,342358.1,11126,7296,63.9,311.258664938431,315,1.0933296745317,56.88,0.763054107928067,0.627175795001767,0.0449,0.01485,0.0334145743145743,0.0429323333333333,35305863.7677991,3.209,5222802.733428959,15.5711111111111,302.406165263308,34.7,7336,6262,3259,2622,2009,1347,3773,1901,332,25509,49043,-4.075,-30.3,0.0725,1226.937,0.3,0.05751963,0,4708.8,437.89651535875,29392,120628,0.803680093556843,0,1419951.99957956,1263282.15294724
2006-03-01,530.9353,7689509.7369863,0.644923,84.6,424302,252482,-1015,218058,28049,10451,398472,93375,72271,141416,50508,54851,120287,156333,13652,62.5,3888,9773,76938,14414,8827,35545,29965,18306,13621,7521,9604,6417,519731,357201.814617479,1795130.521126869,2205067.52398593,53.32,17062,66.2,3902,2675,1321,5044,4940,647,0.0527226811594203,0.056167,0.735033,0.62266667,0.021912,0.0732,4907700,14298,4533,76661,45978,84032,10526.045278,20398.1,182340,15013,18508,16900,607.3464787,759.3606412,1028.1924427,418.308,83.156,21081,23396,13457,9995.109956,4294519.3,277823.701696262,280972.8,355839.1,10796,7735,64.3,316.610327485937,285,1.09754002543321,61.7533333333333,0.780938709028067,0.6650708721105,0.0457,0.0163466666666667,0.0347708498023716,0.041824,36559221.931556,3.24975,5273568.341339219,15.8187301587302,321.593449597623,53.2,7370,6335,3400,2974,2047,1251,3797,1700,371,25989,49442,-4.375,-37.95,0.0725,1290.503,0.3,0.05751963,0,5087.2,435.055629715571,30171,124983.5,0.810363895154245,0,1437928.70650939,1273370.29622642
2006-06-01,514.2645,7711714,0.646352,85.9,425319,255787,-3684,221464,29368,10592,401788,95210,75277,145362,52935,58429,122104,157966,13701,63,3756,9811,77577,14874,9288,35629,30034,19408,14070,7052,9516,6407,532026,365352,1821485,2219899,53.81,17130,66.9,3670,2634,1417,4979,5276,613,0.0568918767507003,0.0584,0.7537,0.62733333,0.02479,0.074867,5016400,15067,4685,77920,47209,84560,10587.591553,20451,178470,16382,18789,17218,623.9604925,733.8156417,1058.5019153,429.869,88.84,20915,23148,13824,10073.32701,4343553.1,275566.369285348,283255,347772.2,9908,7441,64.9,331.838472587031,290,1.10313138386648,69.5333333333333,0.851413091824433,0.677385971642933,0.0507,0.01902,0.0393939393939394,0.0461033333333333,37812580.0953129,3.2905,5324923,14.8493442622951,339.004868570671,21.4,8306,5946,3326,3398,2057,1308,3785,1990,386,26521,49722,-4.675,-45.6,0.073,1295.462,0.3,0.05751963,0,5034,436.736469732598,29170,129339,0.81717380621575,0,1456133,1283539
2006-09-01,500.0147,7748544.24657534,0.649747,86.6,431834,263275,181,223974,28251,9968,406864,96164,73904,148049,53896,57135,124467,164882,13811,63.5,3869,9850,78594,14124,8965,35738,30318,18200,14731,8525,10002,6746,549203,374833.019881002,1847303.503187622,2233240.74024447,54.33,17651,67.4,3339,2715,1189,5195,5619,581,0.0573632505175983,0.0615,0.758833,0.634,0.022928,0.077367,5137900,14584,4768,78287,48268,89120,10687.869186,20542.3,175823,17905,19093,17781,631.5847276,715.7769033,1048.9905027,446.363,95.747,21266,25515,15132,10187.854459,4396522,280861.182900163,292726.8,355105.6,12216,7831,65.6,331.230951560835,284,1.10720754423711,69.62,0.855711405123533,0.681042158409667,0.0489666666666667,0.01741,0.0388257418909593,0.0462056666666667,39065938.2590697,3.33125,5374198.783429012,15.6656923076923,326.38200084457,56.9,8422,5690,3974,3417,2091,1092,3963,2438,376,27187,50117,-4.4625,-51.825,0.074,1317.132,0.3,0.05830802,0,5113,438.782366302096,27771,133694.5,0.822840971517931,0,1472470.48330662,1293654.53999692
2006-12-01,484.0709,7784974.16438356,0.64862,86.7,437260,270302,730,226908,28816,9771,414120,97184,77785,150588,54894,58669,128936,168327,14217,64.7,4119,10015,78912,16331,10504,34677,29589,19029,14608,9034,9491,6561,584585,384560.0757437,1873551.34522885,2246662.66523281,54.88,18315,67.9,3407,2627,1263,5236,5453,569,0.0565370813397129,0.063467,0.781833,0.64466667,0.023603,0.079867,5330800,14926,4775,78873,49284,91855,10719.947058,20627.5,177266,17363,19692,18183,631.3060048,743.211756,1052.3815965,473.028,91.265,20485,26725,16611,10235.876113,4423238.6,280916.686137778,286285,362865.7,11642,7533,66.1,341.613106102074,283,1.11050086728356,59.68,0.7981875693189,0.711595624490967,0.0463,0.0168433333333333,0.0375744816586922,0.045934,40319296.4228266,3.372,5424063.810783001,15.4328571428571,365.732666851801,50.6,9297,5451,3824,3644,2020,1167,3987,2456,327,27609,50505,-4.25,-58.05,0.0765,1417.28,0.3,0.05830802,0,5644.3,438.201009368149,27942,138050,0.827753420181102,0,1488991.26948515,1303849.80032134
2007-03-01,491.2941,7821003.75342466,0.64978,86.7,443222,277175,-449,231761,29578,10071,424381,97661,81699,154913,55769,60617,132013,171839,14411,64.7,4198,10254,82500,16695,10816,37982,32259,18176,15096,8966,8471,6053,595644,394539.552313052,1900236.967465472,2260165.25688066,55.66,18865,67.9,3674,2681,1246,5691,5644,605,0.0580789574314574,0.0641,0.789,0.64766667,0.025495,0.0807,5498800,15463,4987,79413,50116,94449,10799.63173,20742.8,179675,19364,19854,18741,649.3046716,751.294779,1051.9535772,496.25,102.828,21238,27510,17544,10308.337634,4434628.1,270223.979419204,278306.5,358275.3,11322,6529,66.5,341.264821560787,322,1.11494933533868,57.7633333333333,0.798640463787567,0.746853944337467,0.0468,0.01658,0.0400224242424242,0.048616,41286959.5369744,3.41675,5474527.633593372,14.8138095238095,403.596386897683,76,9008,5713,3855,4088,2090,1154,4292,2517,333,28182,50879,-4.0375,-64.275,0.0775,1522.968,0.3,0.05830802,0,5978.8,434.671363414463,29154,149316.75,0.832415590061671,0,1505697.41515242,1314125.40924724
2007-06-01,469.9989,7857834,0.650608,87.7,445997,281231,1177,233695,29007,10833,427944,98423,83281,158202,55446,61423,135589,177130,14683,66.1,4360,10476,82987,16692,10927,39960,33689,18163,14914,9234,8208,5760,614136,404778,1927369,2273749,56.58,19073,68.4,3201,2857,1380,5435,6006,588,0.060117805958132,0.064233,0.8333,0.67633333,0.02626,0.0807,5669300,15355,5333,79029,50317,93764,10867.349611,20827.6,179890,17375,21693,18892,642.6267064,765.7680098,1073.8024439,516.151,97.663,22074,27440,18127,10397.350745,4479186.3,268201.447064612,276046.3,363886,12138,7793,67.1,356.545838968533,-8,1.11970769531405,68.5833333333333,0.8978584634876,0.7757880309937,0.0484666666666667,0.01763,0.0433054302422724,0.0520726666666667,42254622.6511223,3.4615,5525600,15.1886885245902,415.480243062675,49.2,8698,5160,3968,3707,2197,1241,4033,3015,342,28860,51116,-3.825,-70.5,0.0775,1609.417,0.3,0.05830802,0,6310.6,436.435896181453,30475,160583.5,0.839776502474021,0,1522591,1324482
2007-09-01,465.8357,7898610.61202186,0.652358,88.2,451367,285703,-857,237749,28845,10956,436273,99245,84797,161599,55112,62197,137793,179007,14821,67,4408,10790,84854,18384,12201,39699,33365,19169,15043,8682,8091,5818,616424,416742.267545589,1959352.473086469,2286879.81648224,57.48,19010,69.1,3528,2838,1514,5872,5543,561,0.060225956937799,0.0672,0.853767,0.68333333,0.025284,0.082367,5902000,15475,5444,80127,51696,94532,10947.503758,20924.2,183300,17740,20713,19809,636.8715438,759.4006471,1066.2815366,569.955,100.821,22708,29429,19495,10481.668083,4504482.3,260508.982114767,279429.8,373168.1,10811,7590,67.4,362.343361575071,153,1.12589949452494,74.9533333333333,0.941764239738,0.827535634396,0.0473,0.0169466666666667,0.0434250724637681,0.051837,43222285.7652701,3.50625,5581727.170756939,14.61171875,450.385071913597,62.8,9147,4994,3791,3644,2172,1372,4287,2343,334,29455,51473,-3.8875,-72.275,0.079,1659.158,0.3,0.05881943,0,6580.9,435.570509147703,31169,171850.25,0.846983173311046,0,1542610.20554088,1335494.88118823
2007-12-01,480.2041,7938944,0.654054,89.3,453019,291102,-82,240547,29045,10772,441235,99244,88461,164904,55927,64662,139993,183462,14936,67.6,4517,10997,84941,17525,11687,40734,33945,19599,15622,8671,8119,6030,636216,429060.170164977,1991952.796115647,2300086.4629446,58.44,19291,69.6,3589,2909,1526,5671,5039,567,0.0613581131682962,0.071167,0.896567,0.69933333,0.024854,0.084867,5997300,15787,5514,81002,52817,95988,11029.47054,21016.1,183502,17332,20905,20276,632.9477811,781.1365786,1087.3617488,591.604,97.447,24125,30590,20506,10549.266411,4562514.3,260892.372793657,285770.9,376554.9,13112,7730,68.2,380.220962680511,1525,1.13382036576478,88.56,1.0773057935716,0.899927912972333,0.0426,0.0154633333333333,0.0419252731922809,0.0479253333333333,44189948.879417904,3.551,5638638.591991916,15.4669090909091,415.144355104152,56,9373,5084,4431,3425,2182,1339,4103,2153,384,30126,51807,-3.95,-74.05,0.082,1646.679,0.3,0.05881943,0,6421,437.949041073682,30988,183117,0.857211620922514,0,1562892.62595067,1346599.33293167
2008-03-01,453.4032,7979277.38797814,0.653954,90.4,458046,298851,2324,241808,29651,10131,447244,102731,92517,167251,60554,68947,142827,188462,15074,67.9,4593,11010,85822,20027,13514,41090,34193,21071,15943,9152,8167,6492,643455,441742.160463388,2025183.882472838,2313369.37730242,59.58,20036,69.8,3733,2939,1706,5725,5124,565,0.0615215956558062,0.0759,0.917667,0.69666667,0.023944,0.090167,5838900,16384,5724,81983,54091,98659,11096.205015,21148.9,185976,17482,20963,20750,635.1194324,799.9221507,1095.9216081,611.19,98.5,25803,31550,21818,10642.801784,4581818.3,268797.545180749,284221.1,390696.1,12641,8310,68.9,369.807408712942,130,1.14332610917266,96.9366666666667,1.2034374440772,1.04859348074467,0.0366333333333333,0.0136766666666667,0.0392668603326498,0.045203,45228412.6780843,3.54475,5696349.376401788,13.2190163934426,409.236197232006,93.5,10692,5991,5102,3445,2205,1477,4157,2264,405,30876,52131,-4.0125,-75.825,0.087,1542.209,0.3,0.05881943,0,5409.7,436.742043680812,31477,191623,0.867059799996075,0,1583441.72200945,1357796.11662653
2008-06-01,476.2548,8020054,0.655351,91.6,459602,306615,4335,240834,29830,9089,446841,103863,96768,167822,66590,72432,146655,191163,15389,69.6,4844,10835,87650,20566,13973,41953,34918,20423,16425,9013,8738,7036,655156,454799,2059060,2326729,60.91,20087,70.7,3685,3000,1888,6108,5180,503,0.0637074206349206,0.078,0.950733,0.723,0.02294,0.094533,5757400,16699,4950,82231,54705,103987,11183.572265,21249.2,186084,18354,22385,21260,626.1812451,810.71802,1099.2951697,614.164,102.409,26245,32239,23319,10707.317453,4636159.5,272941.072499514,287491,394876.9,14694,8278,69.2,373.700219711846,68,1.15455328434748,121.396666666667,1.45871983519533,1.14791687477627,0.0388666666666667,0.0165966666666667,0.0425412698412698,0.0490726666666667,46266876.4767506,3.5385,5754875,13.3449206349206,399.620211007102,65.1,12106,8971,5699,3532,2197,1562,4424,2381,427,31726,52374,-4.075,-77.6,0.09,1571.031,0.3,0.05881943,0,5332.9,438.996307096029,33555,200129,0.877051549844151,0,1604261,1369086
2008-09-01,470.5925,8062895.75342466,0.655254,92.6,462855,316397,6313,240096,29620,8274,451846,103836,96726,168736,73838,75612,147529,193965,15384,70.2,4841,10485,84817,21366,14822,42067,35296,20666,16719,8535,8113,6729,681425,468555.198948172,2090488.534215342,2338552.56982829,62.17,20361,71.6,4012,2930,1904,5784,4005,576,0.0595831027667984,0.074433,0.868967,0.67766667,0.022762,0.095333,5639100,16763,4273,83611,56436,112921,11244.789251,21366,189570,17419,21649,21544,658.3024633,817.1124088,1092.127945,631.335,111.352,25834,32429,22490,10774.196783,4660126.4,278203.007820676,287808.2,398541.9,14414,9034,70,365.289398537192,368,1.16684094812657,114.396666666667,1.38397731567337,1.07910303702413,0.0386333333333333,0.01483,0.0426230221469352,0.0478206666666667,47305340.2754169,3.53225,5807321.811885832,12.3561538461539,374.817281952311,84.1,14185,13316,5701,3789,2203,1604,4406,1718,479,32509,52798,-0.41875,-68.025,0.0875,1424.435,0.3,0.05948126,0,4631.3,438.837243865452,31721,208635,0.88794837761536,0,1621933.33526717,1378280.7078422
2008-12-01,501.2746,8105271.83561644,0.654047,92.6,460883,316940,17848,239618,28983,8185,442309,102550,89085,169525,79691,77982,147920,206410,15373,70.4,4877,10303,84194,23202,16291,40753,34944,18358,16214,9708,8822,7845,699021,482727.478427529,2122527.825160929,2350436.22263294,63.33,20941,72,3994,2973,1555,5595,4057,662,0.0479056385281385,0.0506,0.672667,0.54966667,0.025792,0.076367,5324300,16486,3993,84818,58066,111862,11287.086236,21475.6,186733,17295,30674,22175,667.1575378,785.6846671,1113.5349297,648.206,130.346,26786,32418,20760,10785.811612,4628906.3,277516.007869637,301092.4,400073.9,13892,8551,70.8,356.49082260718,-1272,1.17602423503596,54.66,0.8092549279066,0.8345687006263,0.0325333333333333,0.01359,0.0349595766590389,0.0415326666666667,48343804.0740832,3.526,5860501.214640939,9.88921875,370.029230064306,73,13574,17349,6156,3420,2433,1600,4646,1837,466,33311,53169,3.2375,-58.45,0.0685,1268.599,0.3,0.05948126,0,3659.3,436.417147565298,31661,217141,0.894167514341187,0,1639800.3467334,1387537.16684707
2009-03-01,604.7997,8147182.24657534,0.656239,92.5,465520,318421,13646,240725,28392,8403,441289,105219,81485,171287,75733,69498,147384,204169,15378,68.9,4827,10326,83119,21187,14992,40171,34819,19467,16202,9746,10321,7847,704793,497328.423528548,2155192.602455528,2362380.26373324,64.39,20461,71.9,4035,2790,1038,5389,4428,673,0.0422215909090909,0.033533,0.658833,0.55133333,0.022287,0.061733,5307600,16080,3808,84834,58543,115011,11393.671833,21601.7,183794,16873,24787,22886,668.1557412,801.734445,1154.1487417,631.617,137.317,25891,31900,19156,10788.872103,4606078.2,290674.323116916,309307.5,406620.6,13693,7803,71.1,356.818513462585,151,1.26616988329678,44.4333333333333,0.6831159850828,0.844936506324433,0.0273666666666667,0.0129066666666667,0.0307266594516594,0.035365,49624914.8820465,3.57025,5914428.657920858,8.5808064516129,411.651284750287,88.7,13837,15058,4838,2666,2232,1092,4408,1739,385,34059,53517,6.89375,-48.875,0.0575,1268.174,0.3,0.05948126,0,3532.3,433.124511938845,30420,217210.75,0.902324856522981,0,1657864.17892698,1396855.79173209
2009-06-01,654.7634,8190024,0.654973,93,468393,313814,16430,244539,26982,9269,446985,103287,81789,174836,60909,63267,147051,210782,15296,68.3,4825,10572,84578,21461,15188,40048,34340,21130,16807,9578,10095,6973,687949,512371,2188498,2374385,65.3,19605,72.5,4083,2579,747,5449,4818,538,0.0502431746031746,0.0316,0.776367,0.62566667,0.028065,0.057667,5587100,15325,4335,85556,59221,110339,11428.845761,21691.7,180992,14850,33332,23461,692.6453179,798.3387797,1190.0829086,598.317,138.341,26099,31005,17271,10774.082318,4571067.7,283412.904131919,312257,408895.5,13206,7714,71.3,376.16807889197,542,1.35429512866134,58.6966666666667,0.7768820884783,0.898630410081033,0.0331333333333333,0.0141533333333333,0.0332587878787879,0.035833,50906025.6900097,3.6145,5969120,9.0358064516129,436.906215415373,54,10593,9391,3823,2507,2020,723,4133,1619,298,34747,53784,10.55,-39.3,0.0575,1363.141,0.3,0.05948126,0,3947.8,428.850015085947,33458,217280.5,0.908303415194213,0,1676127,1406237
2009-09-01,650.742,8222745.75342466,0.653133,93.7,470050,314857,10129,245667,28075,9743,449954,105133,85521,176635,59221,64355,149031,206635,15524,70.1,4747,10983,82201,19494,13697,37969,31981,22253,18502,9530,9287,6263,726061,523196.787600105,2216629.665251985,2386476.81762987,66.04,19229,72.8,3703,2622,1076,5679,4795,540,0.0544823748353096,0.0327,0.849167,0.66733333,0.030193,0.0578,5949600,16180,4736,85320,59711,108028,11450.354287,21788.1,182008,14857,24944,23377,642.6496795,811.6044928,1219.3448708,580.44,136.44,26400,30608,18002,10799.612243,4558136.5,290494.248947927,320722.3,402085.8,15653,8988,71.5,388.044957867255,-431,1.44128504828253,68.2,0.8471501865488,0.8985213105399,0.0351666666666667,0.0131933333333333,0.0330208200012548,0.0373153333333333,52187136.4979729,3.65875,6021118.753342785,11.6742424242424,405.962102530825,62.5,10932,8329,3981,2488,1969,975,4125,1607,323,35287,54226,12.43125,-20.15,0.059,1489.822,0.3,0.05984118,0,4739.3,427.742383438847,30455,217350.25,0.915111386110116,0,1693432.87765188,1418012.27046093
2009-12-01,638.6633,8255111.83561644,0.652768,94.5,473826,321978,9921,248968,28681,9559,456681,107277,92425,180412,59796,66060,151419,210485,15660,70,4695,11399,84163,19041,13314,41018,34038,22722,19062,9767,9240,6037,755590,534251.311169192,2245168.748280052,2398630.21417537,66.68,19188,73.6,3892,2682,1186,5656,5204,583,0.0546333333333333,0.03953,0.910267,0.701,0.028997,0.063167,6292200,16724,4993,85375,60400,111903,11491.527431,21865.6,180783,15125,24743,24079,678.1585711,831.784471,1178.4188533,572.827,141.728,27715,31214,18744,10852.864136,4608269.7,288133.549751558,314436.3,419213.9,18002,9269,71.8,423.187133867276,-527,1.53075506208881,74.63,0.927951672952533,0.938217097444833,0.0346,0.0130966666666667,0.0318824458874459,0.0373873333333333,53468247.3059361,3.703,6073685.104818172,14.51640625,336.357354286637,41.7,11267,7842,4355,2600,1930,1024,4011,1945,334,35866,54609,14.3125,-1,0.0645,1544.572,0.3,0.05984118,0,4882.7,430.581024849874,31120,217420,0.922425735028029,0,1710917.43711086,1429886.14236275
2010-03-01,615.1273,8287122.24657534,0.652708,95.2,475934,329458,11337,250171,28118,9435,460989,109961,95901,182570,64649,68295,154215,214342,15840,70.2,4865,11509,84536,18063,12662,39647,32773,23741,20108,10222,9706,6491,754881,545539.403625234,2274121.926877604,2410845.50323393,67.34,19048,73.8,3682,2722,1252,5780,4932,608,0.0555166666666667,0.0423,0.8989,0.70133333,0.027383,0.067233,6511900,16537,5204,86291,61802,113601,11543.01659,21964.1,180324,15224,23994,24347,683.3545891,830.9496576,1187.4582476,568.569,140.305,28840,31869,20165,10927.889246,4622632.9,272563.606782562,310258,416397.3,20092,9753,72.3,422.365278289716,98,1.52251357384588,76.25,0.9685576520361,0.940247603918467,0.0371666666666667,0.0132133333333333,0.0317655797101449,0.0405213333333333,54738118.179452,3.7595,6126826.871466304,15.3119230769231,319.5614277461,59.9,13408,9045,5024,2681,1992,1074,4121,1817,361,36436,54962,16.19375,18.15,0.068,1545.99,0.3,0.05984118,0,4893.1,431.070523579906,31396,199584.5,0.929996183165348,0,1728582.52325237,1441859.44135477
2010-06-01,612.0753,8319844,0.651628,95.8,478897,341052,9407,253795,29185,9069,463318,112062,99649,186115,74535,71932,158457,216245,16234,72.1,4928,11726,87089,20407,14272,39162,32164,23343,20706,11184,9560,6741,755555,557066,2303496,2423123,68.13,19220,73.9,3921,2848,1151,5678,4841,595,0.0553416666666667,0.047458,0.8771,0.691,0.027508,0.073066999999999993,6396500,17287,5140,87414,63325,121987,11568.45896,22031.8,177905,16840,24454,24707,694.1472519,816.305889,1209.393657,563.308,145.575,28135,33468,21915,10956.383646,4680104.9,281833.976446636,319563.5,425234.3,19115,8355,72.7,437.477441305073,269,1.5197947180724,78.51,0.969610748596967,0.927993800856067,0.0349,0.0120766666666667,0.0278065584415584,0.038262,56007989.052968,3.816,6180552,16.8435849056604,256.762442450515,32,17999,11529,5764,2947,2091,1010,4124,1927,371,37095,55250,18.075,37.3,0.073,1463.362,0.3,0.05984118,0,4324.8,435.094255662445,31563,181749,0.93363589631389,0,1746430,1453933
2010-09-01,597.1838,8349401.96164383,0.654111,96.4,482263,346004,11854,256335,29351,8487,468698,110416,98195,188069,74982,71115,162042,221023,16472,73.9,5139,11736,88826,21100,15022,39422,32610,22482,19985,11272,10171,7158,757707,571926.008370445,2333708.138285225,2434511.95403879,68.87,19386,74.5,4180,2918,1093,5562,5548,613,0.0503916666666667,0.047992,0.919033,0.70433333,0.025825,0.0739,6486100,17517,4870,87011,63571,122097,11652.928207,22104.4,177236,16472,25063,25071,695.470662,864.8609577,1256.5544305,559.13,147.63,28926,34871,21807,11055.744381,4698697.4,275865.54074524,319251.5,429084.9,18602,9152,73,429.509345003348,567,1.52066688972703,76.82,0.969583919762633,0.997698125293033,0.0278666666666667,0.00998666666666667,0.0242212121212121,0.032896,57277859.926484,3.8725,6233267.253263734,16.0342424242424,289.187345264869,41.8,18702,11794,5703,3008,2124,940,4030,2131,382,37680,55725,17.78125,49.35,0.0735,1549.49,0.3,0.06029744,0,4636.9,432.21787687166,33128,163913.5,0.938965476281398,0,1761782.12991478,1465047.16093972
2010-12-01,597.76,8378638.64109589,0.656862,97,486298,352107,15299,259199,28401,7888,473937,112091,103091,190417,74588,71441,165581,227103,16706,74.7,5227,11686,92535,21705,15496,40897,33586,24441,19867,11113,9944,7169,747793,587182.414741791,2364451.628673661,2445954.43745851,69.47,19133,74.7,4235,3026,1120,5930,4613,628,0.0533916666666667,0.0495,0.984733,0.73833333,0.0267,0.076567,6557100,17043,4747,88114,65382,124843,11743.364151,22172.5,177101,17938,26601,25280,694.3381024,855.7590883,1274.6959094,551.038,142.893,29889,36277,23256,11145.604135,4737951.5,280435.883482481,323224.9,445565.3,18485,8420,73.3,442.116662101618,771,1.53164439488143,86.46,1.09224767960433,1.13406046993247,0.0286333333333333,0.0106566666666667,0.0259773448773449,0.0332976666666667,58547730.8,3.929,6286652.3469288405,15.691875,308.879595331979,38.4,19242,10680,5547,3142,2125,914,4167,1965,392,38294,56116,17.4875,61.4,0.0755,1644.088,0.3,0.06029744,0,4846.9,431.536007042142,35004,146078,0.942945684983016,0,1777269.21393187,1476246.28079667
2011-03-01,585.2938,8407554.03835616,0.656311,98.4,484880,358017,16866,260732,28643,7878,481349,106390,103780,193645,75356,72292,168909,232098,16941,75.8,5211,11706,93046,25841,18560,40906,33751,23406,17135,10134,9919,7669,760401,602845.793224845,2395738.231600755,2457450.70185335,70.39,18465,75.2,4423,2982,1184,5631,4150,588,0.0552166666666667,0.049308,1.014033,0.75266667,0.027367,0.0779,6547900,17264,4658,89547,67287,122267,11783.12566,22268.8,178596,17945,26518,25676,701.2792346,832.9645367,1271.2677162,556.594,147.902,30414,36676,23206,11197.831825,4788761.3,286138.257772789,330412.8,446862.7,18227,8674,74,426.553126603141,175,1.5429204923738,104.96,1.27407522830533,1.26559411658147,0.0346,0.0122266666666667,0.0314246859903382,0.0378193333333333,59689411.5506,3.9415,6340719.942468265,15.3264516129032,321.574760060617,61,20290,10028,5823,3516,2088,987,4072,1985,401,39063,56467,17.19375,73.45,0.0755,1659.753,0.3,0.06029744,0,4928.6,436.706795729448,34920,140977.5,0.950833346926192,0,1792892.43837591,1487531.00901416
2011-06-01,584.2201,8437112,0.653074,99.3,490735,366941,15834,262484,28385,7673,486482,109235,107421,196321,78972,74700,171891,233854,17176,76.4,5296,11786,93459,27724,19866,42252,34535,24143,17516,11161,10490,8384,767420,618927,2427580,2469001,71.18,19050,76,4147,3119,1330,5575,4461,555,0.053325,0.04965,1.078267,0.78166667,0.025508,0.0779,6517600,17202,4461,90476,68408,128870,11771.166147,22340,182661,18701,26330,26225,712.6843863,852.6891457,1265.9972969,549.954,149.864,30724,37212,24251,11186.946063,4761781.6,284182.264721573,325610.2,456324.4,15941,7757,74.5,431.694541362418,112,1.55680644386997,117.36,1.35695904123243,1.24774758852927,0.0321,0.01139,0.0309744816586922,0.0356053333333333,60831092.3012,3.954,6395483,14.122131147541,329.964362412212,39.2,21272,11346,6604,3039,2099,1070,4017,2112,414,39749,56737,16.9,85.5,0.076,1615.032,0.3,0.06029744,0,4659.8,433.012115633482,34614,135877,0.958512443217199,0,1808653,1498902
2011-09-01,615.076,8478395.1147541,0.65449,99.7,497577,373550,16969,264235,27815,7868,493455,112602,113186,198599,82657,79084,174763,237259,17375,76.8,5452,11834,96654,35167,25111,42903,34920,25977,18844,9726,11056,8702,798035,646787.267500765,2469503.638747105,2477681.11836647,72.05,18623,76.6,4466,3195,1177,5803,4371,572,0.0457166666666667,0.048742,1.047533,0.75766667,0.021058,0.0779,6307000,16854,4590,91339,69870,134224,11839.856898,22432.8,181636,19816,29637,26902,731.24111,842.37755,1306.6830446,567.504,158.263,30700,37855,24536,11224.780849,4776514.1,286795.435658275,322291.6,457130.8,17601,7744,74.6,421.194970573586,425,1.57286139592291,113.34,1.321280114855,1.22489016931377,0.0242666666666667,0.0102433333333333,0.0226212623125667,0.02867,61972773.0518,3.9665,6457717.9222881645,12.0689393939394,337.237587094344,55.4,23029,12395,6114,3149,2166,961,4271,1871,411,40428,57155,16.675,105.675,0.0755,1499.752,0.3,0.06094677,0,4070.1,434.074518135492,36437,130776.5,0.962296697213058,0,1822716.37124634,1510533.16517459
2011-12-01,617.4498,8519229.5,0.652922,99.9,503106,374487,19217,265385,27388,8096,498382,115137,113116,200003,82865,80811,176570,241023,17508,76.2,5628,11872,97102,34476,24651,41301,33637,26805,19739,9806,11780,9122,793996,675901.632019779,2512790.725731759,2486391.75290319,72.78,18430,76.9,4503,3331,1173,5563,4392,560,0.040925,0.046183,1.022867,0.75766667,0.018975,0.075467,6315000,16587,4414,91886,70906,133546,11862.032531,22522.2,184132,19080,27475,27468,734.7482802,852.6383436,1336.433503,567.486,164.502,31069,37416,23339,11244.582715,4804803.9,292906.999653293,318605,451734.8,20394,7281,74.7,418.289263969879,261,1.58806141384857,109.396666666667,1.25033588442133,1.12261291201597,0.0204666666666667,0.0102366666666667,0.0193469696969697,0.023345,63114453.8024,3.979,6521437.064386619,11.6853968253968,351.806623380152,50.6,22039,12892,6339,2953,2237,975,4111,1960,411,41044,57511,16.45,125.85,0.0725,1492.16,0.3,0.06094677,0,4111,433.797420966275,37334,125676,0.968349951489951,0,1836889.09371198,1522254.58575167
2012-03-01,612.6644,8560063.8852459,0.652657,99.9,508343,375468,14682,269320,26271,8135,508081,113284,116731,203831,76415,82237,180657,240463,17848,76.8,5787,11870,98294,42698,30572,42222,34220,26575,19794,9777,11318,8177,819530,706326.545252315,2557498.5629210947,2495133.01089402,73.49,18235,77,4452,3227,1422,5719,4422,573,0.0397166666666667,0.044075,1.061833,0.78,0.015408,0.0736,6417500,15919,4580,92235,70749,131179,11917.370544,22640.9,187863,17939,26003,27897,736.7622345,855.3678882,1327.5665832,568.52,175.487,29211,38062,24102,11304.706165,4823684.3,289122.042496106,323052.6,464401.7,16523,7786,74.9,423.965461145893,212,1.60077193079789,118.49,1.31422977615377,1.13015477212277,0.0203666666666667,0.00962333333333333,0.018344227994228,0.022175,64345185.6515468,3.98775,6586698.535909365,12.3142857142857,358.93271461717,74,19210,11471,6460,2834,2187,1165,4200,1866,420,41664,57837,16.225,146.025,0.0715,1567.629,0.3,0.06094677,0,4420,433.520633113249,38883,127114,0.972260314949912,0,1851172.01766878,1534066.96209425
2012-06-01,611.9467,8601347,0.651637,100.5,511992,380785,16752,270480,25243,7842,512272,117276,116097,206577,79789,83355,182074,245459,17838,76.7,5832,11955,100002,47060,33791,41560,33740,27666,19603,10407,11964,8783,814362,738121,2603687,2503905,74.31,18544,77.4,4401,3249,1331,5815,4518,557,0.0337666666666667,0.037833,1.012367,0.757,0.011133,0.0709,6564700,15330,4723,93195,72210,131580,11953.479504,22733.5,188546,18354,28404,28133,704.6647303,878.8339382,1331.4458067,582.694,178.457,29856,37801,23164,11341.532811,4821759.1,294862.669456696,313826.9,473590.8,18212,8244,75.6,430.182417369489,346,1.60718914271132,108.306666666667,1.23249088829807,1.1272477163102,0.0182333333333333,0.00849666666666667,0.0142050163287005,0.0197436666666667,65575917.5006936,3.9965,6653563,12.4459016393443,332.27805584826,51.9,20932,10686,6853,2769,2241,1109,4337,1984,423,42388,58070,16,166.2,0.0655,1498.847,0.3,0.06094677,0,4135.5,431.123352515792,39970,128552,0.977385209556454,0,1865566,1545971
2012-09-01,633.1366,8642439.74520548,0.651312,101.6,515130,381809,11118,271290,26253,7939,512776,118503,115955,208903,75305,81388,181709,242304,17700,76.3,5734,12068,101758,46272,33383,41906,34064,28076,20127,11611,12449,8797,819396,771284.733478125,2647769.992335735,2512362.55224451,74.93,18228,78,4173,3228,1402,5657,4170,554,0.0305583333333333,0.035508,1.043033,0.776,0.009175,0.0683,6626400,16063,4645,92074,71737,132059,11999.576377,22833.9,189421,17607,30606,28696,688.4865985,885.1174487,1353.6818984,584.86,187.767,30024,37344,22697,11366.439767,4810009,299546.632330956,305977.7,454874.8,17614,8574,76,422.199497948346,704,1.60730596950461,109.613333333333,1.24576650911017,1.18208683370847,0.0164333333333333,0.00779,0.0135817061923584,0.0168266666666667,66806649.3498404,4.00525,6715838.702811435,13.2069230769231,333.635622342594,63.3,17914,10157,7230,2456,2185,1139,4121,1649,411,42865,58409,14.49375,171.975,0.065,1550.151,0.3,0.06182194,0,4406.3,431.518254715855,40524,129990,0.984389135178116,0,1876485.25885761,1555706.15823119
2012-12-01,645.983,8683085.83013699,0.650594,102,517406,383401,13817,271887,26988,8134,511518,119669,117509,210348,75477,83040,184175,246628,17849,76.6,6012,12118,101529,48797,35302,35492,28634,29295,20214,11063,12612,9033,825818,805938.511567104,2693406.940295914,2520848.67194265,75.5,18494,78.3,4108,3162,1278,5481,4312,533,0.031125,0.031725,1.039767,0.76933333,0.009442,0.065733,6806300,16624,4691,92052,71863,131822,12036.909993,22928,188644,16999,28438,29112,695.7573842,891.483719,1357.8277141,589.118,197.77,30610,37016,21783,11390.926973,4830857.4,292711.676982215,331931.6,475756.2,16457,14058,76.2,445.43083694677,193,1.60119195214639,110.086666666667,1.24777577466327,1.13208144579243,0.0170666666666667,0.00751333333333333,0.0136742579245137,0.0179763333333333,68037381.1989872,4.014,6779758.232118513,14.7525,316.190476190476,51,18822,9415,6619,2544,2136,1048,3968,1654,415,43429,58712,12.9875,177.75,0.061,1614.829,0.3,0.06182194,0,4664.6,429.612909286592,40101,131428,0.989334566316514,0,1887468.42872881,1565502.61987995
2013-03-01,663.6254,8723285.25479452,0.652111,102.4,520081,387295,15554,273552,27207,8345,511885,119317,112403,212526,76521,80128,185198,250783,17923,76.3,5886,12299,103194,45765,33246,39052,31586,29599,21250,10072,12091,8878,827923,842149.281884394,2740665.165572634,2529363.45558797,76.1,18648,78.6,4240,3201,1268,5388,4292,546,0.0346916666666667,0.029967,1.0365,0.78066667,0.01165,0.0644,6952200,16929,4774,93223,72960,133791,12121.624506,23043,188252,18455,27993,29711,716.5879238,910.5363933,1375.4386489,600.42,199.704,30809,37211,21371,11457.999134,4837244.8,295495.045041536,325186.3,473508.1,17432,8644,76.5,438.358487564096,165,1.59729345506552,112.493333333333,1.26595582375247,1.1007224697927,0.0195,0.00645333333333333,0.0147009090909091,0.0207813333333333,69313082.0964682,4.00575,6845389.392141624,16.4032786885246,303.591744953028,71.2,20749,9357,6034,2677,2205,1045,3914,1760,420,44039,59024,11.48125,183.525,0.06,1646.889,0.3,0.06182194,0,4979.9,429.873950403532,40343,138348,0.994725260870471,0,1898515.88368824,1575360.77098102
2013-06-01,684.1432,8764378,0.650814,102.9,522048,391610,15303,274290,27686,8846,509663,125127,116611,213978,79665,82657,186760,252283,18007,77.1,5967,12551,105434,46904,34336,41572,33878,31010,23517,10013,13058,9526,812377,879986.999999999,2789614.999999999,2537907,76.88,18802,79,4618,3120,1270,5489,4408,577,0.03235,0.0288,0.9764,0.746,0.01,0.062667,6951400,17426,5427,93413,73291,136584,12149.161032,23128.1,187904,18059,28410,30235,732.8611231,899.4505859,1372.4163509,623.46,212.892,30714,37871,20891,11465.017868,4863233.4,300594.228043563,338440.3,465609.3,14673,4000,77.1,449.010187731269,113,1.59483990376721,102.576666666667,1.1794242023755,1.06971960941867,0.0199666666666667,0.00763333333333333,0.0134026046176046,0.0201163333333333,70588782.9939492,3.9975,6912802.999999999,16.6659677419355,286.536016026478,44.8,21617,9994,6464,2806,2182,1094,4015,1698,431,44627,59259,9.975,189.3,0.058,1606.132,0.3,0.06182194,0,4775.4,432.492830113501,41577,145268,1.00054957796638,0,1909628,1585281
2013-09-01,696.6212,8801513.9890411,0.648808,103.9,526346,395715,14576,276681,28072,9155,514204,124854,114172,217451,82957,86248,188038,255284,18146,77.5,5932,12970,106333,47503,35112,36894,30382,31670,23546,10208,12536,9637,841986,908296.84163133,2827460.67695388,2548080.90890598,77.35,19280,79.9,4406,3194,1364,5593,4332,531,0.0369183333333333,0.026467,0.909767,0.69933333,0.0122158222222222,0.060133,7164300,17788,5718,93991,74405,136813,12160.333508,23220.2,187151,17990,31832,30616,780.0922704,867.6689785,1359.5207574,625.13,220.903,31013,38276,20443,11463.712352,4873746.3,289356.801446651,343309.5,479481.9,16400,8409,77.6,457.633831310821,-221,1.59420623423847,110.27,1.21087711907843,1.03307948016533,0.0271,0.00722333333333333,0.0172958247066943,0.026747,71864483.8914302,3.98925,6968829.22374153,16.6713636363636,312.973798293209,54.2,23609,10214,6912,2772,2271,1219,4233,1840,431,45140,59624,10.4,202.35,0.0555,1688.246,0.3,0.06254637,0,5217.7,434.302233630236,41504,152188,1.00792213125234,0,1919163.83532255,1593287.63788167
2013-12-01,709.9379,8838246.3260274,0.646403,104.7,530450,401762,16857,277931,28417,9562,514271,126771,112625,219587,84802,84949,190577,259999,18412,77.6,6035,13268,108487,43882,32561,37622,30982,32267,25039,9531,12765,9811,834219,937517.432095533,2866264.720473153,2558295.60276681,77.78,19595,80.7,4303,3006,1600,5557,3917,520,0.0414866666666667,0.025867,0.9175,0.70266667,0.0168464103703704,0.0593,7400000,18129,6084,95062,75755,139625,12156.221558,23297.8,184287,18543,30378,30845,755.5402564,895.0841234,1400.3244,649.585,234.108,32188,39387,20143,11446.283625,4852939.5,291253.223467786,344564.7,472722.5,16750,8981,78,483.716388329427,672,1.59321203678968,109.21,1.2078779606454,1.0237326342393,0.0274666666666667,0.00627666666666667,0.0174569818265471,0.0279466666666667,73140184.7889112,3.981,7025895.037417794,16.64484375,321.607104302196,38.2,25245,10448,6431,2652,2178,1386,4227,1550,431,45609,59913,10.825,215.4,0.054,1728.428,0.3,0.06254637,0,5353.1,430.701997733355,42624,159108,1.01567495307621,0,1928747.28837762,1601334.71417783
2014-03-01,720.2185,8874575.0109589,0.646333,105.4,534586,405004,16945,280126,30207,9534,515317,129593,109742,222397,87746,85713,192016,263299,18497,77,6140,13540,109168,40618,30352,40266,33388,34134,24890,10227,13520,10628,846339,967678.070865465,2906056.667812495,2568551.24508038,78.26,19647,80.9,4462,3122,1376,5366,3591,546,0.04118,0.026333,0.8977,0.692,0.0167726377283951,0.0593,7539000,19398,5855,93926,74948,139526,12208.429743,23406.2,181933,18698,29589,30899,741.4864733,901.7095057,1393.0014796,653.362,229.758,32469,39683,20208,11488.211247,4847545.2,291403.483225314,344917.4,479177.6,17085,7280,78.4,463.777288458563,87,1.59129033863558,108.166666666667,1.208032223691,1.0408088442546,0.0276333333333333,0.00601666666666667,0.0160766017316017,0.0283613333333333,74420138.0227172,3.97275,7084030.346020075,16.086935483871,335.862601389626,65,25792,10316,7877,2882,2325,1186,4193,1460,441,46131,60260,11.25,228.45,0.0535,1747.732,0.3,0.06254637,0,5403,425.686776565708,42744,167907,1.02115683447344,0,1938378.59694703,1609422.4331272
2014-06-01,726.2913,8911711,0.646326,106.1,537250,404524,19199,281366,30616,9650,518020,130717,112811,224094,82129,85240,193535,267755,18598,77.6,6149,13640,109476,38686,28917,42840,35426,35846,24889,10546,12259,9732,868584,998809.000000001,2946867.000000001,2578848,78.75,20226,81.2,4375,3143,1519,5412,3993,585,0.0384033333333333,0.0269,0.9342,0.71633333,0.0142243913547325,0.0593,7656400,19865,6088,93902,75219,136916,12252.750583,23475.7,182592,18149,30523,31123,728.8958843,908.9303599,1384.3590717,674.147,225.018,33813,40101,20356,11526.459308,4874817.9,290611.823888201,342465.7,494616.9,16446,5093,78.6,481.165999534559,0,1.59324018717872,109.7,1.21392642455587,1.0628187869938,0.0262333333333333,0.00570666666666667,0.0134930952380952,0.027416,75700091.2565231,3.9645,7143266.000000001,15.7631147540984,341.429982840205,30.4,21974,9181,8134,2856,2330,1270,4114,1509,452,46660,60513,11.675,241.5,0.053,1782.323,0.3,0.06254637,0,5382,428.995523774327,42920,176706,1.02826261773918,0,1948058,1617551
2014-09-01,759.2672,8948418.24383562,0.646926,106.3,539402,404381,17948,283963,30676,9549,521113,133740,114057,226243,81139,85803,195020,269340,18678,77.7,6101,13680,110209,37506,28089,40539,33488,37284,26042,9892,12288,9892,867125,1017652.27323539,2974029.08550986,2591404.49497973,79.22,20634,81.4,3783,3125,1621,5373,4122,588,0.0349633333333333,0.026467,0.914167,0.70766667,0.0108102396672702,0.0593,7821100,20198,6435,94915,76367,133989,12306.368527,23562.9,185187,18683,33653,31501,734.5957903,904.9832382,1381.5464899,696.959,237.449,34953,41026,20365,11547.101291,4881297.4,293292.413302479,341782.8,503764.1,16649,6428,78.8,476.804565869438,-2,1.59909890564196,101.823333333333,1.1387474015606,1.00452675885303,0.0249666666666667,0.00504,0.00997300646213691,0.0258696666666667,76980044.4903291,3.95625,7190832.5311052,15.320303030303,345.737286626976,50.2,20628,9141,7485,2631,2333,1362,4055,1542,447,47111,60879,11.69375,250.4,0.0525,1804.048,0.3,0.06301811,0,5296.8,429.610165888896,44327,185505,1.03215260967032,0,1956376.81227447,1625398.95061561
2014-12-01,771.1885,8984726.49589041,0.646059,106.5,541385,406897,18568,285728,31816,9648,517262,136597,112837,228393,82719,86491,196068,272615,18757,77.9,6102,13791,110378,36098,27098,40378,33394,38522,26673,9958,12182,10184,864668,1036851.03880837,3001582.18726762,2604022.12794285,79.63,21438,81.9,4484,3226,1522,5370,4095,615,0.0320066666666667,0.0274,0.849933,0.68033333,0.007855,0.0593,8083200,21160,7101,95467,77362,134534,12332.251233,23640.3,182630,18066,31487,32027,737.8441289,900.3386717,1379.8672907,712.356,236.816,36439,41388,20453,11561.062757,4872292.8,288876.9369727,346721.7,500073.8,16483,6104,79.3,507.24299387558,327,1.60951560910588,76.4033333333333,0.9379450612646,0.9672288726519,0.0228,0.00405,0.00699618819776715,0.0211163333333333,78259997.724135,3.948,7238889.29272419,13.37265625,402.956592860899,36.8,20339,9634,7222,3200,2507,1331,4187,1650,443,47673,61163,11.7125,259.3,0.052,1834.715,0.3,0.06301811,0,5388.6,428.471421923974,45149,194304,1.03813601870556,0,1964731.14845925,1633284.97751372
2015-03-01,770.9349,9020635.75616438,0.648434,106.8,546635,409875,17848,286815,33595,9661,522511,140631,114381,230035,83373,88645,196718,273961,18666,77.2,6135,13981,113398,32664,24545,41834,34973,39736,27209,9959,13409,11168,889456,1056412.0033458,3029533.16359825,2616701.19657219,79.87,22057,82.1,3855,3101,1660,5374,3842,643,0.02529,0.024533,0.773567,0.63766667,0.00307,0.057567,8347000,22553,7297,96973,78758,134268,12429.558804,23745.6,184204,18631,30282,32653,736.3831394,929.2541252,1452.6411869,747.583,249.583,37057,41777,20025,11658.623867,4924179.1,292502.91129662,353871.7,509538.6,15768,6340,79.7,491.133605680694,-274,1.62481382651377,53.9166666666667,0.749535638562133,0.918204241470867,0.0196666666666667,0.00335,0.00306424242424242,0.0170653333333333,79590417.6854453,3.95025,7287443.625601341,14.3554838709677,408.338726349379,63.8,19389,10123,6505,2692,2534,1499,4339,1446,385,48124,61543,11.73125,268.2,0.0485,1925.015,0.3,0.06301811,0,5861.9,428.454319230363,46324,196592.5,1.04456663130196,0,1973121.16025245,1641209.2654309
2015-06-01,750.166,9057343,0.648126,107.7,547281,408977,18858,288596,32816,9906,522812,136243,115401,232615,78428,89884,198674,277896,18784,78.2,6155,14102,114888,28675,21727,43431,36671,39486,24769,9244,13469,11318,886119,1076342,3057889,2629442,80.17,21790,82.4,3527,3064,1612,5390,4606,606,0.02759,0.021833,0.777467,0.64266667,0.00448333333333333,0.0553,8549400,22243,7487,97833,79145,133470,12467.860801,23816,184503,19340,30369,33210,737.4859096,926.1255864,1478.9258909,745.875,260.486,37164,42073,19528,11717.694807,4942417.6,294908.097338803,359430,518370.9,16212,6896,79.9,516.405708431126,3,1.64231049992311,61.6933333333333,0.7894854771313,0.8927227248199,0.0216666666666667,0.00395,0.00490172248803828,0.0198296666666667,80920837.6467556,3.9525,7336503,14.5253225806452,375.289427806832,33.3,17608,9150,5335,2502,2562,1461,4336,1640,387,48617,61834,11.75,277.1,0.046,1907.162,0.3,0.06301811,0,5451.2,427.115964237737,46899,198881,1.05082845123102,0,1981547,1649172
2015-09-01,775.1038,9096172.78142077,0.649889,107.8,552613,413525,17251,291248,34476,10289,524726,142389,115222,235308,82482,92179,200544,279298,18896,78.3,6256,14490,116744,27590,20951,41201,35181,41029,25814,10359,12407,11077,919200,1085675.88341311,3075659.3527146196,2644391.77002075,80.42,22355,82.6,4370,3076,1496,5585,4445,637,0.0279466666666667,0.0215,0.7151,0.60733333,0.00545,0.054567,8672300,23563,7728,99022,81000,133594,12544.845339,23904.3,185053,19276,34535,33486,732.0765518,944.6848704,1517.9287571,777.527,268.733,37674,41827,19308,11769.74154,4966039.6,298815.532589656,350276.3,519126.5,15443,7135,80.4,524.498548641831,-222,1.6611293083987,50.2333333333333,0.688464523162167,0.862955002849667,0.0222,0.0038,0.00657554112554113,0.0199886666666667,82251257.6080659,3.95475,7376193.06224665,14.4622727272727,349.779048936104,50.4,18587,9495,5849,2787,2637,1364,4627,1480,384,48958,62247,11.575,289.675,0.045,1886.29,0.3,0.06328649,0,5058.6,426.675603763119,46876,201169.5,1.05395790608635,0,1989983.46930151,1656141.93951128
2015-12-01,736.5909,9134580.5,0.651735,108.3,556043,413706,13269,292696,34776,9967,526096,144252,114863,237130,79862,91786,202170,277483,18872,78.2,6312,14764,117541,25440,19427,41666,35601,40741,25044,11485,13544,11636,969310,1095090.70892415,3093546.56593551,2659426.53739975,80.58,23026,83,4703,3028,1602,5372,4271,620,0.0279933333333333,0.022367,0.7198,0.616,0.00586,0.055733,8823000,23842,7495,99880,82052,133636,12624.03748,23984.6,184956,18270,31452,33635,737.9575941,932.1020022,1535.0952148,786.291,269.088,35732,42578,19436,11887.446556,4994132.5,301239.150571427,341663.1,542328.3,15554,7730,80.7,529.701261510788,-34,1.67827021283144,43.57,0.6202785380434,0.840417202390933,0.0219,0.0029,0.00526624098124098,0.0191576666666667,83581677.5693762,3.957,7416114.439598651,15.55203125,343.659288879065,39.3,16948,8439,5918,2696,2641,1428,4389,1341,363,49397,62546,11.4,302.25,0.045,1933.172,0.3,0.06328649,0,5344.6,425.685165678709,47929,203458,1.06004026254727,0,1998455.8570113601,1663141.33626339
2016-03-01,733.8658,9172988.21857923,0.650715,108.2,561139,416081,13058,295146,36207,9716,529887,147536,112640,238566,77763,87623,204181,279003,18975,78,6396,14895,117426,24157,18411,41172,35026,42227,26493,12347,12544,10372,1017231,1104587.17845138,3111551.4945041398,2674546.78539198,80.6,23056,82.6,4356,3071,1730,6087,4432,701,0.02578,0.022967,0.7299,0.62433333,0.00584666666666667,0.0563,8809200,24831,7512,101379,83442,132478,12660.828996,24103.4,184671,17811,30531,33839,748.7298516,929.0303156,1516.5384342,801.892,269.839,34689,43108,19791,11926.963195,5009897.7,303690.770465888,348892.3,535328.6,17458,7058,80.7,502.564857941313,-416,1.69277008956589,33.6966666666667,0.543776736560267,0.830825308487633,0.0192,-6.66666666666667e-5,0.00258261904761905,0.0160996666666667,85023461.507448,3.97775,7456268.594648399,14.7988333333333,348.122036647034,73,16148,7973,5653,2465,2621,1420,4822,1227,350,49600,62974,11.225,314.825,0.0455,1968.588,0.3,0.06328649,0,5151.8,426.771286642019,48407,208316.75,1.06260998539654,0,2006964.31605276,1670170.31475228
2016-06-01,720.6431,9211818,0.648702,108.8,564835,420973,14317,296578,36735,9630,533704,148122,114429,240364,79411,87699,204669,282305,18953,77.7,6295,15025,118435,20550,15712,41520,35261,41949,27690,12284,12557,10227,1041907,1114166,3129675,2689753,80.76,22851,82.8,3911,3071,1551,5966,4587,757,0.0231966666666667,0.020833,0.7441,0.62666667,0.00512333333333333,0.0547,9091200,25315,7499,103397,84603,133579,12671.550187,24190.9,186340,18217,30919,34091,762.0851611,941.4541334,1566.8284338,808.378,269.381,37758,42767,19547,11950.907038,5002094.8,303366.235154319,361109.6,533829.9,18347,7345,80.6,524.664415909958,-203,1.70291892684059,45.5233333333333,0.644106552732467,0.8969636976689,0.0175333333333333,-0.00145,8.34415584415584e-4,0.0147196666666667,86465245.4455197,3.9985,7496657,15.7544444444445,337.073136328372,43.6,17425,8602,5242,2234,2587,1260,4683,1410,401,49994,63313,11.05,327.4,0.0435,2054.254,0.3,0.06328649,0,5310.4,423.902604348841,48443,213175.5,1.06785419895758,0,2015509,1677229
2016-09-01,717.5431,9240166.85479452,0.646575,109.3,564782,426421,14331,298417,36364,9603,535446,150282,116856,242545,83501,88814,206839,284637,19084,78.5,6362,15091,118377,17632,13496,42706,36211,40773,27723,13429,12697,10482,1037991,1116924.24059289,3141148.79515487,2704950.95423911,81,23817,83.2,3834,2952,1625,6047,4495,705,0.01944,0.018067,0.755533,0.63466667,0.00293666666666667,0.053033,9321900,25246,7309,104949,86373,137730,12682.369802,24297.5,189026,18421,34259,34714,769.3667268,957.4154461,1527.9047119,816.042,260.661,37293,42146,18869,11964.826742,5022034.4,304151.537479627,366113.9,560481.7,17838,7271,80.9,524.258230817792,-564,1.70913997830198,45.7866666666667,0.655871878193433,0.893675886536233,0.0156333333333333,-0.00116666666666667,-0.00123371917937135,0.008411,87907029.3835914,4.01925,7533762.7308305,16.7315151515152,330.22711631108,73.7,18343,9449,5886,2268,2504,1281,4703,1382,391,50299,63775,10.69375,330.075,0.0415,2149.931,0.3,0.06336344,0,5525.2,426.129232613257,48614,218034.25,1.07123005230431,0,2024224.55456198,1687662.9814365201
2016-12-01,729.291,9268207.56986301,0.645826,109.8,571367,440621,13252,300485,37420,9778,539122,156110,118687,244833,96126,90267,206399,286092,18971,77.5,6310,15234,124134,18572,14273,42099,35644,43938,27969,14707,14344,11618,1018919,1119689.30951403,3152667.10683056,2720234.78172124,81.07,24155,83.5,3883,2894,1638,6048,4326,730,0.0252166666666667,0.0176,0.7441,0.64733333,0.00649333333333333,0.0526,9657800,26184,7467,104662,86356,149481,12718.092712,24385.1,188805,22364,31528,35215,775.4051646,982.9792125,1546.6405132,836.234,263.362,40166,42350,19035,11988.801731,5038751.6,304451.041699596,366700,558108.6,18327,9588,80.9,554.668551984218,-296,1.71780435484,49.1866666666667,0.7039556879289,0.8764125913434,0.0213,3.33333333333333e-5,0.00147665223665224,0.012978,89348813.3216632,4.04,7571063.7608490195,16.8773015873016,338.863411927356,53.6,22149,16093,6944,2482,2475,1326,4729,1387,414,50775,64092,10.3375,332.75,0.041,2222.568,0.3,0.06336344,0,5719.1,427.208412539975,48999,222893,1.07569626747912,0,2032977.79731653,1698161.87229722
2017-03-01,742.5359,9295940.14520548,0.646085,110.5,573149,448531,13540,302058,35711,10236,544690,151883,123639,246879,97796,94659,208489,288728,19074,77.7,6396,15494,127646,18894,14548,43578,36872,41592,24940,14791,15062,12131,1010005,1122461.22366769,3164230.11490433,2735604.96765735,81.13,24657,83.6,3573,2871,1490,5870,3859,709,0.02751,0.017833,0.7633,0.66233333,0.00784666666666667,0.052667,9889500,25186,7993,106319,88223,154489,12785.946426,24511.4,190762,23007,29486,35554,820.5804775,975.6662,1523.3748512,836.051,246.083,41255,42689,19180,12043.410558,5094889.7,301562.395543475,369994,570056.5,19811,7811,81.4,536.111942483209,488,1.72554790115752,53.68,0.7387799125507,0.888069417513767,0.0244333333333333,6.66666666666667e-4,0.00285723320158103,0.013067,90867743.1481314,4.0535,7608561.15894299,17.9634920634921,328.655474065564,88.8,24439,15045,7310,2518,2475,1175,4698,1206,429,51244,64516,9.98125,335.425,0.041,2278.112,0.3,0.06336344,0,5903.8,429.797772521391,50931,229402.25,1.08072900516959,0,2041768.89123664,1708726.07638131
2017-06-01,720.6246,9324289,0.648426,110.9,576579,448464,11821,303774,35856,10156,545482,156048,123358,249399,96331,94621,211150,289891,19178,78.3,6557,15694,126270,18213,14035,43156,36496,41676,23258,16136,14963,12256,999228,1125240,3175838,2751062,81.27,25891,83.8,4267,2879,1587,6040,4320,678,0.0250866666666667,0.0174,0.7539,0.646,0.00607666666666667,0.052667,10044200,25585,8051,107539,89577,152473,12885.483365,24592.6,189151,21563,30115,35992,771.6327336,995.6221498,1628.3543914,842.695,256.333,39651,43426,19345,12164.858767,5131753.7,310669.027715439,356751.2,566023.4,22154,7429,81.7,576.331099626473,-65,1.73656162364797,49.67,0.700739820890967,0.8735838215353,0.0226333333333333,4.33333333333333e-4,0.00270798460798461,0.0109366666666667,92386672.9745997,4.067,7646256,17.6606557377049,326.375197252391,47.3,20280,13464,8952,2959,2491,1260,4833,1355,397,51864,64843,9.625,338.1,0.0405,2304.73,0.3,0.06336344,0,5764,427.991973610115,50197,235911.5,1.08582382751931,0,2050598,1719356
2017-09-01,719.1568,9369602.15068493,0.651535,111.3,582043,454276,11082,305893,35395,9566,553392,158750,126328,251379,96505,95178,213921,291659,19281,78.8,6674,15752,130426,18917,14686,48558,40748,43900,26412,15986,15332,12349,1006575,1126804.73314973,3191091.79709544,2765479.76259265,81.43,25350,83.9,3862,3099,1548,6310,3893,671,0.0266666666666667,0.017067,0.7908,0.666,0.00815,0.0522,10072300,25440,7848,107444,89670,153933,12998.096618,24690.1,190226,23615,33632,36307,750.6500875,1009.5196389,1664.6591515,852.635,255.434,38602,44696,19298,12278.939818,5161457.4,307924.311130337,372691.3,563242.6,21291,6796,81.9,553.589163694543,-816,1.74427765029389,52.11,0.7228790278677,0.863844496301733,0.0224333333333333,4.83333333333333e-4,0.00382981366459627,0.01213,93905602.801068,4.0805,7687491.1291671395,16.3112307692308,352.205181894494,69.7,21747,14353,8049,2707,2565,1205,4913,1246,382,52443,65255,8.675,344.175,0.04,2346.413,0.3,0.0632672,0,5744.9,425.974385291865,52139,242420.75,1.08985836029777,0,2064287.06394571,1730919.56947905
2017-12-01,718.5788,9414422.76712329,0.65356,112.1,584367,456786,12538,308870,35574,9378,558064,155688,127274,255199,96420,97931,217300,297297,19383,79.6,6819,15998,131808,17695,13739,48608,40921,44390,24841,16152,13985,11479,1042812,1128371.64218178,3206439.15340224,2779973.08577907,81.62,25272,84.5,3516,3079,1211,6210,4427,747,0.0263866666666667,0.0173,0.7686,0.64466667,0.00791,0.0522,10358900,25776,7711,109255,91590,154272,13082.631277,24759,191005,24472,31618,36831,745.0479608,1016.6825877,1659.8236426,858.565,252.17,38827,45630,19489,12364.052443,5198011.5,304601.752043598,378045.5,564119.6,21582,7563,82.1,573.917533017897,233,1.74919055338876,61.53,0.799154400473767,0.852440703054533,0.0237,4.83333333333333e-4,0.00325841307814992,0.0132986666666667,95424532.6275363,4.094,7728973.14919966,15.7726984126984,391.011090089365,35.8,21918,14331,8234,2680,2562,949,4937,1500,464,53133,65519,7.725,350.25,0.0405,2484.714,0.3,0.0632672,0,6167.3,425.901144199638,51880,248930,1.09381625732497,0,2078067.51122046,1742560.91001835
2018-03-01,729.925,9458750.84931507,0.654609,112.7,590393,465769,11973,310941,36479,9634,563629,161636,132053,258089,103377,103374,219952,299877,19508,79.4,6778,16104,133583,16597,12957,50487,42713,45662,26246,18590,13148,11134,1009936,1129940.73012189,3221880.68198875,2794542.36555711,81.83,26356,84.9,3632,3117,1297,6270,4195,674,0.0276833333333333,0.0183,0.784333,0.63833333,0.00802,0.0522,10345100,26623,7841,110724,93303,159390,13163.844982,24881.8,192301,24377,29798,37478,697.4795162,1040.01752,1678.7681589,872.473,256.808,39763,46247,19627,12433.919949,5204848.7,323877.349255261,375445.1,577300,21496,7593,82.6,550.914655872687,-310,1.75298635271388,66.8066666666667,0.852614627186133,0.885806225995967,0.0276,5.66666666666667e-4,0.00554356421356422,0.015015,96879756.7501062,4.0855,7770703.592214899,15.7241935483871,373.240127192532,85.1,23107,15683,10649,2900,2540,1012,5165,1357,452,53723,65913,6.775,356.325,0.041,2473.206,0.3,0.0632672,0,5868.9,424.474456904088,53472,252360.75,1.09925351537336,0,2091939.95186686,1754280.54466904
2018-06-01,717.8497,9504064,0.653505,113.2,594775,472054,11961,313022,37551,9207,566653,163597,132625,260705,107314,105975,222118,302630,19571,79.4,7010,16208,135337,16804,13298,49641,42251,46851,25846,18592,13983,12206,1048865,1131512,3237417,2809188,81.83,26966,85.2,3501,3247,1307,6280,4149,704,0.0274033333333333,0.0203,0.750833,0.625,0.00790333333333333,0.0522,10433300,27735,7517,111043,93918,160115,13195.859049,24963.3,194814,23784,30071,37841,789.6849075,997.0228625,1666.503879,864.308,269.066,40999,46863,19757,12478.009327,5243257.6,314323.080645546,380170.8,595009.5,20997,7229,83,565.044559752537,-346,1.75101619351842,74.4966666666667,0.9113117653729,0.908154462373567,0.0292,3.66666666666667e-4,0.00419047619047619,0.0147843333333333,98334980.8726761,4.077,7812684,15.8003225806452,398.074151201485,47.6,22964,15926,12764,2870,2657,1023,5398,1414,504,54273,66243,5.825,362.4,0.042,2613.444,0.3,0.0632672,0,6289.7,426.105908010137,54980,255791.5,1.10366443639853,0,2105905,1766079
2018-09-01,687.5447,9554558.18315018,0.65384,113.5,597020,479421,13115,313517,37303,8985,567457,164666,130100,262498,112107,106297,225066,305591,19695,80.2,7089,16381,136903,16050,12851,49556,42405,44547,26198,19839,13864,12376,1029734,1130402.3688066,3251407.43209051,2822660.02804424,81.96,27264,85.8,4380,3310,1363,6528,3426,706,0.0261933333333333,0.0197,0.730433,0.62633333,0.00725333333333333,0.0525,10467900,27741,7044,112111,95859,164482,13257.821216,25067.4,195372,23579,33570,38404,838.8408897,1001.1890183,1672.4230407,895.292,274.476,39701,48207,19964,12570.276526,5269712.4,313567.148724961,382309.8,591131.8,22658,7816,83.7,549.001268783199,-72,1.75009360727353,75.2233333333333,0.906371409868733,0.846124657745133,0.0292666666666667,9.83333333333333e-4,0.00311971673254282,0.014251,99790204.995246,4.0685,7849705.07803354,16.5056923076923,383.231425988237,73.8,23640,17457,14191,3519,2734,1082,5648,931,528,54841,66674,5.78125,370.125,0.042,2682.077,0.3,0.063261,0,6325.5,424.220979232546,55723,259222.25,1.10830817489588,0,2121005.06328391,1775637.61789879
2018-12-01,671.7833,9604503.51648352,0.654362,114,598542,484269,15145,314333,36318,8317,567950,164610,130580,264492,115339,107572,227986,309764,19825,81,7155,16350,136679,14612,11814,50746,43623,44432,26802,20882,12890,11604,1077425,1129293.82578672,3265507.22500272,2836196.66391807,82.09,27843,86.3,4678,3313,1870,6651,3928,705,0.0259866666666667,0.019633,0.7153,0.61966667,0.0077,0.0534,10262600,27092,6509,114043,98196,168973,13318.487103,25146.1,194262,22830,31737,38682,842.7512742,1041.2335506,1685.2437615,904.579,277.181,39086,49063,20209,12646.703814,5282359.3,321147.292550448,383781,604249.1,22604,7251,83.9,550.048760976551,76,1.74608158067215,67.7133333333333,0.848202961002933,0.827032387174233,0.0303333333333333,6.83333333333333e-4,0.00300080213903743,0.014376,101245429.117816,4.06,7886951.85919691,12.46265625,458.120635398252,45.7,25566,17903,15780,3571,2758,1483,5751,1195,550,55476,66938,5.7375,377.85,0.0425,2573.277,0.3,0.063261,0,5709.4,422.525527802752,56791,262653,1.11338844615359,0,2136213.399216,1785247.97027612
2019-03-01,676.0566,9653900,0.655638,114.1,602883,491654,15657,315449,35127,7525,569842,165712,129972,265988,117741,107196,231525,311947,19993,81.1,7248,16287,137759,14563,11839,51687,44726,43605,26001,20434,13459,12190,1059373,1128186.36987321,3279717.15402163,2849798.21746139,82.15,28221,86.4,4377,3459,1511,6829,3797,620,0.02118,0.019533,0.7167,0.60933333,0.00531,0.0537,10320500,26252,5785,115326,99343,173884,13405.635628,25264.9,196095,23171,30232,38969,869.6925335,1031.4131872,1686.5681237,919.821,279.663,39219,48655,20392,12729.579042,5346052.5,325386.900990032,386727.7,600442.2,22782,7371,84.3,528.762992402851,-573,1.74060533040409,63.17,0.803142377974567,0.83214175501213306,0.0265333333333333,-3.66666666666667e-4,6.6393217893218e-4,0.0125036666666667,101827590.335243,4.04875,7924425.708619541,12.6023728813559,496.866745568498,83.6,27240,16875,15009,3436,2906,1214,5898,1231,424,55963,67290,5.69375,385.575,0.0415,2733.179,0.3,0.063261,0,6261.7,424.451044579025,57789,265406.75,1.11654797326574,0,2151530.78414842,1794910.33713652
2019-06-01,705.1551,9690498,0.657779,114.9,604726,499205,13048,316413,34058,7407,569001,169763,130268,268571,125053,107839,234937,312122,20201,82.3,7271,16121,143169,15140,12428,50468,43830,43993,27609,22301,12965,11907,1074340,1127080,3294038,2863465,82.19,29174,86.5,4628,3422,1596,7078,4198,609,0.0163533333333333,0.015033,0.698933,0.602,0.00152333333333333,0.052967,10639400,25455,5883,119011,103099,175232,13498.814705,25334.8,193874,25761,31100,39295,839.9063582,1068.1068154,1665.931632,922.267,297.242,38956,47715,19960,12793.659652,5333810.6,319025.398152972,388116.1,633216.1,21885,7276,84.6,549.039884087482,-128,1.73891665099185,68.9233333333333,0.8242124893009,0.829894307739567,0.0233333333333333,-0.00101666666666667,-0.00163102870813397,0.0107986666666667,102409751.552671,4.0375,7962128,14.3034426229508,468.362769481153,38.2,32866,17240,15569,3644,2921,1286,6122,1416,451,56541,67595,5.65,393.3,0.038,2836.821,0.3,0.063261,0,6699.2,421.871262856599,59084,268160.5,1.12074838849314,0,2166958,1804625
2019-09-01,713.9819,9742516,0.659533,115.4,608257,505886,20523,315922,33955,7942,573356,170086,129876,269164,128102,108899,237228,320358,20310,82.7,7335,16009,138704,15437,12719,50846,44424,43786,26358,23265,12324,11290,1057794,1126827.16493593,3306246.5115939295,2873426.1514825,82.23,29798,86.8,3833,3372,1480,7139,3963,623,0.0110466666666667,0.010233,0.6787,0.592,-0.00141333333333333,0.0494,10975300,25302,6302,120246,104711,178951,13588.622864,25438.1,192686,25535,34336,39747,825.265601,1087.9110299,1731.375421,934.071,302.101,38269,48150,19051,12874.640957,5361347.2,314018.971586646,386049.2,639464,23186,7184,85.1,554.443692275398,47,1.74092458515828,61.93,0.7659638222425,0.814523720726733,0.0179666666666667,-0.00218333333333333,-0.00544037894472677,0.006687,102991912.770098,4.02625,7993644.545092469,15.5569696969697,437.141688417936,74.5,35221,16231,15438,3088,2881,1213,6157,1439,442,56987,67930,13.5125,431.625,0.035,2877.197,0.3,0.06342692,0,6800.6,422.426191460136,54501,270914.25,1.125034170127,0,2179419.346658,1813971.88201604
2019-12-01,702.8173,9786260,0.656882,116.1,611850,504896,18030,316940,32978,8700,574891,169328,129378,271294,121543,109194,240224,320197,20491,83.4,7462,16240,142156,16120,13349,50240,43955,43169,26778,22409,12792,12140,993098,1126574.38658972,3318526.74034424,2883421.95487757,82.24,30331,87.3,3847,3676,1732,7381,3599,666,0.0113033333333333,0.008967,0.6903,0.59766667,-0.00209666666666667,0.048,11264200,24598,7115,121953,106736,178335,13587.133771,25520.5,191661,24823,31994,40353,847.5339132,1065.6192356,1771.0517792,931.482,297.916,37462,47887,18099,12884.316473,5355709.4,306513.290208617,394997.3,634310.8,23869,6306,85.5,588.85102072067,-1660,1.75192482885459,63.38,0.7804469287092,0.8486809831555,0.0179333333333333,-8.5e-4,-0.00373790283790284,0.00744366666666667,103574073.987526,4.015,8025315.870532369,17.0415625,399.16527607137,51.3,31501,13622,14718,3055,3143,1424,6359,1210,485,57577,68170,21.375,469.95,0.03308023,2944.456,0.3,0.06342692,0,6802.4,423.586863084331,58818,273668,1.12986901296611,0,2191952.35375452,1823367.17531056
2020-03-01,707.1823,9840634,0.656401,116.7,610510,506568,25552,312729,32756,8783,572135,163433,122132,268668,117735,103421,241850,325356,20498,83.4,7146,16188,144627,16691,13833,49284,43254,43455,26903,22720,12458,12136,921592,1126321.66494865,3330879.09832999,2893452.53072903,82.29,26050,87.7,3932,3459,1657,7306,3569,578,0.01009,0.0077,0.647433,0.566,-0.00152333333333333,0.047067,11014500,24528,7207,124811,109759,176739,13636.318234,25627.9,186143,25828,32167,40839,832.9403361,1120.8717393,1783.6168586,982.02,315.557,38701,46784,17562,12929.135971,5290056.3,309090.280691903,389242.8,633200.2,23203,7006,86,560.507706346233,-255,1.77037460863876,50.44,0.680916337554367,0.855087321157833,0.0137666666666667,-7.16666666666667e-4,-0.00440333333333333,0.006058,105800916.578258,4.008,8057142.75968414,16.4925396825397,309.873439650443,75.2,31383,13350,14973,3041,3040,1333,6436,1213,399,58147,68501,29.2375,508.275,0.03152515,2572.432,0.3,0.06342692,0,5110.6,428.888719509023,60329,241531,1.13533343305293,1.663261598,2204557.43338134,1832811.13062512
2020-06-01,906.4778,9859365,0.630689,114.5,569344,470138,70785,272877,30908,7166,526834,150548,105323,233959,108007,87381,237819,336204,21329,75.8,5432,15602,135455,16919,14037,46605,40945,46829,24576,21076,11655,11169,1056526,1126069,3343304,2903518,81.22,19625,88.3,3785,2843,1203,6231,4058,131,0.00895,0.001233,0.6696,0.58866667,6.03333333333333e-4,0.0452,11247600,23249,5588,127457,112246,193709,13131.99367,25649.2,180554,25554,47480,40436,850.4734752,1022.6472482,1709.7809158,941.581,302.906,47395,38333,16219,12225.515873,4866329.4,314225.05661889,378446.5,623789.3,22005,6459,85.3,564.541312226665,-709,1.78630158315308,29.3433333333333,0.521967523314233,0.818087749989233,0.00686666666666667,-3.33333333333333e-5,-0.00466761904761905,0.00303333333333333,108027759.168989,4.001,8089126,15.1154838709677,397.029962866534,-8.3,34505,11480,13301,2657,2495,966,5253,1409,60,58105,68815,37.1,546.6,0.02654243,2817.425,0.3,0.06342692,0.378727488157462,6001.3,401.061611615078,57439,209394,1.13471743682443,5.718059898,2217235,1842304
2020-09-01,948.2929,9864162,0.645676,116.2,589128,490232,63400,293617,31537,8547,557708,144304,111786,252469,100995,89594,242529,347288,21321,75.2,6082,17004,145584,16057,13285,46487,40705,43697,23963,20267,10055,8906,1064710,1125788.14494456,3354876.0114145903,2914337.86974575,81.03,17856,88.6,3795,2914,1048,6499,4284,210,0.00898666666666667,9.67e-4,0.7225,0.61733333,-0.00354666666666667,0.0452,11594900,23797,6561,130122,114574,200923,13444.78725,25633.3,179022,29364,50415,40890,883.5887699,1085.7623924,1770.8475594,925.914,296.786,50730,42070,15783,12496.494381,5080577.9,322243.128885392,376327.3,642298.1,22909,7023,85.8,562.303769044405,-486,1.80486167317184,42.9633333333333,0.631478412116133,0.866587747396733,0.0065,2.33333333333333e-4,-0.00523489240228371,0.00251366666666667,110254601.759721,3.994,8123134.79042643,17.392,345.520929162834,-42.6,37375,9365,8010,2677,2462,845,5154,1618,106,58433,69131,39.93125,582.85,0.02531209,2866.129,0.3,0.06358922,0.0503080436215146,6009.3,407.28009266128,59268,177257,1.13836491055538,5.774420218,2229087.86647003,1853920.90926609
2020-12-01,925.3702,9874786,0.655935,117.2,609184,512567,42830,307188,32929,9862,576380,151939,117844,265661,110296,94761,247216,340234,21311,82.1,6440,18323,150862,16324,13486,48803,42423,44017,23822,22143,12381,10913,1056123,1125507.35993773,3366511.4557795897,2925198.05940042,81.14,18644,88.9,3596,3231,1230,6712,4364,252,0.00878,3.67e-4,0.737967,0.61466667,-0.00626,0.0452,12229800,25060,7796,131279,116053,189397,13658.421654,25630.7,179443,32123,41444,41424,882.2509096,1089.6842851,1749.8128306,916.175,274.842,44691,41408,15394,12733.051407,5223736.1,322106.020255892,391715.7,663566,24140,6864,86.2,599.782698062687,-23,1.81657069109008,44.29,0.6882390291089,0.9432663806302,0.00863333333333333,3e-4,-0.00613511544011544,0.00337266666666667,112481444.350453,3.987,8157320.58578182,20.2875,337.675908810844,-29.3,41929,9141,8837,2778,2741,1024,5352,1845,125,59236,69405,42.7625,619.1,0.02469127,3039.33,0.3,0.06358922,-0.204491005985898,6850.6,414.794405033845,59009,145120,1.14403304593036,5.902368298,2241004.09584186,1865611.07060181
2021-03-01,813.1172,9892146,0.657915,117.8,622355,533982,43757,311619,34990,11083,591345,153501,119873,270991,119104,96163,251871,347242,21487,83.7,7553,18911,155883,16890,14005,51946,45138,43889,24927,21853,14087,12413,959070,1125226.64496203,3378210.6718021,2936098.71921491,81.14,17653,89.6,3771,3147,943,6690,3794,263,0.0136466666666667,1.67e-4,0.7692,0.638,-0.00564,0.0452,12779900,26951,8977,131635,117096,189631,13708.978279,25653,183974,33296,37147,41911,865.9605454,1082.7191939,1785.7778003,928.014,272.239,45394,44950,15071,12895.861091,5270870.1,324955.05455457,376973.6,663259.1,24247,6889,86.6,613.678782548627,-680,1.82301142384417,60.82,0.859256066031833,1.02972804771123,0.0131666666666667,0.00108333333333333,-0.00464594202898551,0.00611666666666667,113353175.544169,3.939,8191684.336925491,21.4329508196721,327.393090155346,-14.2,47754,9801,10541,3159,2649,923,5266,1677,153,59927,69745,45.59375,655.35,0.02391127,3060.096,0.3,0.06358922,-0.116952292590884,7017,413.164693457428,58874,127127,1.14801034441358,6.041930299,2252984.02684007,1877374.94590848
2021-06-01,713.3939,9915003,0.657996,118.8,627461,553501,35667,314822,35399,11834,601119,148066,122241,276485,129311,100263,256717,345827,21646,86.5,7626,19091,162124,17404,14509,52436,46059,43035,23839,20016,14380,13471,938452,1124946,3389974,2947040,81.19,17671,90.3,3636,3226,1026,6471,4160,338,0.0162233333333333,3.67e-4,0.7673,0.63533333,-0.00516666666666667,0.0452,13348500,27576,10210,133903,119723,199994,13727.814497,25685.4,184422,36235,33354,42269,876.8987246,1145.1392908,1819.5821351,936.777,274.096,43927,45945,14995,13014.420581,5359023.2,328810.248406879,369757.5,662508.8,25099,7172,87.1,660.360649832696,522,1.82967053141453,68.8333333333333,0.956381854288833,1.085197708702,0.0159333333333333,7.33333333333333e-4,-0.00279045454545455,0.00870733333333333,114224906.737885,3.891,8226227,21.3114516129032,355.911935881815,1.1,54748,10889,12585,3256,2750,995,5302,2096,213,60624,70083,48.425,691.6,0.0234263,3207.721,0.3,0.06358922,-0.114286532002159,7585,420.428514082468,60435,109134,1.15317695215055,5.973132814,2265028,1889213
2021-09-01,634.4434,9927020,0.650655,119.7,616714,551378,66535,300006,35580,12239,587845,148083,118093,263961,137038,102568,258215,365880,21943,87.8,7052,17553,159309,17941,15249,52205,46419,42954,25377,23232,14153,14296,911181,1125799.27868304,3405753.3400070397,2958600.05378444,81.32,16206,90.6,3360,3076,982,6385,4156,302,0.0122366666666667,1.33e-4,0.730733,0.612,-0.00750333333333333,0.0452,14080000,28329,11246,138137,124622,208151,13589.80015,25704.8,183417,36316,46539,42619,905.4691796,1104.2756689,1861.3535875,952.15,277.207,45490,53859,14904,12955.356707,5222478.9,334612.65478073,384222.6,679001.5,25542,6937,88,663.98630662226,719,1.83090191121796,73.47,1.0502549576107,1.08604428046363,0.0132333333333333,3.33333333333333e-4,-0.00450909090909091,0.00714733333333333,115096637.931601,3.843,8266503.1555616595,20.0540476190476,380.45686062664,-13,49932,18138,17453,3515,2744,943,5585,2260,210,61047,70424,41.725,685.425,0.02266187,3254.715,0.3,0.06379148,0.327287480400295,7629.7,405.497461444457,60948,91141,1.16232182844355,6.186002876,2279954.061324,1902149.76177018
2021-12-01,642.2943,9960442,0.653976,121.4,639091,569472,41726,319366,35346,12189,613780,146793,120921,283709,133528,111729,265237,361999,22329,88,7757,18777,163165,18673,16143,52703,47497,43451,23589,21817,14381,15306,842425,1126653.20458338,3421631.68685724,2970205.453015,81.4,15999,91.3,2804,3040,1019,6186,3980,337,0.0170833333333333,4.67e-4,0.731533,0.61466667,-0.00452,0.0452,14807500,29015,11815,139423,126899,208826,13692.372134,25773.8,188042,31479,38222,42910,930.0821745,1107.9252739,1897.9193214,956.123,271.406,44496,51116,14523,13050.07785,5353885.3,336247.108291061,408234.1,689278,25056,7009,89.3,723.708220887515,-1063,1.83183807324933,79.5866666666667,1.17003615245983,1.1085742205938,0.0153666666666667,7.16666666666667e-4,-0.00300735930735931,0.009533,115968369.125317,3.795,8307012.25046186,16.33953125,476.096889254396,35.4,34820,24524,21338,3165,2762,981,5555,2342,262,61469,70742,35.025,679.25,0.02213338,3390.849,0.3,0.06379148,-0.20197084801544,7779.2,411.66760184588,64522,73148,1.17409269180826,6.090567959,2294978.48227386,1915175.11058962
2022-03-01,564.7886,10026462,0.661077,123.9,645027,595061,37294,327173,35523,12055,630063,147482,132015,294125,150627,126039,270659,369058,22215,88.3,8027,19229,171709,18344,16176,53662,49277,43131,24113,20598,14213,16378,899889,1127507.77819194,3437609.6892109,2981856.37556362,81.95,17064,92.1,3016,3324,1118,6823,4245,462,0.0216633333333333,0.001033,0.7225,0.61166667,-0.00191333333333333,0.0452,14976600,30175,12558,143202,131273,223364,13913.791218,25913,195555,33266,35106,43681,902.3145994,1141.4153384,2008.6058085,974.371,260.032,42511,54944,14377,13349.002641,5369193,327386.267548875,391657.3,679981.1,25390,7294,90.7,694.842888503091,-540,1.83005671839448,100.296666666667,1.36786519115577,1.21787782041657,0.0194,0.00186666666666667,0.00105659075224293,0.014133,117533942.108509,3.75825,8347755.71785029,13.8409836065574,562.792372379485,107.5,42460,29832,21602,3654,3016,1094,6369,2674,392,62235,71083,28.325,673.075,0.02201358,3550.58,0.3,0.06379148,-0.0895839514056149,7789.6,403.425761961535,69419,111123.5,1.19136968839023,5.846855994,2310101.91101896,1928289.65307577
2022-06-01,532.9002,10079221,0.663506,126.1,651417,623700,27880,333484,34137,11385,631800,153452,135325,305284,174903,133398,278209,371776,22536,90.2,8535,20036,178298,17872,16288,55468,51701,43118,24333,22228,15337,18022,901326,1128363,3453688,2993553,82.49,19408,92.9,3364,3187,1061,6457,4333,489,0.0338533333333333,0.010033,0.707467,0.627,0.00912,0.048533,14576300,30270,11516,142428,131826,244284,14038.908879,26018.7,198209,40088,36536,43966,914.9957849,1133.3673474,2018.106042,1010.477,264.347,44950,55820,16047,13506.008714,5548064.6,322753.867430685,397253.4,713570,26033,7507,91.9,709.592243858598,-201,1.8470165254197,113.543333333333,1.5319807245803,1.28304557137487,0.0293,0.00225,0.0104801435406699,0.0204183333333333,119099515.091701,3.7215,8388735,10.9762295081967,614.646404301398,78,44011,41264,27402,4021,2955,1032,6237,2941,542,62982,71361,21.625,666.9,0.02594448,3379.709,0.3,0.06379148,0,6746.5,416.658985111529,70417,149099,1.20979428109552,4.514895371,2325325,1941494
2022-09-01,498.8296,10157240.2767123,0.664339,128.4,654547,632064,26910,337055,33907,10414,640736,153691,141335,315021,172303,144143,286323,381578,22934,92,8960,20847,177286,17911,16702,57085,54190,44679,22266,20674,16077,19766,895525,1128889.13189926,3471279.10778555,3003634.9532036,83.62,21327,94.4,3368,3238,1101,6509,3954,481,0.0351233333333333,0.0238,0.680367,0.62633333,0.0126466666666667,0.0627,14370200,31359,10119,142092,133969,243085,14143.802496,26169.3,207807,39158,39903,44613,861.3513254,1128.6568771,2050.3410319,1052.89,262.739,45681,61151,21458,13644.972892,5639591.4,326606.596359295,402686.9,726999.9,25707,7710,94,688.165910584874,203,1.90200716139073,100.713333333333,1.50089062697683,1.1487346839438,0.0310666666666667,0.00213333333333333,0.0130390237781542,0.0265796666666667,120665088.074892,3.68475,8428629.18353392,10.3707692307692,643.992731048808,127.7,41090,36290,29228,3558,3072,1080,6301,2444,575,64193,71640,17.46875,665.6,0.03861392,3401.027,0.3,0.06398686,0,6678.7,418.089309490016,68925,187074.5,1.23224370585127,3.824714946,2342389.97588629,1953715.12254477
2022-12-01,498.1961,10234411.5178082,0.665023,131,659948,640361,13644,340288,34117,9765,641632,157168,137992,323867,174206,143976,291928,378131,23108,93.4,9238,21610,189268,18268,17467,56687,54949,45760,23517,20953,15360,19241,932284,1129415.50912275,3488995.6964654,3013750.86130307,84.62,24076,96.3,3748,3344,1261,6765,3885,596,0.03722,0.0306,0.6631,0.616,0.0137133333333333,0.0727,14613100,32349,9221,142992,135587,240829,14256.285757,26320.3,209777,42274,35431,45552,855.6638757,1150.2089513,2077.4700177,1055.45,253.397,48258,62286,25850,13758.089693,5754256.5,335112.527347721,403094.5,748931.5,25601,7993,95.2,700.581673933487,1564,1.93870705975007,88.5566666666667,1.30021024040017,1.12304626385113,0.0383,0.00301666666666667,0.0211275613275614,0.0367606666666667,122230661.058084,3.648,8468759.73115974,10.7598387096774,671.171770772438,124.6,42428,34556,28989,4154,3220,1258,6811,2594,671,65312,71996,13.3125,664.3,0.0474162,3545.896,0.3,0.06398686,0,7221.7,424.43550546797,75070,225050,1.25342718560199,3.176344053,2359580.18734265,1966013.17339127
2023-03-01,520.5755,10310734.7232877,0.665194,132.7,663102,652785,7993,342730,34047,9483,647080,160068,142665,328910,174386,143142,297898,378328,23435,94.8,9657,21876,195073,18345,17568,59006,57661,46369,22410,21582,16326,18410,913838,1129942.13178485,3506838.6852263296,3023900.83865472,85.97,26553,97.3,3599,3446,1126,6664,3323,717,0.0359133333333333,0.034733,0.682633,0.61366667,0.0119366666666667,0.0777,14813600,32706,8880,143473,137836,247645,14376.875314,26514.3,213428,43728,33898,46791,898.2279668,1162.0058108,2117.0901864,1067.978,257.342,45452,64427,28329,13856.299855,5810134.2,340471.864066495,418276,784525.6,26348,8502,96.2,684.736093587798,624,1.96455173797017,81.1733333333333,1.1200943778669,1.12156907015927,0.0364666666666667,0.00436666666666667,0.0231556851119895,0.0354353333333333,123758544.32131,3.62,8509128.16066115,11.4987301587302,641.227326688935,165.5,48782,30000,25762,3857,3354,1099,6689,2029,714,66723,72324,9.15625,663,0.05167859,3634.28,0.3,0.06398686,0,7373.3,420.112229843532,79152,259737.75,1.26869807163193,3.229812508,2376896.55344148,1978388.6367801
2023-06-01,522.4318,10388754,0.666657,133.8,666120,650898,6460,344199,34482,9668,646655,164893,145884,334523,167635,145133,302992,383048,23615,96.4,9885,21955,197382,18683,18273,60602,60026,45610,24424,21244,16631,18183,839386,1130469,3524809,3034085,88.1,29144,97.7,3686,3433,1159,6860,3475,757,0.0358633333333333,0.039367,0.657833,0.60433333,0.01214,0.0827,15163500,33463,9117,144552,140108,241046,14513.532051,26659.9,211323,42406,36163,48229,925.690217,1190.4694744,2146.6669106,1075.139,256.325,44484,66597,31160,13991.100267,5911719.9,347930.267553707,430325.2,802955.7,27635,9372,97.1,722.463988191262,-414,1.97264592848795,78.3166666666667,1.03671185672283,1.11561913489963,0.0359333333333333,0.00403333333333333,0.0235936026936027,0.0399276666666667,125286427.584536,3.592,8549736.00000001,11.3130508474576,654.244385515456,120.5,44491,26909,22661,3810,3407,1134,6823,2133,706,68671,72603,5,661.7,0.05617446,3631.094,0.3,0.06398686,0,7401.5,427.660973370818,81169,294425.5,1.27955027605431,2.765150618,2394340,1990842.00000001
2023-09-01,533.8049,10455030.6994536,0.666233,135.2,668806,658811,6661,343778,34541,9864,652964,166176,149689,339012,165667,150419,310577,388286,24062,98.3,10198,22151,200695,19988,19696,59066,58595,44686,22987,20922,18000,18117,771877,1131760.53498994,3546651.1880088,3043368.8026421,90.01,31061,98.3,3827,3547,1282,6476,3509,866,0.04125,0.041933,0.654167,0.61,0.01649,0.0852,15415000,33877,9581,146243,144050,239892,14609.323667,26831.1,215473,41232,40191,49804,940.1245694,1142.5024546,2145.1250834,1096.938,253.191,44175,68419,34005,14075.518732,5860887.6,341593.123585349,436405.6,795158.9,27982,10281,98.7,730.331949014104,-1795,1.9440826709838,86.66,1.08909780987493,1.09797775378673,0.0415,0.00666666666666667,0.0255458247066943,0.044623,126814310.847762,3.564,8591955.66883166,12.504,579.790467050544,145.2,45777,22610,20622,3767,3546,1289,6443,1983,854,70670,72873,6.3375,688.6,0.05957078,3608.135,0.3,0.06414872,0,7249.7,421.850064474696,84248,329113.25,1.2953760437263,2.63238919,2414890.65301886,2001935.67818076
2023-12-01,575.079,10520587,0.668105,136.3,668754,667256,11651,343920,33364,10238,651879,162532,145313,342384,166968,146933,316120,397287,24257,99.7,10550,22120,199508,19368,19262,61128,61067,44675,22830,20364,16684,16668,804147,1133053.54552907,3568671.23810318,3052681.01219813,90.8,30769,99.8,3825,3526,1218,6264,3287,842,0.04466,0.043133,0.661133,0.61433333,0.01891,0.086867,15925600,33134,10098,146681,146717,241986,14742.06858,26956.7,213613,40172,38983,51329,939.7108678,1197.886036,2234.9949099,1108.52,256.509,43474,70035,35632,14166.989552,5833081.4,346482.322856796,417606.7,797487.9,27012,10341,99.3,749.277815988611,214,1.93288452325728,83.7233333333333,1.07557170389607,1.10019175711813,0.0444,0.00743333333333333,0.0250888357256778,0.042346,128342194.110988,3.536,8634443.42457485,14.8968253968254,525.581779435269,99.5,48372,23977,20242,3747,3535,1233,6266,1787,904,72476,73235,7.675,715.5,0.06075305,3748.412,0.3,0.06414872,0,7829.5,416.629950798755,84155,363801,1.30598864016688,2.251559539,2435617.69257411,2013091.17427354
2024-03-01,577.91010000000006,10586143.3005464,0.665831,137.5,670388,676050,10189,345893,33713,10248,658880,166113,154169,347372,166466,152894,319815,401376,24477,100.2,10804,22229,200916,19286,19432,60572,60702,44714,23345,21698,16607,16669,694270,1134348.03330319,3590870.66589697,3062021.71558861,92.7,30905,101,4062,3575,1387,6698,3035,946,0.0411133333333333,0.043467,0.654167,0.61333333,0.0159733333333333,0.0877,16306600,33915,10437,149342,150036,246164,14786.442078,27113.5,216335,40308,37434,52904,936.5316249,1222.2150096,2225.396049,1125.038,269.798,43617,72075,37057,14208.53199,5832174.4,349724.91309854,433447.2,814594.3,26656,10099,100.6,749.914346975856,269,1.93816452502618,83.0033333333333,1.04411070450273,1.11150174458397,0.0416,0.00721666666666667,0.0228531673881674,0.040293,129625616.052098,3.5095,8677201.214235239,17.2203333333333,473.492576605177,128.7,44786,23775,21713,3917,3586,1402,6689,1594,922,74157,73555,9.0125,742.4,0.06188101,3808.962,0.3,0.06414872,0,8153.7,411.470061689669,83911,340692.5,1.31931162001285,2.522693496,2456522.63259378,2024308.83274966
2024-06-01,600.9973,10652420,0.667638,138.9,672076,678357,11125,344825,34160,10491,660084,165043,154475,349919,161366,153549,323426,405346,24639,101.8,10845,22156,203169,19057,19334,61171,61640,45791,22754,20784,16224,16297,683334,1135644,3613251,3071391,94.5,31699,101.5,3678,3667,1582,6481,3373,958,0.0427833333333333,0.043733,0.659533,0.62866667,0.0180433333333333,0.0877,16585100,34881,10709,151247,153057,246396,14895.691843,27194.3,218021,37452,39262,54664,942.4189685,1224.7925059,2251.0945825,1128.2,269.717,44492,74176,38109,14294.694591,5889589.3,353420.893593255,451025.9,816912.5,26523,10521,101.4,778.325189059246,-214,1.94843064245096,84.6466666666667,1.08556130302533,1.1642167253297,0.0444333333333333,0.00996666666666667,0.0248325324675325,0.042015,130909037.993208,3.483,8720231,20.1301639344262,398.099092789551,55.8,41015,21714,21100,3954,3664,1538,6545,1750,932,76130,73795,10.35,769.3,0.06206368,3779.718,0.3,0.06414872,0,8013.8,417.235073299569,87951,317584,1.33064498054441,2.625823415,2477607,2035589
2024-09-01,618.7815,10709587.287671201,0.670805,139.1,674130,681417,18324,345185,34524,10580,663863,165709,154811,353116,157474,153872,328135,416103,24758,102.5,11216,22234,201412,19047,19473,60384,61081,45481,23629,20419,16697,16728,692649,1136250.51394518,3634198.15155889,3081782.1478737,96.09,31449,102.5,4297,3726,1328,6933,3186,956,0.0407466666666667,0.0442,0.6743,0.62266667,0.0173466666666667,0.0877,16900100,35788,10945,153831,156738,242815,15030.030152,27301.1,217335,37369,43012,56086,978.9482477,1247.1535682,2240.6405426,1150.067,268.852,44490,75234,38666,14411.248641,5941221.1,361679.976680264,446710.5,836986.4,27877,11580,102.2,774.117005381449,74,1.96606366281791,79.8433333333333,1.0458040974189,1.13585187658187,0.0394666666666667,0.0093,0.0227771033314512,0.039961000000000003,132192459.934318,3.4565,8761904.81618412,19.0115151515152,440.801268768528,81.6,39208,20825,19339,4444,3662,1308,7043,1686,889,77838,74066,12.24375,797.45,0.06236115,3899.84,0.3,0.06414872,0,8380.3,416.270912872074,84302,294475.5,1.34137883608508,2.580982184,2497947.63761371,2045924.51675153
2024-12-01,604.7092,10766133.1917808,0.670117,139.6,677077,690352,20912,347360,35136,10512,666693,165029,154215,358273,160456,155064,335011,424334,25130,104.8,11371,22545,202812,18982,19478,60839,61751,44183,23387,20698,17493,18112,657500,1136857.35181156,3655312.61943872,3092208.45113925,96.64,31911,104,4001,3980,1320,6591,2361,1059,0.0437466666666667,0.044233,0.643433,0.609,0.0200833333333333,0.0877,17283800,36659,11127,154528,158911,243749,15078.406566,27388.1,217763,38011,40808,57057,969.6377347,1268.1333685,2258.5114285,1183.255,288.464,45181,77502,39524,14473.697393,5964184.1,359252.037532393,452690.7,848987.7,27283,11653,102.8,796.063888730831,-187,1.98952471875392,74.6133333333333,1.03005274651507,1.18750198913513,0.0428333333333333,0.01025,0.0223805613066483,0.0435006666666667,133475881.875428,3.43,8803833.58172092,17.4153333333333,503.209510846213,64.3,40361,19119,19850,4302,3923,1335,6880,872,925,79276,74338,14.1375,825.6,0.06215221,3887.24,0.3,0.06414872,0,8763.56136789039,417.054721242363,85672,271367,1.34819262743779,2.148203233,2518455.26762716,2056312.51114295
2025-03-01,619.213961366667,10822836.078126963,0.668511013333333,140.9,679519,699150,26549,349205,35996,10516,670389,166237,155776,362651,164891,160739,340475,434887,25444,105.5,11447,23341,204830,19552,20257,60349,61913,45498,22337,19482,17563,18891,654342,1137464.18967794,3676427.08731855,3102634.7544048,97.79,32204,105.3,4196,3715,1505,6537,2147,1000,0.0444166666666667,0.0420666666666667,0.623966666666667,0.595666666666667,0.0215333333333333,0.0863666666666667,17395000,37511,10907,155114,161057,245532,15122.5894764,27529.8,218892,36828,40432,57856,992.1689106,1257.0631264,2310.9387459,1208.3,296.284,46071,78074,39206,14503.3755150333,5970789.39521299,361570.855271774,454781.51939175,857049.103513513,27037,11332,103.6708537878754,794.407758540445,,,,,,,,,,,,8845762.34725772,17.4153333333333,466.65198688954746,107.07,40154,15725,19052,4392,3412,1481,6416,788,941,80244.73146455357,74732.8457220175,22.44375,852.7285182464805,0.061020070986576525,3858.589,0.3,0.06414872,0,8126.89990234375,416.60001807881173,88068,,1.3607474298422968,2.050100013202381,2538962.89764061,2066700.50553437
2025-06-01,632.968874933333,10879538.964473126,0.670083922,141.9,684822,705456,23305,352663,35990,10750,674469,168540,158522,368590,164143,161938,345272,438171,25674,106.6,11476,23767,205545,19315,20177,60404,62216,46194,21769,20327,17759,19006,680231,1138071.02754432,3697541.5551983803,3113061.05767035,98.79,33599,105.4,4596,3747,1221,6797,2367,964,0.04275,0.0383,0.646733333333333,0.598666666666667,0.02202,0.0838666666666667,17920300,37533,11341,156588,164108,246687,15222.9411024333,27611,218671,36950,41646,58318,990.2983021,1273.9317466,2385.7573131,1222.865,296.313,46834,78630,38314,14589.9722275667,5986721.81200755,366146.570034023,458807.322327741,852222.085634561,25898,11392,104.26735698749683,818.842503596724,,,,,,,,,,,,8887691.11279452,17.4153333333333,503.75148336714864,49.182,41590,15006,18681,5148,3812,1425,7330,789,842,81558.86946546349,75472.88718908337,30.75,887.9329589830571,0.05819396423462102,3994.233,0.3,0.06414872,0,8773,416.8082293230091,88233,,1.3704049701534557,1.9519967934047622,2559470.52765406,2077088.49992579
2025-09-01,657.3819662,10923433.812202014,0.669101939,143.5,688271,718591,24344,354377,36720,11236,680205,170963,162177,374165,165626,164997,350992,445261,26114,107.8,11842,24251,211547,18611,19422,63988,65983,47017,23550,20315,17881,19167,712417,1139033.5346193155,3717527.0460310294,3124066.791562648,99.74,33643,106.4,4242,3970,1470,6417,2154,1043,0.04288,0.0362333333333333,0.653633333333333,0.607,0.0207966666666667,0.0810333333333333,18448300,38602,12171,158467,167785,250863,15266.140926,27722.4,216987,38253,45258,59050,996.9237465,1299.4808273,2357.3096456,1250.722,294.716,47672,79181,37427,14608.7589597667,6000036.47010617,362337.286154664,457401.42409980303,861107.270240123,26565,11797,105.55082658904301,838.003544177746,,,,,,,,,,,,8918682.337519467,17.4153333333333,524.5894646839002,88.09,40318,16146,17636,4506,4191,1650,7107,843,925,82792.46423816474,75839.69779479502,28.096,920.8557056285198,0.05575867128470517,4169.342,0.3,0.06414872,0,9135.900390625,409.4702679750945,91079,,1.3858570346513102,1.8538935736071434,2578493.511411714,2077088.49992579
2025-12-01,650.820037866667,10954404.503687566,0.667316483666667,144.6,694551,732456,29242,355990,36955,11677,687292,173860,165144,378924,171119,170486,356052,455498,26364,108,12059,24525,215815,18683,19548,64253,66563,49644,23675,20163,18086,20094,711357,1139276.5203394424,3740069.4556477577,3135714.197542585,100.53,33951,107.9,4109,4002,1562,6514,2158,1035,0.0445633333333333,0.0364,0.659233333333333,0.615333333333333,0.0213733333333333,0.0802,18987000,39349,13040,159537,170659,255546,15287.1091735667,27801,216856,38897,43772,59827,989.8369307,1316.079427,2363.9815529,1274.866,294.664,48231,80448,37406,14636.2891356667,6051133.17868265,366748.627883307,463712.788689671,865232.389747039,27386,11597,106.47919661512138,876.697856631148,,,,,,,,,,,,8952872.153116133,17.4153333333333,517.8654713100055,56.613,45279,17500,17315,4910,4478,1720,6878,851,942,83845.50056521145,76184.89353984338,25.442,951.0651252349396,0.05476508442694055,4202.017,0.3,0.06414872,0,9018.7998046875,415.25886669881817,94343,,1.396480328993585,1.7557903538095245,2600792.9353083153,2077088.49992579
2026-03-01,649.149311366667,,0.667597298,146.6,696539,736777,26229,357486,37495,11200,692843,171991,168419,382876,169757,172668,360672,457000,26570,109,12213,24807,217950,18621,19473,69806,71920,48861,22126,20667,17804,19368,761732,1139587.5876804863,3762584.4141844045,3147503.1257894877,101.46,33847,108.8,3606,3778,1475,6420,2291,1156,0.0481133333333333,0.0397333333333333,0.699166666666667,0.647666666666667,0.0250266666666667,0.0827,19211900,40435,12697,158806,170772,255838,15368.0733356,,218380,38952,41660,60483,967.4757468,1330.8411796,2394.3946344,1294.254,282.014,48366,82084,37980,14718.9240242333,6104051.79313444,367691.597145708,468224.271878653,868169.745869358,27892,10789,106.76127203421265,862.611846571925,,,,,,,,,,,,8987176.039899683,17.4153333333333,510.21702767915343,,38378,14960,16612,4328,3619,1388,5827,,1008,84719.96990004828,76505.05028788577,22.787999999999997,979.1394632877294,0.05655619100996115,4152.532,0.3,0.06414872,0,8885.599609375,418.5705970259627,95148,,1.4157954096159029,1.6576871340119057,2622996.8265039185,2077088.49992579
2026-06-01,684.6849077,,0.667944264333333,147.5,699461,742502,27078,358963,38086,10987,693997,173452,169188,386586,174488,179592,366143,462107,26874,110.3,12219,25264,215562,19083,20115,68935,71589,49143,24727,20168,17250,19267,638918,1139831.6387606487,3790226.368313098,3159737.4404984647,102.29,33328,109.2,3588,3891,1433,6929,2415,1038,0.0492733333333333,0.0441,0.704866666666667,0.658333333333333,0.02516,0.0868666666666667,,41665,12411,159682,174084,260808,15441.5383533,,217819,39960,44288,60809,,,,,,48086,83807,38778,14756.8534456,,,,,27376,10813,107.72467316141136,,,,,,,,,,,,,9027052.308737352,17.4153333333333,515.9935801006307,,41998,19666,17756,4744,4034,1503,6958,,1185,85540.89126448266,76821.14087402119,20.133999999999997,1004.7992004845748,0.06052051356591985,,0.3,0.06414872,0,8986.2001953125,,95460,,1.424487195895946,1.5595839142142869,2650394.729552449,2077088.49992579
2026-09-01,691.5279971,,0.6685332359999999,,,,,,,,,,,,,,,,,,,,,,,,,,,,,,,1140533.7542817697,3817012.4229732975,3172464.567164011,,,,,,,,,,0.04919,0.04495,0.7098,0.6585,0.02583,0.0877,,,,,,,15498.7711467,,,,,,,,,,,,,,14807.2431495,,,,,,,,,,,,,,,,,,,,9066565.4900631,17.4153333333333,525.7665882914491,,,,,,,,,,,,,,,,,0.3,0.06414872,0,9156.400390625,,,,,1.461480694416668,2676478.668691528,2077088.49992579
