date,Cpr,Idwell,Imin,IvtNonfarm,Tcit,Tprl,Toth,Ytsf,Xmin,LavhMkt,LempNonmkt,Lpar,Lwge,Pcpi,Piret,Pxagr,Pmgs,Rmort,Peq,Rtwi,Rusd,Whh,Ygdw,Lhrs,PhouseSa,Pimin,Pinonmin,Pgov,Pidwell,Pxsvc,Tpit,GovDebt,PcpiRent,Inonmin,Ynli,EqEarn,Tgst,Xoth,Pxmin,Pxoth,PconsExrent,Ppcd,Xsvc,Mtot,R90d,R10y,GapAvh,Ivt,Iotc,Xagr,Xtot,CprNom,CgovNom,Ttot,FiscalCovered,GovDef,IdwellNom,IotcNom,IminNom,InonminNom,YgovIvtNom,XminNom,XagrNom,XothNom,XsvcNom,XtotNom,MtotNom,YgdpNom,Ygdp,Ygne,Pgne,Pgdp,Pxtot,Ptot,CconsRent,PconsRent,CconsRentNom,LempMkt,Lemp,Lsup,Lune,Lur,Lhh,Ywss,Yhdi,Ygoa,SavHh,Wfor,EqYield,PeRatio,KMin,KNbiz,KDwell,KBiz,KTotal,R90dReal,R10yReal,RmortReal,PcpiExGst,RmortRealExgst,Fr10y,Fr10yReal,Rdif10y,RtwiNom,PhouseReal,Rbiz,RbizReal,KdepAllow,CostCap,GovDem,Pulc,UlcDom,UlcExp,RmortRealHpf,LparHpf,PpcdHpf,LurHpf,InflExp,Lpop,Lpop15Plus,Cgov,Igov,Ipubent,IvtFar,Lnom,IntStu,Fpcpi,Fpoil,Fpcom,Fpagr,FcGdp,FcPpp,Fr10yUs,Fr10yJp,Fr10yDe,Fr10yUk,YgdpHpf,CprHpf,PhouseHpf,YgdpAnnualGrowth,PcpiAnnualGrowth
2025-03-01,347864.5773761275,35109.73723576575,18981.62884798602,217910.4921026156,38302.396216482695,11141.348207492503,45869.33566127197,43459.15697358865,89228.70513955168,412.856317151548,4507.13772611746,0.6697898223673119,25516.089934540876,140.93118332666396,1.2370352373050402,1.073814041350126,0.9977641362991772,0.07989495787845875,8330.497333525334,0.41766238786057763,0.6436653259574596,17492858.973993942,57574.14828008802,4270825.3658776535,791.0927687145214,1.030682340942514,1.0192517296258183,1.0396400596801239,1.0517642943507284,104.95285051516048,85300.11429287691,845.0803566318307,97.88155803429923,61228.479688623236,83368.13574649475,506.96374301485355,22514.908823574788,19293.250286127957,0.8891582717570613,0.9404097385509618,1.0273498335273084,1.0384751483777808,32045.67334980635,154902.6862714658,0.030606697314886785,0.04284826348982585,0.22382494657698676,147.49210261559347,10391.170958636734,17075.03495648213,165687.66373196812,361248.71811230044,162314.42550636735,203128.10320169886,42741.35655763722,14.795588385350229,36927.16800861466,12854.244632694434,19564.02965594419,62407.23321700277,39230.77115029153,79338.44125300419,18335.412292814748,18143.56045737586,33632.84764739888,161039.8216505937,154556.34497807146,701030.0669557375,679701.1960315382,669346.2009814578,103.82512689206705,1.0313798001365309,0.9719481705717499,97.41261839464569,74014.23098599308,1.0801269663194997,79944.76677937142,9971.049506458996,14478.187232576456,15177.474452656237,699.287220079781,0.046074018918716056,10809825.733587878,339423.60409038264,433023.76428136346,246464.85929857564,12650.671975999381,641977.5814357753,0.060856359796746314,16.432136318042883,1137697.0257592143,2537800.320859408,3102677.61831014,3675497.3466186225,8834487.476071702,0.005652636757330784,0.01789420293226985,0.05494089732090275,1.3610485840765898,0.04825954784293336,0.03598833333333334,0.019274208596304625,-0.0013800056640347752,0.6163434124088794,5.613326660862912,0.048336188564886785,0.0330406348035027,0.007157817997877988,0.11711408348736176,195464.13980288748,106.03216915778829,4.695497704471823,4.105414530691175,0.041125687527523415,0.6702235742181647,1.0344962920762195,0.03576150423764723,0.04654558227954437,27499.25,22660.055357384826,156125.5975037247,27565.067021472623,11773.475277690155,0,76.25,258921.25,2.002083547818402,72.8314273592171,1.026873193035108,1.1816878478036545,135100737.56355068,3.3974844822145016,0.0429,0.0151,0.026099999999999998,0.0458,684932.6944150425,351410.9327039648,794.3575518899067,1.389224752164142,2.4954060557556
2025-06-01,349928.5903297884,35022.02901574672,19350.90754778733,218256.36774981485,39347.99570175601,10943.80079161963,46618.60075013916,46034.27656632335,90030.17949912575,410.5995349490681,4539.9096718757355,0.6685495524040429,25648.317176973327,142.44748434656046,1.257386934043929,1.0961007466791248,1.0051479345931034,0.07258905572756898,8024.062694818593,0.4127063784110456,0.6334278417120398,17838277.265305657,58150.3901089565,4248715.23218825,808.4144989768448,1.0370916143837043,1.024467753729059,1.0488286374247409,1.0616392132502421,105.82153692282502,84376.82500072436,864.8695135425995,99.61285821510859,61850.724764532446,85369.62630156505,497.7596417668382,22608.78372000931,19319.141271322198,0.8962668627911119,0.9421718828065825,1.0333870159918963,1.0470189183670884,32223.953935403464,156052.30529287117,0.02327776879883795,0.041568695934526355,0.2648295095750259,345.87564719925285,10365.212601199439,17204.31936827825,166822.59407412965,366381.85412526724,165441.92706870704,203896.00596424847,48297.92087668201,15.3746682596769,37180.759330704495,13033.08289333566,20068.663948524572,63364.07245706505,40035.787146845716,80691.06653620211,18857.66730567592,18201.951705807987,34099.8833117471,163440.1288594331,156855.65235362187,712090.623476261,684847.5843208912,674507.2772881412,104.65598854833168,1.039779732891237,0.979724178049926,97.47064529824964,74453.38559225574,1.099231934095255,81841.53904451507,9973.949472863223,14513.859144738959,15255.967798742586,742.1086540036267,0.04864382462846899,10853518.275394958,342023.1539063548,442230.34467537183,252856.67152530697,12919.639728331766,652106.4327633856,0.06203336896760021,16.120356134813445,1138522.9287747398,2557216.125622048,3113037.009201926,3695739.0543967877,8865088.574741654,-0.002262075308868648,0.016028851826819755,0.04704921161986238,1.3756923223000916,0.03873529126422488,0.03598833333333334,0.022838260147680527,-0.006809408320860771,0.6070853458230494,5.6751756809551885,0.04100726004883795,0.02806043648289375,0.007063540716720049,0.11660456098823818,197484.95817765966,106.04134290604688,4.695741423097927,4.102737045486682,0.041125687527523415,0.6702235742181647,1.0450937357694454,0.03576150423764723,0.04654558227954437,27610.4,22819.501926048,157739.71187030865,27850.050210690817,11895.196096660196,0,76.25,246475.5,2.014721654202731,71.09207663305381,1.0237034541596564,1.1759021731524306,136745373.27462646,3.3652772031744442,0.0429,0.0151,0.026099999999999998,0.0458,687884.0177823156,352833.5253318976,805.5408381368894,1.9003184641158466,2.55398441077066
2025-09-01,353241.07054682745,35018.00425505866,19520.57134587894,218803.11786330305,40277.68233671362,10808.996103847994,47375.10253291125,50555.40575658954,90619.17431435997,409.45015755954483,4567.485461198027,0.6676590324669632,25821.10259668801,144.03407630766267,1.2785138847930784,1.1212033760970217,1.0122601232637574,0.07352903652391166,8029.554729523904,0.40853334438350075,0.6244134400205898,18240832.0122214,58786.87049399835,4243136.008510431,829.1355261668024,1.042518605486484,1.0289676273715502,1.0584252501634557,1.0726674502071936,106.6363851382245,84533.53244040415,885.5468346774184,101.48840586861641,62629.86430071517,87028.98588149769,498.1443989044388,22759.354083423383,19334.969310743996,0.9020908488180668,0.9451306352243767,1.039894048806741,1.0562224538877811,32285.79102116368,157771.5794329262,0.026528523652649995,0.04057317200683099,0.26622252625521364,546.7501134882041,10364.021422350781,17326.67597621796,167611.6106224856,373101.15057003614,168091.86386148666,205754.6674973004,54067.48399220928,15.975945900324039,37562.67333561843,13250.545290768383,20350.55881780513,64444.10225223219,40684.40685094644,81746.72787643335,19426.727601074737,18274.071826707303,34428.400458250406,165465.48776246578,159705.87844429156,723244.9102970677,689718.1996790685,680308.1495685854,105.52495350521895,1.0486093072149885,0.9871958580193255,97.52393039413437,75158.17329375078,1.1199286785878302,84171.79370194545,9988.81347416799,14556.298935366016,15302.06295692684,745.7640215608244,0.04873617117867773,10892257.816511353,345334.1096136904,452841.0669949193,258698.93027727917,13229.629106664801,662321.1188566064,0.06203885715764655,16.118930067633357,1139704.9304708045,2576934.281603585,3123226.054054356,3716639.2120743897,8896177.777271686,-0.008942909184608737,0.00510173916957226,0.038057603686652924,1.3910148981217971,0.03652527539287734,0.03598833333333334,0.02621459283647886,-0.0211128536669066,0.5983030959649833,5.75652336878764,0.044258014902649995,0.030249097952661976,0.00699033678211141,0.11721090656855963,198828.88633482918,106.31179004476185,4.6984457735722085,4.102520192130366,0.041125687527523415,0.6702235742181647,1.0557997403281778,0.03576150423764723,0.04654558227954437,27708.95,22918.978419847874,158813.16496892695,28039.575868756692,11976.14549714554,0,73.75,234029.75,2.027439538343165,69.39426485591707,1.0205434995931213,1.1701448258054366,138410029.79884452,3.3333752408558004,0.0429,0.0151,0.026099999999999998,0.0458,691152.3939809764,354570.2129282779,818.7012122908362,2.3123432689642343,3.547143283725873
2025-12-01,356873.95482267614,35116.578710632624,19971.9027529203,219480.62366822985,41260.71243708901,10765.71229870907,48233.94153062043,51807.23132066839,91420.96463917266,408.78748809170895,4599.489087255155,0.6673158449526934,26037.45418735744,145.68395865618106,1.3010526627350125,1.1502523502477489,1.0271614011685726,0.08040407063884082,8162.889594557939,0.3993162775203849,0.6075476734603948,18562672.916102692,59487.246879860046,4251103.328636999,843.7823776588598,1.0486192808385895,1.035811094113672,1.0677762278429295,1.084621629982914,107.45917279242038,85459.91781094704,906.2692395414105,103.47736915361529,63499.07873350475,87879.43587941631,508.8119097893564,22928.260907104894,19359.402595409974,0.9214807468713772,0.9545832837754435,1.046870318660635,1.0660166846690715,32308.89579055141,159571.4335145839,0.034932749886752434,0.04015353731703502,0.2550412332830602,677.5058049267973,10393.19577968491,17471.35414481499,168605.61716994905,380433.5906387311,170730.93011579837,208648.54498447047,55620.41220516962,16.137785019384935,38088.20084054965,13522.095043485346,20942.92230174553,65773.04957785689,41361.96293292628,84242.65877540658,20096.466167084192,18480.1621014573,34718.87215489167,169127.71919883974,163905.61723531774,736074.8534146152,695477.3632426666,686873.1597966045,106.46305296347553,1.0583735782516577,1.0030965873952138,97.657153613250955,75931.13252393798,1.1418769691779114,86704.01147268064,10023.792311565094,14623.281398820249,15360.665258675554,737.3838598553048,0.04800467666703055,10930997.357627751,349830.0272233666,459288.16640260373,264887.1746399129,13417.979369469964,674070.3094274607,0.06233232777380362,16.043039554512987,1141037.7332113092,2597106.701740283,3133329.7951928726,3738144.4349515922,8927786.741287405,-0.008648615845203711,-0.003427828414921126,0.036822704906884676,1.406948703411283,0.036822704906884676,0.03598833333333334,0.02511471525163566,-0.028542543666556786,0.5820136151351133,5.791868819615302,0.052662241136752434,0.035983746651441356,0.006959517848123337,0.11899602919697554,200181.96021584678,106.80405073925102,4.703222639349416,4.104375854076976,0.041125687527523415,0.6702235742181647,1.0666154178566054,0.03576150423764723,0.04654558227954437,27807.5,23018.5831414875,159893.92314970418,28230.391290208758,12057.64577593383,0,73.75,221584,2.0402377038349573,67.73700000000001,1.0173932991334242,1.1644156670690522,140094950.85763025,3.3017757009345794,0.0429,0.0151,0.026099999999999998,0.0458,694888.2546612581,356657.4843634216,832.3929459435533,2.717617529862415,4.3581365731956145
2026-03-01,360728.0069543869,35275.250421269804,20432.297372660556,220347.16864292786,42940.62497904567,10765.401855327673,49276.33241816718,52788.96930691314,92140.26666204887,408.58490624949167,4636.1904559977575,0.6674645086685289,26273.276154794432,147.44028407115934,1.327442579519369,1.1887247306684434,1.0499349402042755,0.0892805764063802,8412.638524705002,0.3874015991373859,0.5863814533559248,18840231.800605282,60263.02414932778,4272797.712784734,851.8491407447713,1.0553390776089278,1.0446384029227511,1.0770882734735245,1.097430849809172,108.29216315804936,86769.31868508518,927.4506126543073,105.56822361268893,64451.81328414615,88224.72041841033,530.6985347772815,23121.69925345826,19396.796522206998,0.9668988264022116,0.9699039537985905,1.0546939174500791,1.0766838479465035,32663.522840503963,161279.1337612335,0.044365974831279104,0.04033249197998952,0.22770428186402858,866.5449746980157,10440.156680031685,17636.989397149988,169882.5754219098,388390.0193865322,173391.86335046872,212873.37719108397,55680.29349225684,16.14402557491709,38712.14804704548,13858.708513927631,21563.00186269491,67328.8386660034,42186.130816648285,89090.31569992188,20965.52547092931,18813.02963791532,35372.035447605274,175830.46625637176,169332.59766179803,751928.5792378943,702070.7595599182,693897.2981511953,107.48683201432037,1.07101539120855,1.0350117769270342,98.57865828578504,76751.14905698114,1.1649496330100853,89411.22292703253,10079.941383316485,14716.131839314243,15430.655490900952,714.5236515867091,0.04630545538149037,10969736.89874415,355239.80938609154,465457.4537163245,272724.70754329796,13598.21342720372,688588.5691149117,0.06308348245545127,15.852010083720202,1142800.5980748564,2617815.9764945745,3143451.5123093533,3760616.574569431,8960380.598021723,-0.0018204020290354672,-0.005853884880325053,0.04309419954606562,1.4239104869059487,0.04309419954606562,0.03837138585860256,0.01710925698537835,-0.022963141865703404,0.5617769485741428,5.777587489818196,0.0620954660812791,0.04233990163415875,0.006972657926038966,0.12128121144413688,201544.2420593553,107.4371259025714,4.709289790239543,4.107521801136507,0.041125687527523415,0.6702235742181647,1.0775418918513804,0.03576150423764723,0.04654558227954437,27906.050000000003,23118.316090966877,160982.0361253156,28422.505252167797,12139.700681871911,0,73.75,218260.24,2.0547613937358893,71.09862400156359,1.0587019566397695,1.16820274370124,141615609.79212105,3.2757270620113657,0.0431166666666667,0.0255759818181819,0.0299805555556667,0.044899666666666595,699210.3801659553,359103.93339431647,845.2111436661198,3.291087857279873,4.618637686031457
2026-06-01,364162.6800899913,35367.396556827705,20986.482494161097,221401.71970998036,44512.07645775813,10836.061853534411,50337.3975887416,53601.215373161525,92857.18381331548,408.6131226479638,4675.138957499243,0.6679509912031414,26543.484782758565,149.2746917694609,1.3551244264502325,1.2291436866987058,1.0683023900620974,0.09825273557799567,8591.307599896892,0.3794386417138324,0.5713472941848852,19059325.778838743,61101.382646902945,4300920.677885833,856.0109590280982,1.062598479386225,1.0543866557379282,1.0865732809892983,1.111138220262137,109.14495223620705,88349.13105754452,948.6209317325755,107.73364128781913,65359.042769609296,87428.61261733755,562.185518181996,23274.61848025927,19429.84464032902,1.006123802997888,0.9831862085114181,1.0631722292464254,1.0880111828694412,32971.58267663716,162866.62762105727,0.05343608746471244,0.04104708691965334,0.19373855216873823,1054.5510670524964,10467.428494723152,17792.776800087337,171096.387930369,396213.06939220126,176109.13956663155,217309.28543783794,55460.36541416915,16.121105670366823,39298.06606545876,14184.66803532053,22300.204385961213,68913.70189288701,43056.732714615486,93425.82291392691,21869.87927266655,19103.15528389099,35986.81816393715,181975.23563442158,173990.8075489291,768060.0101385682,708272.1453162549,700472.3648328523,108.56918751684842,1.0844137004981391,1.0635831523718662,99.55824888775575,77481.93542430115,1.188845104958268,92114.01965187304,10145.585524607459,14820.724482106702,15508.60452028188,687.8800381751789,0.0443547253402642,11008476.439860545,361444.06716719863,470732.36875291157,280092.58690854156,13752.318641128584,703361.1409101338,0.06543654870287068,15.281979563756092,1144995.725207951,2639136.780793685,3153651.1592628234,3784132.506001636,8994096.176407399,0.005508197026924663,-0.006880803518134436,0.050324845140207894,1.4416263531993962,0.050324845140207894,0.03837138585860256,0.01097465813893761,-0.017855461657072046,0.5475455654485077,5.734468106289024,0.07116557871471244,0.048420291749927916,0.007025169344994908,0.1246488732102475,202915.79452754525,108.3564021930424,4.717967007246442,4.113277814312808,0.041125687527523415,0.6702235742181647,1.088580297318324,0.03576150423764723,0.04654558227954437,28004.600000000002,23218.177268286003,162077.5539467421,28615.92659148481,12222.313989318349,0,73.75,214936.47999999998,2.069388472358607,74.62707729772079,1.1016878467231623,1.1720021371974343,143152774.700459,3.249883928140951,0.0431166666666667,0.0255759818181819,0.0299805555556667,0.044899666666666595,703973.3407858681,361784.8796749622,856.4416291966676,3.4204049969150496,4.792789043778778
2026-09-01,367560.1518511122,35334.19128269036,21650.69740630269,222571.0158433363,46045.088785793036,10964.67668912244,51410.76221032835,56775.98617896891,93540.4107458752,408.9041533279537,4714.335098075045,0.6684729628113782,26830.74353190266,151.18179322044907,1.3835134610834432,1.2647583150315833,1.0824514462828765,0.10724094655187279,8755.767005840604,0.3750223665899961,0.5618164102436792,19281841.985996347,62000.02243806662,4331854.727316927,860.1809742680107,1.0702415637018412,1.06415611106314,1.0961507724965402,1.1257663581731439,110.0227032246149,90077.82375574282,969.9621352360897,109.91065161128805,66211.45223300956,85851.13952504731,592.4914261873907,23428.075449504144,19464.452627710292,1.0385311156736903,0.9939050748914503,1.0723951570599886,1.0999471802528484,33245.12191591973,164346.5577370949,0.06256994634751892,0.042264471649981344,0.14917401570879724,1169.296133355936,10457.600973714589,17944.249051981056,172239.23434148627,404296.75395598187,178870.46073355078,221926.4268904908,57474.026248982,16.330960248880984,39778.04383930757,14468.231717773457,23171.47624735679,70459.32081804881,43862.98332929751,97144.62713248901,22695.138195490646,19345.818246665483,36577.181822213766,187352.3253968589,177897.16911413064,784362.4269240451,714301.759043532,706839.060171777,109.69015916102275,1.098082740797877,1.0877447645024305,100.48901206956961,78204.80655303957,1.2128685022514611,94852.14659285036,10211.284000977916,14925.619099052961,15580.49090204512,654.8718029921583,0.04203151513048151,11042891.93275492,367941.5131024007,477968.6088991678,287312.5353352234,13963.723436848673,718290.2952971157,0.06766870632717438,14.777879676981799,1147710.0069355308,2661013.534041334,3163861.588824685,3808723.5409768648,9028897.64094449,0.012944766695458104,-0.007360708002079469,0.057615766899811974,1.4600442623397842,0.057615766899811974,0.03837138585860256,0.008726053620100482,-0.01608676162217995,0.5383273974703836,5.689712735538986,0.08029943759751892,0.05450606029999256,0.00711477873184985,0.1279289581669203,204296.68070903697,109.37314689858943,4.727463798657014,4.119853401892782,0.041125687527523415,0.6702235742181647,1.099731780890327,0.03576150423764723,0.04654558227954437,28092.15,23307.585749644502,163180.52700557242,28810.6642051475,12305.48949831704,0,61.25,211612.72,2.0841196756887905,78.33063922415042,1.1464190691304195,1.1758138876162745,144706624.7465363,3.2242446780360647,0.0431166666666667,0.0255759818181819,0.0299805555556667,0.044899666666666595,709086.4273304648,364662.6803420996,866.2464667885159,3.5642903690090266,4.962517965206081
2026-12-01,370645.51208833756,35200.92705420504,22298.172274527384,223840.97353327236,47458.307150279164,11133.796647866106,52474.84188308188,56689.43852410747,94141.31036270474,409.18166651740444,4753.03214512556,0.6690664987856516,27153.68249505601,153.14127559214012,1.412658401182168,1.2968828967099424,1.0951848465502947,0.11564532802559832,8880.920669271489,0.37215149240978024,0.5546818967832293,19527603.63934129,62948.94162883096,4361220.305233872,866.5223220583119,1.0779367117597713,1.0733283604625488,1.1061271999346647,1.1412833161455362,110.92642800484401,91715.36850165398,991.1900542374464,112.09585587909497,66972.50470817051,83378.77907125969,622.9836216658521,23582.627609230793,19485.85527929846,1.0692998199133321,1.0045459328385815,1.0821790640900482,1.1123386633553989,33463.43773522964,165619.93557316027,0.07067742460305082,0.04388819481269205,0.10807122928755002,1269.957689936069,10418.159739177207,18082.86856538269,173218.47194261555,412283.3349943585,181726.75048140486,226364.94179211193,56482.70303504515,16.22764904987693,40174.23075982025,14717.300880406505,24036.01849985695,71883.4879730844,44639.11182223098,100665.28621724529,23451.362965898665,19574.43666870047,37119.79616731531,192400.44201915973,181384.44372636123,800476.2337039609,719819.7475065346,712651.1887058036,110.83819972230049,1.1120509551968771,1.1107385942239396,101.42019383509893,78861.27053392395,1.2369823200530499,97549.99738738446,10273.533746724406,15026.565891849967,15654.21516613045,627.649274280484,0.04009457532630954,11077307.425649295,374888.5734468191,481095.2028424782,293974.34573645005,14055.066031970693,733046.7275700084,0.0701485403221101,14.255464125242963,1151045.1882164509,2683382.256427563,3173957.3635713793,3834427.4446440134,9064697.319358332,0.019489105691710806,-0.007300124098647963,0.0644570091142583,1.478968042333396,0.06445700911425853,0.03837138585860256,0.007793158430146829,-0.015093282528794792,0.5312224213372242,5.6583198664618255,0.08840691585305083,0.05986569641697511,0.007234593851092811,0.13118795896302327,205686.9641217825,110.58394602728475,4.738630525686925,4.128098925092096,0.041125687527523415,0.6702235742181647,1.110997500946458,0.03576150423764723,0.04654558227954437,28179.700000000004,23397.099084385005,164291.00603632102,29006.727050689497,12389.231034772009,0,61.25,208288.96,2.0989557449513274,82.21799999999999,1.1929664886247178,1.179638035146685,146277341.0389775,3.1988077032002264,0.0431166666666667,0.0255759818181819,0.0299805555556667,0.044899666666666595,714397.2972864246,367646.87527682324,875.2210985906383,3.500097278561509,5.118831891134001
2027-03-01,373227.6355916905,35034.660910810766,22848.418203973815,225159.06910867762,48025.676694881186,11330.930690759142,53424.09656919308,56809.601549994135,94752.7432037594,409.2691677094025,4789.955727405711,0.6696247503591698,27494.548916302854,155.12269606583973,1.4395590246313148,1.3279085681031688,1.104028032777066,0.12267172104555485,8822.876735245745,0.3701980817148961,0.5490266330974591,19774772.052265152,63932.67753241175,4384599.733867574,876.8533529952646,1.0853782089978254,1.0817917437828843,1.11636916823575,1.1576674037170451,111.85946776522448,92992.31660488433,1012.5334571941146,114.30037348377923,67594.36701258284,80293.37857466223,650.0150016477257,23732.818347303008,19493.642599144812,1.0776088127400996,1.0129269794029323,1.0922241322768707,1.1249639102236864,33747.81996769479,166658.16709928223,0.07696464086238423,0.04578045743170864,0.0793876600362919,1318.0955754052557,10368.95117036789,18207.89871539137,174247.10448599036,419867.621832255,184657.5547687942,229505.83890702078,57047.87303678211,16.286548498310797,40558.48493672535,14926.717233264531,24799.17522866241,73123.02748446295,45338.92127004853,102106.3911076707,24178.42471132288,19745.63651551208,37750.131798229544,195370.1441327352,183995.2883688521,814646.358518096,724796.7881111288,717637.8291788267,111.99306843665885,1.1239651916644182,1.1212246235543224,101.55762265691752,79410.66215882884,1.2613092613110868,100161.40362777667,10326.399390247576,15116.355117653286,15727.287190359239,610.932072705953,0.03884534639254553,11111722.918543668,381862.8526791824,484200.7522589166,299010.2141765243,14145.793816940693,746023.2073040736,0.07367381650601976,13.57334325035668,1154974.6204970551,2706143.4853044804,3183839.339160623,3861118.105801536,9101269.956105098,0.02485939674217745,-0.006324786688498146,0.07056647692534807,1.4981036904315057,0.07056647692534807,0.03944002276336502,0.009852944866624823,-0.01617773155512297,0.5253861941544,5.652643844090332,0.09469413211238423,0.06400822463450212,0.0073746513861494755,0.13486905121486573,207086.70871598754,111.86772035188606,4.7503299094229865,4.136877104997561,0.041125687527523415,0.6702235742181647,1.1223786277322922,0.03576150423764723,0.04654558227954437,28267.250000000004,23486.717272507503,165409.04211876175,29204.124146602408,12473.542450623387,0,61.25,208288.96,2.1103027090911284,80.60834338399455,1.1811955150890354,1.1858850170275583,147730387.82272053,3.1878230435715635,0.0435,0.0304926484848485,0.03050813492075,0.0441803333333333,719762.4232057042,370617.46053043695,884.2733217456941,3.236999724280798,5.210524412020678
2027-06-01,375319.3895819137,34892.802863228564,23435.03572099366,226496.38281441876,48595.157411143664,11546.186230027686,54359.104824115464,57100.7583419933,95408.79017599761,409.1985869810244,4825.301415567652,0.6700599639000246,27838.489049666932,157.12682758256634,1.4667165647414782,1.358997597783352,1.113966188362802,0.12824180030459514,8782.105523396374,0.3681734872216486,0.5433340602978102,20098098.65624599,64941.85232621824,4402717.187027559,892.1861544068308,1.0930644425743563,1.0901407646667582,1.1268622857023607,1.1748506010497175,112.81448022300496,93801.68838282194,1034.1412166785556,116.52339451219385,68063.07839865123,77348.42926564647,667.7890792517729,23885.25170705052,19491.251796269386,1.0855594717643946,1.0220965016542007,1.1025244949328459,1.137817744016647,34010.98997088089,167403.7641195361,0.08164953667185701,0.047826067583956404,0.060722787142713314,1337.3137057411368,10326.966486336036,18325.48035861714,175281.512301765,427045.06271760125,187661.65768126398,232187.3885551593,58318.74262989583,16.418992750192036,40993.83041617338,15146.732809039164,25616.00425707806,74198.33560488658,46010.649272130264,103571.91586513593,24904.283785586693,19921.940273828095,38369.32155434762,198357.02147889833,186482.13303382523,828547.1612032459,729477.3279964046,722029.5569238332,113.16833450350015,1.1358093415543828,1.1316482775285877,101.58730932325452,79855.71915246133,1.2858403886011176,102681.70894702259,10370.857260210309,15196.15867577796,15797.628745697968,601.4700699200075,0.03807343006245182,11146138.411438042,388680.9069839089,488014.22939940373,303933.77784937614,14257.203518605307,758753.0517265552,0.07603974667267645,13.151016984638805,1159391.5915948006,2729151.5635834457,3193476.2191731622,3888543.155178246,9138331.885494348,0.02904761386747287,-0.004775855220427734,0.075639877500211,1.517458671343157,0.07563987750021078,0.03944002276336502,0.012305022763365002,-0.017080877983792736,0.5186273241067993,5.678127460048213,0.09937902792185702,0.06708233349837844,0.007526575818601014,0.13741752497343773,208495.97887705272,113.13449521634027,4.761747342367774,4.145373334111751,0.041125687527523415,0.6702235742181647,1.1338763434814723,0.03576150423764723,0.04654558227954437,28354.800000000003,23576.440314012,166534.6866802775,29402.86457275064,12558.427624024602,0,61.25,208288.96,2.121711014969791,79.03020048057577,1.1695406854847201,1.1921650809060083,149197868.45480087,3.176876105106019,0.0435,0.0304926484848485,0.03050813492075,0.0441803333333333,725102.7838208308,373470.1357061266,894.4192960574493,2.9939314739931167,5.260192280438414
2027-09-01,377156.8824133105,34814.770073220534,23885.255302640162,227841.91451983433,49064.09772841132,11763.268917145757,55237.19921980078,60186.02624757726,95440.72751490696,408.8781136463415,4856.955114732514,0.6703745462516633,28188.82001784925,159.12683286333257,1.4944980686269607,1.3907601003934644,1.1245679518168548,0.1321646612942733,8687.190472574895,0.365759837671465,0.5370940682887921,20468330.088166956,65966.09003249004,4413327.27902967,912.0586628071841,1.1008574316412598,1.0984855422336561,1.1377240965641773,1.1927673121486608,113.79205125100393,94134.45727777293,1056.4375631631372,118.73316088723945,68397.9873397475,74418.53516542538,679.2404795268412,24047.463695084836,19459.416211652224,1.0943438000458146,1.0321598243513672,1.1129182611628727,1.1507059031463858,34204.15929627353,167910.66932255973,0.08437960685064691,0.04989643219293109,0.05682139150715745,1345.5317054155748,10303.87169482826,18415.85480525386,175565.15782808658,433996.65261488117,190643.77411804674,234246.48683821567,62962.610953559866,16.902955596809324,41525.91972330889,15399.116347300842,26294.26080656023,75134.19946515538,46649.87299735207,104444.96842780041,25612.036077786324,20085.227618999106,38921.614476390605,200653.40660097642,188826.95748826818,841470.2451853135,733074.8385985154,725850.3268651685,114.360160715435,1.1478640429664155,1.1428999300502225,101.6301352180409,80246.6776682261,1.310225250253161,105141.22332983628,10403.998082741342,15260.953197473857,15862.390843734742,601.4376462608852,0.037915941853762555,11179119.106513292,395250.3697865424,495280.0425954075,308254.06120364025,14469.472282963021,770587.5372794025,0.07818874026892533,12.789565307748429,1164324.6927999612,2752249.2732673474,3202894.3668548944,3916573.9660673086,9175780.844065143,0.03182672019915542,-0.0026564544585604005,0.0796117746427818,1.5367738029646878,0.07961177464278157,0.03944002276336502,0.012768995315049401,-0.015425449773609802,0.5114054779813947,5.731645922913035,0.10210909810064692,0.06887380168093966,0.007680885375554016,0.13945723070773078,209787.03733616404,114.48210470431121,4.773745732074194,4.154450519987574,0.041125687527523415,0.6702235742181647,1.1454918425385152,0.03576150423764723,0.04654558227954437,28438.700000000004,23661.982592310254,167565.91048196438,29584.93435286443,12636.192501335236,0,56.25,208288.96,2.1331809942010307,77.48295431711041,1.1580008538222106,1.1984784019736048,150679926.31393212,3.165966758269662,0.0435,0.0304926484848485,0.03050813492075,0.0441803333333333,730191.388801703,376160.545947902,906.4660700440525,2.6281721019588478,5.255288665149149
2027-12-01,379040.7883035827,34817.030654292364,24355.49515895918,229123.8809180048,49682.86914180603,11981.204827785034,56152.88863951178,60049.715321608135,95873.32358230664,408.4888028786083,4887.676149377767,0.6705389728782019,28530.57443587271,161.12522925270179,1.5225747325247807,1.4221547674411668,1.1337140973702546,0.13478134723858184,8550.915199411429,0.36409963027204684,0.5320401482788145,20876694.44883902,67005.91955996194,4420981.239764209,935.7177407307112,1.1086334031203886,1.1068949232634033,1.148579191351443,1.2113723763877509,114.7856818066602,94099.59032752797,1079.181537845786,120.94331677328246,68657.00105759002,72274.41474538794,684.9962293027417,24237.33701213995,19442.686839662274,1.1000909232402383,1.0405852041688644,1.1233819470910387,1.1636369252928502,34427.71696944603,168439.13263461489,0.08585297918297949,0.05191394126599958,0.05727507516206372,1281.9663981704798,10304.540742398325,18517.964357974794,176306.69174938975,441065.8590166104,193654.49451754923,236153.88994877075,64574.06147283147,17.07089364460355,42176.38916245531,15689.433364647835,27001.315482759066,75996.08521880444,47220.50213037984,105469.37305376981,26335.411294999456,20231.77225464126,39518.089653845884,203144.2062572564,190961.819216681,854986.4659337816,737139.4854026187,729701.9046477183,115.56049896539538,1.1598706693169365,1.1522206232875987,101.63238032942093,80647.51136842695,1.3346144101748727,107633.33081704447,10431.974304909994,15319.650454287761,15923.703372478774,604.0529181910133,0.03793418872969327,11212099.801588539,401580.9472417896,499923.444875531,313236.18663039565,14605.128022771984,782965.1956927348,0.08010794322342138,12.483156597979253,1169629.2896110904,2775301.3351485343,3212159.352311428,3944930.6247596247,9213402.488213992,0.03371841500561654,-2.2062291136337037e-4,0.08264678306121889,1.5560733966526956,0.08264678306121867,0.03944002276336502,0.013231151322429711,-0.013451774233793082,0.505403209291599,5.807394317268416,0.1035824704329795,0.06984832437417555,0.007831784529717523,0.14110677076482736,211086.090347275,115.67434723387655,4.784263307589769,4.162046891672551,0.041125687527523415,0.6702235742181647,1.1572263314828768,0.03576150423764723,0.04654558227954437,28522.600000000002,23747.617985765,168603.5198754482,29768.13155390514,12714.43891792166,0,56.25,208288.96,2.1447129801912665,75.96600000000001,1.1465748854193993,1.204825156349676,152176706.2030795,3.155094873973378,0.0435,0.0304926484848485,0.03050813492075,0.0441803333333333,735139.0860842998,378711.4777426977,920.9667744703839,2.4061215264071123,5.213456417736295
2028-03-01,380932.6539767579,34896.70901852302,24778.839635976474,230420.2777966375,50291.90599863258,12190.405840630812,57058.911938572965,60263.40628786845,96202.77802174674,408.02093830127245,4917.680353648069,0.6706221784160251,28874.409576635033,163.11384532272302,1.550765820847134,1.449805291649051,1.1417031598177207,0.13633335436777289,8397.265167992577,0.36317753406016307,0.5281195206104672,21308475.765081137,68059.30267156022,4426016.199146733,961.3723384771329,1.1164577865814345,1.1151014331228235,1.159658887101528,1.2305612156783279,115.78845513760638,93837.97432505368,1102.5056919425335,123.1562653785619,68901.70613231172,70655.7139483892,686.8398344792188,24450.351568649727,19423.61074931372,1.1027407225665298,1.048271665382498,1.133831776450889,1.1765468316494632,34641.34313440243,169111.57872360895,0.08619541574679616,0.05381389948629359,0.06245667068823247,1296.3968786326877,10328.122562417811,18616.81994740645,176929.55185286934,448185.1087045418,196733.29413718733,237829.54967153977,66832.86738575858,17.306296128779426,42942.53667300656,16016.499463317663,27664.528454038613,76832.39052915819,47872.22022067527,106086.72094860846,26990.764073427476,20361.22078792448,40110.67605424184,205138.94186420226,193075.2237905076,868310.2962556202,741074.602501434,733686.6071693606,116.76552152138575,1.1716908072471308,1.1594385432841159,101.55341459063901,81050.03865069593,1.3590343878667261,110149.78966422305,10455.83068856427,15373.51104221234,15983.170745002535,609.6597027901953,0.038143842652878665,11245080.496663786,407849.4720154536,505749.14099235024,318101.66604783724,14775.324156760247,795166.6700212455,0.08179327682746174,12.225943730185099,1175319.4738595078,2798232.606094735,3221352.6907030805,3973552.0799542433,9251217.281800263,0.034680392738869956,0.0022988764783673787,0.08481833135984668,1.5752785365123443,0.084818331359846455,0.03944002276336502,0.013691493051405622,-0.011392616573038243,0.5005622316884587,5.893873304102692,0.10392490699679616,0.07007785952629164,0.007974368953781697,0.14238317618293747,212393.18741462077,116.85615880803611,4.794585386301665,4.1694477665538505,0.041125687527523415,0.6702235742181647,1.169081029254287,0.03576150423764723,0.04654558227954437,28606.5,23833.34649437625,169647.55440188624,29952.46315714086,12793.169855593684,0,56.25,208288.96,2.1558745658429084,75.52950224136143,1.134957484895777,1.204898172141857,153676165.15658155,3.1538799271294904,0.0435,0.0304926484848485,0.03050813492075,0.0441803333333333,739928.4188521336,381137.5907772706,938.034188490472,2.2458452710208965,5.151502300792621
2028-06-01,382637.2530742782,35033.99395336301,25185.76616895459,231697.4866974518,50931.51272975716,12397.079670373181,57969.84274986513,60729.910171105796,96859.81320722718,407.5281904605654,4947.359582785741,0.6706378259618564,29215.805830069967,165.09569411801968,1.579020024196816,1.4740903449378118,1.1485359388323688,0.1370438914685989,8229.726650670276,0.36290292346013475,0.5252165015253197,21745284.52259928,69122.93525067676,4429793.341737815,987.4416945246946,1.124103393491533,1.123008886798101,1.1708163062627857,1.250217948884221,116.80296541959748,93434.0881372476,1126.5011212075608,125.38732873431715,69134.7618060981,69612.94413750806,687.0990380554589,24671.844064958277,19408.241009997633,1.1026479598016514,1.0550657195136561,1.1442484945468268,1.189449144488894,34859.4793770222,169852.28205855525,0.08572026125517977,0.05555497269964279,0.06924607255693926,1277.2089008142939,10368.75377587259,18718.286870995464,177890.8204652425,455127.55494927446,199856.06489172368,239404.36735220137,69482.5843501013,17.5824375857322,43800.12806159571,16372.469838069164,28311.4052182061,77638.95114893455,48480.440170758295,106802.2754197181,27592.445950310615,20476.9697657076,40716.905642194964,207178.15677793126,195081.45023694308,881683.7208195501,745113.6682631138,737505.107166181,117.97026125722068,1.1832875464069896,1.164636580100608,101.4018404408492,81412.72171631306,1.3836542625654318,112647.05942982985,10477.406723105656,15424.766305891397,16041.09890556824,616.3325996768435,0.03842208363413549,11278061.191739036,414047.52238440205,512598.47349901515,323056.17076710763,14975.42555059522,807413.5609347099,0.0834898979299024,11.977496976216138,1181342.1968406965,2821030.7676084125,3230552.3713482735,4002372.964449109,9289237.846940322,0.035004119027552336,0.004838830472015353,0.08632774924097147,1.5944183211435434,0.08632774924097125,0.03944002276336502,0.014150022763364987,-0.009311192291349635,0.49665704515800924,5.98102633627026,0.10344975250517977,0.06977428475779703,0.008105436338407544,0.14352208613730255,213708.3783489791,117.98893767870187,4.804389695163835,4.1763308715854235,0.041125687527523415,0.6702235742181647,1.1810571672793695,0.03576150423764723,0.04654558227954437,28690.4,23919.168118144,170698.05384728446,30137.936187069416,12872.388314625223,0,56.25,208288.96,2.167094238984769,75.09551258231085,1.123457794952286,1.2049711923590003,155190398.88875595,3.152665448130753,0.0435,0.0304926484848485,0.03050813492075,0.0441803333333333,744592.9014421119,383414.41877355677,957.4286733973643,2.1434991420029803,5.071614222762744
2028-09-01,384095.05139108194,35196.8434729091,25550.386748208308,232980.58808082613,51324.83792904499,12583.951829454287,58769.7485059238,64231.41881450038,96876.55317602762,406.69341396772904,4967.882740993193,0.6705887484062218,29568.21139050915,167.02757584022444,1.607519000244404,1.496428164688384,1.1540072673852968,0.13623145736280098,8028.987446232322,0.3632964925284738,0.5233287653555898,22165349.770849317,70183.46408667257,4427099.0413123155,1012.240980823508,1.131664487710173,1.130567020443267,1.1824190711869507,1.2702114978353516,117.83730790495503,92704.50351010165,1151.5214282109348,127.64526198756627,69294.5966735643,69006.60041306054,686.1066375923948,24888.976118456874,19353.213164180317,1.0998327660276037,1.0618492398478394,1.1542495139171238,1.2020413677210307,34971.86098064687,170375.70848523226,0.08325321550262549,0.05702772247488566,0.09534236761834806,1283.1013833743345,10416.95115162542,18779.78028507521,178026.40760593,461698.14253839495,202437.77405151573,240272.0178929816,75168.05471283972,18.17495146195213,44707.43526680029,16745.446900855688,28914.465330207946,78342.18492605179,48954.39083392723,106548.00744281069,28102.592145246188,20550.194686998067,41209.899503857676,208000.25377891262,196614.8057778768,893185.2878487892,747561.5196408831,740340.7974817584,119.16842114064077,1.1947983804033344,1.1683674156888633,101.2443724324287,81722.89362908658,1.4085706476737407,115112.4692088947,10492.526910177861,15460.409651171054,16096.720079031296,636.3104278602423,0.0395304300354279,11311651.184518296,420010.1438166128,523496.36283566523,326686.6149795722,15293.804435545104,817946.2734847104,0.08545369415347097,11.70224423772769,1187675.733853261,2843686.363393181,3239815.9502248736,4031362.097246442,9327490.558614256,0.03360261393703351,0.007377120909293683,0.086580855797209,1.6130755467521272,0.086580855797209,0.03944002276336502,0.015127282331650858,-0.0077501614223571755,0.4937836740929182,6.0603225289685065,0.1009827067526255,0.06815670956418972,0.00821660805410909,0.14449512363700173,214344.87630404142,119.2961618113542,4.815565183416573,4.1845851560075635,0.041125687527523415,0.6702235742181647,1.193155989599558,0.03576150423764723,0.04654558227954437,28775.850000000002,24003.8624526405,171206.45208158062,30227.697453806202,12910.72676865461,0,56.25,208288.96,2.1783723019176704,74.6640166114029,1.1120746229141405,1.2050442170013742,156719552.9815036,3.151451436797009,0.0435,0.0304926484848485,0.03050813492075,0.0441803333333333,748824.4655135924,385509.6133648286,978.5780030349651,1.9761530855517018,4.965060156559198
2028-12-01,385744.60469703435,35355.550377789965,25889.021957203888,234146.03772957542,51880.10309974999,12756.492118916729,59599.43169037854,64342.523469157044,97294.0262993008,405.87926004852966,4987.715030698012,0.6703769561696982,29892.805327741153,168.94080110159067,1.6361023819830804,1.5170660721855567,1.1584666558132122,0.1344592844231014,7809.412320076984,0.36405399470316047,0.5220144588644337,22573112.93677559,71249.91308640517,4423164.38472269,1036.0761419008873,1.139006054122482,1.1378699942085573,1.1938582205072024,1.2904492933895524,118.88470718316621,91810.5986198512,1177.23002652716,129.95697282179773,69410.78430813714,69273.97006743972,684.3946042885225,25123.710611282346,19312.439801239976,1.0953624365111523,1.0670963611911053,1.1640264788654417,1.2145314287405466,35113.794563659365,170882.66899275023,0.08014807381321443,0.058211988193267804,0.1203744893770138,1165.449648749287,10463.922468153907,18852.978224410275,178618.2388886104,468498.9474009144,205003.18563277327,241170.33614017878,77407.05231045565,18.40828961355082,45624.545002417784,17120.048475032883,29487.752744565096,78980.44801592838,49282.2035132634,106572.22170518225,28601.213623905925,20608.234237625453,41744.931847904976,209116.1614146186,197961.87408446745,905151.4181150465,750475.2899006592,743169.6985185749,120.35644445823549,1.2061042326241065,1.170743607795995,101.05975877002388,82073.86474644314,1.4340804705712407,117700.52657717954,10504.22977776695,15491.944808464963,16148.46694577124,656.5221373062777,0.04065537520430202,11345241.177297557,425487.04623302753,531168.2182709299,331082.6096228481,15517.9356139341,828904.4159804191,0.08763714556715528,11.410686570498946,1194272.8188757163,2866128.5215487513,3249168.482195485,4060401.340424468,9365882.333762892,0.03164187844494426,0.009705792824997637,0.08595308905483123,1.631552596838099,0.08595308905483123,0.03944002276336502,0.016103033832708634,-0.0063972410077109965,0.4916354603760214,6.132776304747451,0.09787756506321443,0.06612196898397858,0.008306205167088463,0.14551369465231584,214981.37425910376,120.38255998951182,4.824787903037018,4.190886671797411,0.041125687527523415,0.6702235742181647,1.2053787530003233,0.03576150423764723,0.04654558227954437,28861.300000000003,24088.63669485,171714.85031587677,30317.45872054299,12949.065222683997,0,56.25,208288.96,2.189709058515679,74.23500000000003,1.1008067881910522,1.2051172460692468,158263774.45120314,3.150237892948174,0.0435,0.0304926484848485,0.03050813492075,0.0441803333333333,752763.5073346014,387483.8122563972,1001.0184582111974,1.8091290403140947,4.850619536827017
2029-03-01,387540.76264646027,35492.63409310173,26197.19972153285,235298.72881057652,52477.871255727296,12905.217592487228,60427.906313371685,64828.72008964123,97614.02014945241,405.07860057769545,5007.205248545102,0.6700991187987375,30212.875676288368,170.8310278984913,1.6650511858475079,1.5362308863314043,1.1623327826074954,0.1321413555846025,7601.990265368122,0.36509568141389026,0.5211267891880127,22969595.836537432,72323.97165183007,4418599.47355821,1058.0991840576273,1.146320268746154,1.1448086640804787,1.2054731918047736,1.3107881893039304,119.93313828381886,90949.08864096623,1203.6718455548742,132.31105267910954,69520.54270059481,70149.77428840825,682.1056138067078,25374.57296941478,19269.843775634363,1.0907014259668284,1.0719962561338194,1.1735661131387474,1.2268844441541713,35249.98786912272,171565.04922937116,0.07653183480414827,0.059096662266943746,0.1447103161842644,1152.6910810011032,10504.494128143393,18923.757174225102,179102.60896843456,475467.7346712863,207610.5091327638,242134.65677196725,79983.11359548895,18.676755010429613,46523.32557652377,17490.52040479334,30030.381025184204,79587.71886946689,49711.435740698296,106467.75097136246,29071.260256480098,20657.200383763622,42276.41669610432,210062.18830771052,199415.68106896692,917068.1326594602,753292.7680466708,746185.1864080577,121.53552255662062,1.2174126428789163,1.1728594547985192,100.90565045988026,82456.02854811243,1.4600578373583635,120390.57071911651,10514.129667747331,15521.334916292433,16198.634913371401,677.2999970789679,0.041812155385162496,11378831.170076817,430858.6947852331,539801.5763128279,335517.7009305039,15770.156830524056,839817.3053734589,0.08972724115606023,11.144887406721068,1201103.2607560342,2888317.11143025,3258605.1150583834,4089420.3721862845,9404337.998387607,0.029220200647650185,0.011785028110445663,0.08482972142810441,1.6498075383263997,0.08482972142810463,0.03944002276336502,0.017077279800170063,-0.0052922516897244,0.4899954331332125,6.193834908529354,0.09426132605414828,0.06374889314017623,0.00837325371103933,0.14637297381997877,215617.87221416607,121.44641289246404,4.833743554408787,4.196921119338582,0.041125687527523415,0.6702235742181647,1.2177267271417238,0.03576150423764723,0.04654558227954437,28946.75,24173.4908447725,172223.24855017292,30407.219987279772,12987.403676713382,0,56.25,208288.96,2.201137151640148,74.15361626646475,1.0922704069183178,1.2049627458358099,159694352.21624357,3.151208840171772,0.0435,0.0304926484848485,0.03050813492075,0.0441803333333333,756426.4642810756,389383.42758871324,1024.1588396864843,1.6487092532918357,4.731163415649808
2029-06-01,389137.18850596546,35601.478242052886,26479.340651761966,236403.86697625785,53010.31903104751,13042.779681884924,61221.950790585346,65592.58754495744,97852.65959587072,404.2525693269171,5026.100002722384,0.6697743649453334,30528.139479943748,172.69699117769213,1.6942732288455857,1.5541367387304608,1.165664431362023,0.12925167715487254,7390.609748656047,0.3663069160407384,0.5205010898151453,23347537.09955051,73401.4578686101,4412509.6430901345,1078.1980546723644,1.1535220008842264,1.1515064114585267,1.2172157407589785,1.3310967076839717,120.99158573037165,90150.6903481639,1230.8837237601892,134.7166500223015,69602.77624846138,71487.96841923252,678.1729606791707,25624.740556868965,19215.057804102536,1.0853046743327117,1.0768171812526346,1.1828350622580237,1.2390870572016415,35353.25149232095,172281.4185089341,0.072314779294789,0.059665978479660556,0.17050721639421476,1105.1381656813319,10536.707931169141,18982.034455298945,179448.00334759313,482174.8552156486,210251.67939327576,243050.48040855062,82910.48155136892,18.981831991575817,47389.01047667915,17852.062167944834,30544.5020107155,80148.04232697238,50092.68443535711,106199.94885528617,29500.67712282754,20691.104382220132,42774.4595878054,210755.74994813924,200822.32174045936,928386.2642342732,755612.5957397533,748875.9883387818,122.70577585143243,1.2286537812205653,1.1744669543071071,100.75515068558786,82795.69587845309,1.4866037016934786,123084.38797719585,10521.09329938507,15547.193302107453,16247.671133584381,700.4778314769283,0.043112496991179104,11412421.162856078,436079.89386255364,549033.4022988742,339586.73261557374,16039.862125989304,850182.0344732011,0.09176143562477965,10.897824267801186,1208132.8780676469,2910249.881574141,3268103.554743403,4118382.759641788,9442798.82552813,0.026273014848536252,0.013624214033407814,0.0832099127086198,1.6678281539144242,0.0832099127086198,0.03944002276336502,0.018050022763365002,-0.004425808729957188,0.48871867995577106,6.243293802165784,0.090044270544789,0.060974785928079325,0.00841645470603124,0.14708297121938596,216254.3701692284,122.54074097146678,4.842871192952239,4.203127554051438,0.041125687527523415,0.6702235742181647,1.2302011946902938,0.03576150423764723,0.04654558227954437,29032.2,24258.424902408,172731.64678446908,30496.98125401656,13025.74213074277,0,56.25,208288.96,2.2126248879907133,74.07232175381031,1.0838002223714895,1.2048082654098418,161137861.25850782,3.1521800866548366,0.0435,0.0304926484848485,0.03050813492075,0.0441803333333333,759750.0010915854,391181.0474729239,1047.447892546004,1.4090370266744534,4.604176444625274
2029-09-01,390960.5824621153,35677.27442297254,26744.521754118807,237447.93270225977,53611.58213021811,13166.486149152533,62032.06274351873,69558.2076078158,98183.85564754525,403.50172198555606,5044.975052508579,0.6694038272579781,30831.200909063853,174.55342197283179,1.723775104136326,1.5711763815925013,1.1688028787831473,0.12623652007471495,7189.911998507608,0.36750219346676294,0.5198673956608515,23715116.75175248,74489.53238311189,4406924.759190744,1096.7759661179157,1.160578998408638,1.1580542357476677,1.2289368700919647,1.351269781603371,122.05664481351855,89481.5541276769,1259.1713244108307,137.1806880525807,69707.59493118372,73360.14407150871,673.4007028862255,25892.87685669821,19165.350811894314,1.0798168583576628,1.0812573204942206,1.1919364160150547,1.2512356278607368,35468.9449969899,173108.4210071056,0.0682275457029565,0.0599493868625687,0.19211654036142006,1044.0657260019216,10559.14076991866,19045.04505379829,179908.19651022775,489183.8112652132,212908.93883494282,244184.5620072645,88834.47129244331,19.59920327314564,48209.62281773364,18201.583980256666,31039.13027031324,80725.17477356715,50455.00902097525,106020.58254677459,29923.124974892962,20722.67586520058,43292.204214078214,211548.14760094637,202329.62081471004,939941.7977492384,758120.8413006505,751751.0428562743,123.86911939714705,1.2398311146472034,1.1758672017420835,100.60440670425889,83183.65461362207,1.5137944613829464,125922.95563169307,10527.329988413385,15572.305040921965,16293.550162311989,721.245121390024,0.044265673068024224,11446433.733075218,441120.32775141974,562159.2023925459,343986.16950557753,16423.32882020909,860764.1675482519,0.09365910222906784,10.67701885027937,1215332.4554724758,2931903.5220094137,3277635.0686454466,4147235.9774818895,9481183.557270275,0.023170038912542296,0.014891880072154494,0.08117901328430074,1.6857567091533623,0.08117901328430074,0.03944002276336502,0.018145053789390485,-0.003253173717235991,0.4875469323504293,6.28332549268855,0.0859570369529565,0.05826746020285801,0.008437975874476504,0.1477134246003475,216898.8755590677,123.54701656233759,4.851206627260842,4.2085417845294435,0.041125687527523415,0.6702235742181647,1.2428034514522823,0.03576150423764723,0.04654558227954437,29118.725000000002,24340.389909412188,173246.44090058934,30587.871758456586,13064.562900021796,0,56.25,208288.96,2.2241725788454136,73.99111636422391,1.0753957212175307,1.204653804788803,162594418.466384,3.153151632489604,0.0435,0.0304926484848485,0.03050813492075,0.0441803333333333,762817.5431446856,392938.1503221117,1070.4794521620345,1.4125020325872262,4.50575067904142
2029-12-01,393004.8506270292,35725.31929945617,26983.97090677115,238464.80830752532,54206.91208737054,13278.14435833054,62842.40773889525,69767.79409426138,98445.26288874072,402.7820559479661,5064.031397189426,0.6690467229480259,31133.17797746109,176.3963782112625,1.7536013291395363,1.5872717994452448,1.1714364866429154,0.12322318274826727,7003.835235686028,0.3688826563097634,0.5195089041223072,24073525.741071302,75591.72307794589,4401922.122989501,1113.8066291204982,1.1675911854362573,1.1643857952247674,1.2407618886652358,1.37120454288416,123.12567578728256,88983.9359044705,1288.105168849715,139.69857301980207,69846.70479788333,75559.56966165741,670.0709427710027,26173.37456932182,19114.746180084374,1.0736034388354958,1.085510371738729,1.200847158654871,1.263299820693783,35581.83835834347,174132.40212549435,0.0641772501278432,0.05996870870144174,0.2119953083799928,1016.8756052655517,10573.360258998726,19106.944646077576,180293.79207324615,496482.9585914344,215596.31813613648,245484.77465838863,90858.64637991774,19.81015359927655,48986.720119401456,18541.458603651317,31506.246578814404,81328.51015794053,50847.229623428,105691.17277441645,30327.91441028024,20749.25523163484,43810.37893624892,212168.28135258044,203985.04935658045,951472.6738068066,760584.8613907103,754853.4500153669,125.02513023728125,1.2509750479892443,1.1767919400485234,100.4571697626523,83618.6081731265,1.5415794242074377,128904.7258405557,10534.167842912488,15598.199240101912,16339.734961686292,741.5357215843796,0.045382350374775136,11480446.303294359,446181.5886970619,571216.2418286753,348337.2908841023,16687.927773964697,871323.7202296645,0.09567200258464804,10.452378679073082,1222682.3208661948,2953305.2167984573,3287166.3449603943,4175987.537664652,9519466.393767986,0.020045950518410904,0.015837409092009445,0.07909188313883497,1.7035551333177086,0.07909188313883497,0.03944002276336502,0.018240064128647114,-0.0024026550366376687,0.4867005333165762,6.314226178649423,0.0819067413778432,0.05557670728698986,0.008439443491230868,0.148432680088129,217543.380948907,124.55971182004818,4.8595272605016335,4.213941213939638,0.041125687527523415,0.6702235742181647,1.2555348065082577,0.03576150423764723,0.04654558227954437,29205.25,24422.412368583748,173761.23501670957,30678.762262896613,13103.383669300822,0,56.25,208288.96,2.235780537106849,73.90999999999998,1.0670563941041273,1.2044993639701544,164064141.78483933,3.154123477768338,0.0435,0.0304926484848485,0.03050813492075,0.0441803333333333,765659.0601857322,394708.6415739318,1092.8952981363739,1.3470891881582459,4.4131299609432295
2030-03-01,395259.8131080526,35751.88715903158,27212.94130648262,239447.22726661962,54860.45333234077,13384.320890274834,63666.98480318325,70305.41917000907,98742.2325582014,402.11861785844883,5083.4893200312845,0.6686874489663986,31429.48767442289,178.23352276382778,1.783941644717644,1.602435927305462,1.1737280592744945,0.12034784917161864,6837.551845387284,0.3703605504927364,0.5192836138986943,24430361.798164923,76713.60996673598,4398185.026972476,1129.7792257575566,1.17453163706904,1.1705509726171015,1.2526148503781307,1.3908207880085528,124.20084869739722,88673.90946603018,1317.6608048347782,142.2738354120193,70020.30892781862,78055.38890980401,666.4268294906095,26468.000950919195,19065.98209094108,1.067946890935427,1.089568088551539,1.2096210309036395,1.2753287086321143,35699.458152440595,175339.36703043498,0.06040340365203957,0.05975873836480841,0.22873410621791654,982.4189590942988,10581.22335318822,19170.358305250225,180723.0311068333,504086.18821076845,218300.74215671438,247053.66944274824,92953.55904578406,20.028475874268906,49724.46787131717,18876.284991811335,31962.46050216673,81962.33995951063,51225.14215853412,105451.46026455409,30719.27088765161,20773.68566318455,44339.03000570338,212873.00682109364,205800.73497905073,963209.8976928659,763109.1514712799,758155.4659211815,126.17566424648936,1.2622177391332345,1.1778963949274128,100.35513640659616,84098.39060798693,1.5699975492459417,132034.2671500674,10542.589771808434,15626.079091839718,16385.84643087831,759.7673390385935,0.046367284296666374,11514458.8735135,451233.20186227385,580758.867833378,352847.5430700079,16966.71300778548,882072.2386717678,0.0974657076918826,10.260018869008679,1230154.3439562535,2974493.40816949,3296669.6342790644,4204647.752125744,9557629.897547748,0.017071141612762478,0.01642647632553132,0.07701558713234155,1.7212974308915339,0.07701558713234155,0.03944002276336502,0.018335053785263032,-0.0019085774597317126,0.48606874804577394,6.338758322443052,0.07813289490203956,0.05306280298134014,0.008423497474431043,0.14904256456205223,218187.88633874632,125.55326516778503,4.867629342569881,4.219122092177288,0.041125687527523415,0.6702235742181647,1.26839658234909,0.03576150423764723,0.04654558227954437,29291.775,24504.492279922688,174276.02913282983,30769.652767336644,13142.204438579847,0,56.25,208288.96,2.247476591019806,73.85493850094944,1.0610314091382174,1.2044993639701544,165420447.06475434,3.155337022480466,0.0435,0.0304926484848485,0.03050813492075,0.0441803333333333,768323.5323038523,396538.2118652981,1114.4863393966666,1.3031299172117983,4.333226203927709
2030-06-01,397317.03745136515,35764.889616416214,27418.39262564861,240409.7025002786,55433.99161921475,13483.750091613487,64463.7976874861,71080.65711183182,98869.31502766059,401.4482118706619,5102.831918954623,0.6683443491266651,31727.724434235828,180.06063965158015,1.8147593032291274,1.6169140077387074,1.1759030703007087,0.11750924276182721,6679.133901229335,0.3718148594155231,0.519020555836055,24783982.007311966,77850.4288944407,4394049.739658977,1144.9695663527223,1.1814566497291026,1.1765556825038535,1.2646578682637666,1.4100558013464808,125.28530524606225,88507.58555872407,1347.8281353245893,144.90113970890314,70211.7930567782,80596.53108777144,662.7598237508968,26755.188892846232,19005.404929366403,1.0624102806889582,1.0939877570643572,1.2182350775913091,1.2872909439224687,35787.00177098359,176583.54592266536,0.05664495563781792,0.059336116773979736,0.24587060239362155,962.4752336589736,10585.071594963963,19222.035980884,180928.75770889458,511462.62527514505,221050.58992208604,248644.31384988464,95304.290845131,20.27345845645119,50430.49008814419,19209.35715230723,32393.642292455937,82608.08333072768,51613.80681386217,105039.77673006192,31080.379234748783,20791.68031077743,44835.85440719049,213337.2506827786,207645.1338150484,974460.7117424585,765166.2705078183,761251.0371236034,127.32220241268662,1.273528068445344,1.1791229508469165,100.27382193545803,84536.10081948487,1.5989899588150343,135172.3763677317,10550.26659878288,15653.098517737504,16432.334986255926,779.236468518422,0.04742091347823088,11548471.44373264,456302.62929667043,590480.0085372004,356936.93951135554,17250.713500184982,892375.3208549705,0.09922840798698643,10.077759184961907,1237736.096558893,2995506.1080576996,3306123.6828394067,4233242.204616593,9595678.39859894,0.014005831333032695,0.01669699246919451,0.07487011845704199,1.7389428858882015,0.07487011845704221,0.03944002276336502,0.01843002276336505,-0.0017330302941705386,0.4854740256222053,6.358799838589124,0.07437444688781791,0.05054926885066245,0.008391418990818984,0.14963084898139176,218832.39172858564,126.62246940406868,4.876266431629403,4.224837977406213,0.041125687527523415,0.6702235742181647,1.2813901150133271,0.03576150423764723,0.04654558227954437,29378.300000000003,24586.629643429,174790.8232489501,30860.54327177667,13181.025207858873,0,56.25,208288.96,2.259233830579057,73.79991802163468,1.0550404434088165,1.2044993639701544,166787964.813112,3.1565510341022693,0.0435,0.0304926484848485,0.03050813492075,0.0441803333333333,770749.6394260768,398384.8636659988,1135.1355207844172,1.2643615024325872,4.2639124304785225
2030-09-01,399586.7739073421,35770.73921792931,27616.542148408942,241317.47953212613,56089.60550151136,13581.452357791333,65293.170252656586,75260.8401110378,99227.21121352566,400.84037721726645,5122.903585088841,0.6679988558251729,32017.079042415127,181.8901382705717,1.845925478668256,1.6309577831378492,1.1781819130550366,0.11490635298698035,6532.921191793197,0.3731228946486628,0.5185583139424427,25143127.638012223,79008.7748808202,4391532.086999272,1160.0892844542846,1.1883433865884776,1.1824956455408966,1.2766535331385498,1.4288886832007142,126.37707961061406,88513.02048955456,1378.890789537696,147.5873264022264,70426.16076160461,83346.60441081283,659.4867115804495,27052.665341858417,18953.81632847196,1.0573546646417784,1.098246236605714,1.2267746094474152,1.2992685163988087,35899.28250534027,177925.0262350124,0.053305947574807784,0.058740751738442974,0.2595053513224542,907.7770318475377,10586.802858543475,19283.145507205714,181408.4555545436,519170.5159630653,223819.5371994339,250529.91394337226,100786.31041930761,20.844769616332854,51112.40445822316,19542.449134223323,32817.935222503715,83278.6276038984,51964.261812988945,104918.35463601635,31449.99624835681,20815.957452060262,45368.46483141312,214142.33316784655,209628.04778993447,986220.0167722489,767598.8405792213,764545.3881580742,128.46610879631567,1.2848117750825814,1.1804429540687036,100.19190932984229,85019.02667412964,1.6286321380191122,138464.71918459167,10560.21089269146,15683.114477780302,16478.950289008582,795.8358112282804,0.04829407607744671,11583260.37715528,461347.0505897072,604085.3527461468,361441.3662750083,17648.18994583361,903144.0603973032,0.10094821171406623,9.906069488704562,1245402.308495604,3016364.087851266,3315515.3180373134,4261766.39634687,9633594.225527123,0.01127459571232848,0.01670939987596367,0.07287500112450104,1.756611342550322,0.07287500112450127,0.03944002276336502,0.018416273043411334,-0.0017068731674476645,0.48476110038755266,6.377966917198046,0.07103543882480778,0.04831271204799837,0.008346267543498357,0.15026457248881334,219491.60845208494,127.61656864317303,4.884243868835645,4.229894210781858,0.041125687527523415,0.6702235742181647,1.2945167542259783,0.03576150423764723,0.04654558227954437,29466.800000000003,24669.129513182,175317.36793865412,30953.508422229635,13220.732091201187,0,57.125,208288.96,2.2710525758654905,73.7449385314969,1.0490833048310548,1.2044993639701544,168166787.72250232,3.1577655128133912,0.0435,0.0304926484848485,0.03050813492075,0.0441803333333333,773052.2382175169,400292.49870645907,1154.8955534221027,1.2501963753311474,4.2031351862479305
2030-12-01,402087.1351254105,35778.414386333054,27798.71119449746,242222.20023831681,56743.70908718751,13677.166743816499,66131.88646625797,75342.19613174962,99439.13074878172,400.2731749423889,5143.49024693704,0.6676821135461639,32307.402686628524,183.72111730313483,1.8776630241260988,1.6447306506847037,1.1806133718457947,0.11261257749832171,6403.955909824849,0.3742876815173393,0.5178864718182142,25511143.762509808,80192.9915940711,4390299.853840301,1175.2145109872267,1.1952892309371175,1.1883558536717849,1.2887770353078682,1.4473014887445037,127.4731787935814,88698.49336151709,1410.3654887144448,150.31904520726832,70680.45062271022,86105.30715145954,656.5598944690574,27362.874593845256,18901.214126996736,1.0527944191397152,1.1028033173247225,1.2352601505436727,1.311253406520798,36011.14448499976,179447.2892790198,0.05033361168364918,0.058006629082546085,0.27086617264496515,904.7207061906811,10589.074421742142,19343.749511791117,181740.23887256935,527238.1266245658,226623.59639411123,252614.1302526243,102004.04115685649,20.97167597824549,51782.1524062576,19882.71350142467,33227.50012471391,83993.52642696428,52371.92945524354,104688.96189642184,31815.257721210124,20844.32164071691,45904.55059497867,214842.65185332752,211857.8692642913,998104.3275223172,770011.2875021573,768148.3153695652,129.61020723801028,1.2962204002004127,1.1821413528787565,100.12942264329709,85551.0219526901,1.6587767659243393,141910.04751620544,10572.207792069961,15715.698039007002,16526.254047285565,810.5560082785632,0.04904655840099857,11618049.31057792,466497.6371062254,612957.4309546172,365940.09395805973,17907.385307425455,914027.2755859061,0.10252411223846396,9.75380306316693,1253144.3301414473,3037092.780286826,3324837.8848940786,4290237.110428274,9671387.506465292,0.008809294879934468,0.016482312278831374,0.071088260694607,1.7742940963661873,0.07108826069460722,0.03944002276336502,0.018402523136761627,-0.0019202108579302532,0.48390157966215536,6.396730698345117,0.06806310293364917,0.04631685771761796,0.00829065556953211,0.1508606032856862,220150.82517558424,128.63702308789,4.892365525628509,4.235094663744124,0.041125687527523415,0.6702235742181647,1.3077778635387187,0.03576150423764723,0.04654558227954437,29555.300000000003,24751.680046530004,175843.91262835814,31046.473572682597,13260.438974543502,0,57.125,208288.96,2.2829331486344326,73.69000000000001,1.043159802404643,1.2044993639701544,169557009.25179604,3.158980458793543,0.0435,0.0304926484848485,0.03050813492075,0.0441803333333333,775254.9684548584,402303.23366713966,1173.8421418588687,1.2393654659666797,4.152431680371471
2031-03-01,404769.65774656547,35796.430413545495,27974.660951463797,243106.07125689872,57428.105200779544,13777.839131722762,66991.12774422775,75752.30007073187,99709.86584112613,399.7525380398531,5164.724149896123,0.6673977060974331,32596.691113034434,185.55809102873047,1.9099560412483836,1.6583709577608994,1.1832521947948798,0.11066413044014672,6289.19478441695,0.3752533632558443,0.516924370507923,25888814.199474417,81407.4277048175,4390651.906931165,1190.5574499342308,1.2022565001905547,1.1942069953866454,1.3009428916870855,1.4653040043240657,128.57665066869376,89065.30040943301,1442.220757993875,153.09287559235645,70972.20846839935,88834.63547037287,653.6423568367968,27685.75891328882,18851.25357926844,1.048989913382408,1.1075619065386153,1.243734273771422,1.3232745642099653,36132.075928832,181122.33009587284,0.0477945328881313,0.05716942819773713,0.2796195148713148,883.8710185819073,10594.406492942298,19407.620149870738,182145.8154990973,535621.393397415,229447.89275153348,254948.13139945187,103322.12420154572,21.109040601427242,52452.65282547598,20234.850684636243,33632.71796952424,84755.5069866882,52759.96437520426,104594.64353205443,32185.033615800865,20878.93035489745,46457.4130463615,215705.58054911424,214313.39461230423,1010297.1649272877,772553.768363297,771960.2595485736,130.75637261150962,1.3077370383743974,1.1842466979439517,100.08404828264395,86121.77523376545,1.689386096824857,145492.92971379866,10586.825891570783,15751.550041466906,16574.342334472392,822.7922930054865,0.04964252303407371,11652838.24400056,471748.5154203157,622077.6844313433,370583.13049630943,18173.831042253674,925193.0281506629,0.10393100853806578,9.621767498135457,1260944.9712246447,3057734.237652896,3334093.7599411383,4318679.208877541,9709085.479961619,0.006699187010867476,0.016074082320473304,0.0695687845628829,1.792034744171667,0.0695687845628829,0.03944002276336502,0.018388773043413596,-0.002314690722940292,0.4828277026561218,6.416090202986048,0.0655240241381313,0.04460877818427115,0.008227319501745656,0.15141355326220848,220810.04189908353,129.65684536146048,4.900419375083022,4.24022730936804,0.041125687527523415,0.6702235742181647,1.3211748204715308,0.03576150423764723,0.04654558227954437,29643.800000000003,24834.281243473004,176370.45731806217,31139.438723135558,13300.145857885816,0,57.125,208288.96,2.2947578707023015,73.59381183101107,1.037479565747463,1.2044993639701544,170935146.34183103,3.1606790316860365,0.0435,0.0304926484848485,0.03050813492075,0.0441803333333333,777408.6262896196,404443.8693893281,1192.0966724248608,1.2376495385762132,4.109534587726382
2031-06-01,407240.729737298,35829.32144195058,28140.65000286567,243988.10825215146,58070.01375309345,13880.605563927036,67843.46907948655,76393.54442373445,99965.05828974154,399.24030534571165,5186.212845484929,0.6671504490976039,32889.81665546399,187.39945764622908,1.9427993621651767,1.67201686357264,1.1862525417626621,0.10895414203551063,6184.4730283512545,0.3759937609554102,0.5156480621492701,26275135.88625492,82647.11464963763,4391437.54447535,1206.1190163366648,1.209296170362326,1.2000756088984788,1.313268954759494,1.4829231637256495,129.68937895654884,89564.57400946826,1474.4381245718998,155.90197318424373,71281.02548007242,91431.01738730242,650.8843890409241,28001.495592598694,18795.370782880476,1.045908366958129,1.1128664134420794,1.252197400818951,1.3353196867879917,36239.54764580417,182801.89590740512,0.045486450183796226,0.05625016571706566,0.2879032163289093,882.0369952527399,10604.141008950424,19466.19508781537,182511.17180624156,543796.5645488112,232313.34092682725,257360.15799857397,104836.80534899305,21.266893785183704,53132.13070684061,20601.718388498477,34030.38027997203,85542.61925123155,53172.2931283807,104554.29086869776,32547.806456422186,20916.736872458245,46998.84427850604,216607.23847608423,216849.2136591929,1022347.0720474531,774885.4447692755,775606.1465537971,131.90643622760382,1.3193525442352179,1.1868163265426837,100.0475265392632,86647.5387204781,1.7203846027840428,149067.09148384468,10602.305760067975,15788.518605552905,16623.343110475897,834.8245049229918,0.05022000604112708,11687627.1774232,477107.851428079,631282.2635898519,375001.9088135044,18442.74032903303,936227.8904114537,0.1052449232225767,9.501645964291837,1268797.076988714,3078327.36521483,3343293.8160440368,4347124.442203544,9746730.76939052,0.004728969765812233,0.015492685299081668,0.06819666161752663,1.8098178165077823,0.06819666161752663,0.03944002276336502,0.018375022763365022,-0.0028823374642833535,0.4814720503254395,6.4360859496913,0.06321594143379622,0.0430509711065278,0.008157878873540836,0.15194068995927237,221469.25862258289,130.73524456824723,4.908859513871818,4.245746244326239,0.041125687527523415,0.6702235742181647,1.3347090166557964,0.03576150423764723,0.04654558227954437,29732.300000000003,24916.933104011005,176897.00200776622,31232.403873588522,13339.852741228131,0,57.125,208288.96,2.306643840315709,73.49774921723794,1.0318302592396302,1.2044993639701544,172324484.74903482,3.162378517895314,0.0435,0.0304926484848485,0.03050813492075,0.0441803333333333,779489.466676979,406658.0584754819,1209.7767061920085,1.2702042204509212,4.075748041798399
2031-09-01,409887.52158151235,35877.27080432597,28302.32309766244,244846.19388309962,58764.33951684319,13990.518411822723,68721.62770879673,80679.41632025299,100246.02180606344,398.7821739939815,5208.250060671829,0.6669284911065138,33179.063073353595,189.2554865375391,1.976230734037203,1.6857761761507215,1.1896271217626964,0.10761854825097028,6091.245503366638,0.3764881418844042,0.514030976834087,26672903.601835355,83917.39011296564,4393466.4286810905,1222.1590190948662,1.2163957842740059,1.2060121317583807,1.3256124370661222,1.5002156775457367,130.81072774319608,90213.67845621682,1507.3366802266853,158.74778641193697,71612.53638947151,93970.91549719256,648.7883875149374,28326.996657958272,18743.533659205124,1.0436029193017429,1.118325879500146,1.2607272525926296,1.3474570956567393,36359.83985370178,184544.50450065674,0.04369270319290681,0.05528553405823642,0.2931559674263639,858.0856309481605,10618.33222942167,19529.452326473383,182923.84764544375,552305.8502202433,235206.0990200379,260017.16075163777,109785.61722519033,21.78263646263503,53823.64412820376,20984.27449600088,34426.82650115741,86365.58685766677,53565.646911468444,104617.04100519398,32922.285465240115,20961.378764371162,47562.57111888794,217652.8363536932,219539.14772623923,1034791.6167622325,777403.5081909148,779454.1424784631,133.06318588812786,1.331086902150486,1.1898548994856246,100.01914698469473,87210.68965814229,1.7517882672747844,152774.66292407605,10619.38995451246,15827.64001518429,16671.083673258094,843.4436580738038,0.0505932045996982,11722976.271638237,482496.325058404,644428.2665285756,379692.18427200755,18826.79724389846,947624.1472835114,0.10651161361930846,9.388647547620288,1276689.8654385782,3098890.0184181193,3352453.3734768466,4375579.883856697,9784345.768476482,0.003199313408293887,0.014792144273623499,0.06712515846635736,1.8277424903442843,0.06712515846635736,0.03944002276336502,0.018395024902868283,-0.003602880629244784,0.4798405926486601,6.457720415161909,0.06142219444290681,0.04183762341212239,0.008085127655455224,0.152528196901092,222139.08985264698,131.7835300904369,4.917003126258694,4.250968652882518,0.041125687527523415,0.6702235742181647,1.3483818579788551,0.03576150423764723,0.04654558227954437,29822.225000000002,24996.808346872065,177432.0249594231,31326.86592053183,13380.198972692058,0,57.45,208288.96,2.318591374713556,73.40181199479235,1.0262117144596168,1.2044993639701544,173725115.51624268,3.1640789179124615,0.0435,0.0304926484848485,0.03050813492075,0.0441803333333333,781555.0815975599,408972.03312962357,1227.0460615510021,1.2773166259989477,4.049338978461292
2031-12-01,412710.03926183586,35941.24717095767,28458.647899749107,245706.13378086043,59481.44806242668,14106.43166327014,69623.83417208662,80545.30239155678,100530.23327400499,398.35314756725023,5230.878252128836,0.6667520061433869,33473.15480587074,191.12413939202023,2.0102924260366066,1.6997619471259662,1.193464511291953,0.1066443125136939,6009.4398059617415,0.3767160208332059,0.5120472229922275,27079967.271849282,85221.0964813575,4396759.75298568,1238.4537694662151,1.223615022603068,1.2120181064387592,1.3380646800774934,1.5172401616680926,131.9387056653629,90997.5458549085,1540.4074932801407,161.6200832185424,71974.10601131407,96374.36934981152,647.0815436736036,28663.927746284015,18694.30322716585,1.042128495698796,1.1241931443950617,1.2693269150758058,1.3596720273431178,36490.29009658938,186408.32858563177,0.042274210118176406,0.054301309961556486,0.2967782584176396,859.9398977608071,10637.266844583222,19596.363818950325,183356.19041671057,561150.29661831,238131.4210274752,262873.18749897595,110152.69813070341,21.820891965932933,54531.50366821669,21384.016971395966,34822.429093104256,87233.91886860708,53993.86369419628,104765.42077408786,33309.15352148784,21016.007527222326,48144.816446976125,218824.95826977416,222471.72477620083,1047600.6834348788,780067.0354703713,783549.1511022679,134.2276157055071,1.3429623939724546,1.1934418891036855,99.9981044942641,87811.2293196659,1.7834841791338982,156609.93824192285,10638.79586388665,15869.674116015485,16719.947242763574,850.2731267480885,0.05085380987308349,11758325.365853274,488065.8064941729,652447.57731942,384504.12523996143,19061.07923638201,959354.2199730674,0.10767751480456766,9.286989970143518,1284618.3713905772,3119445.3932545446,3361587.813635175,4404063.764645122,9821964.089423237,0.0019793207905079574,0.014006420633888038,0.06634942318602545,1.845789080613998,0.06634942318602567,0.03944002276336502,0.01841502561599031,-0.004408604982102271,0.4778848888462782,6.479839613174069,0.060003701368176406,0.04087530660024115,0.00801102184649627,0.15311163215754434,222808.92108271114,132.84954749718946,4.925216943288538,4.256261266081764,0.041125687527523415,0.6702235742181647,1.3621947647300428,0.03576150423764723,0.04654558227954437,29912.15,25076.71081407725,177967.04791108,31421.327967475132,13420.545204155986,0,57.45,208288.96,2.3306007927779198,73.30599999999998,1.0206237639029867,1.2044993639701544,175137130.42627218,3.1657802322288306,0.0435,0.0304926484848485,0.03050813492075,0.0441803333333333,783647.8118322627,411408.46307541896,1244.0107142244965,1.3059221509380547,4.029488932766845
2032-03-01,415670.012146382,36021.454246621324,28627.05553703417,246569.2990127631,60334.526420991555,14232.375653647492,70566.02953262448,80758.60907163614,100831.2131383319,397.9632589214275,5254.21855183777,0.6666152962577355,33768.829368230196,193.0106747805227,2.0455333973152623,1.7140306987909262,1.197553732008077,0.10604400831174808,5947.8895795994895,0.3767481299590327,0.509729814626487,27503048.376206987,86561.67334106933,4401639.327770988,1255.0496627777486,1.2309134381446787,1.218099951675807,1.3505933166032293,1.5340678047397267,133.07525567284367,91916.6902864918,1573.624453189592,164.518529707657,72366.83698469066,98657.31875553775,645.9389685437009,29013.410023678578,18648.124076514403,1.0437582556803702,1.1302879754221504,1.2780370866908128,1.371999168272496,36631.87935143443,188382.8216190479,0.04129705753659852,0.053325496104158085,0.29820765502291186,863.1652319026762,10661.005143440792,19666.455041618425,183822.67160789913,570298.9118003922,241083.7039070485,266063.0319174339,110565.37456208066,21.863899227668472,55259.35323964688,21807.44206985793,35237.427355049396,88150.0397739435,54428.69864548302,105243.41114340094,33708.90767772556,21077.75040786452,48747.96710468899,220367.59633368,225598.55107610265,1061034.6220489987,782857.1373544139,787847.263466501,135.4019888541818,1.3553362182556468,1.1988053182239273,100.10451190476036,88441.01496338264,1.8154686538010232,160561.89037636842,10661.037426317425,15915.255978155195,16769.801363507602,854.5453853524068,0.050957387914644374,11793674.460068313,493791.2176611523,660748.2976904075,389666.32665822783,19303.582533521214,971656.5274305788,0.10859969068006743,9.20812935780803,1292576.6765609034,3140023.668354568,3370713.3638861007,4432600.344915472,9859626.219944512,0.0011339813243178634,0.013162419891877428,0.06588093209946742,1.8640083721768888,0.06588093209946742,0.03944002276336502,0.01843502490279971,-0.0052726050109222836,0.47570413098617353,6.5024883427038285,0.05902654878659852,0.04020958373351629,0.007937671967923299,0.1535999467249352,223478.75231277524,133.9289513605809,4.93346632664827,4.261589445610899,0.041125687527523415,0.6702235742181647,1.3761491717482268,0.03576150423764723,0.04654558227954437,30002.075,25156.640505626565,178502.0708627369,31515.790014418435,13460.891435619915,0,57.45,208288.96,2.342167405036931,73.30599999999998,1.0206237639029867,1.2044993639701544,176343282.10826254,3.1657802322288306,0.0435,0.0304926484848485,0.03050813492075,0.0441803333333333,785800.363532903,413978.9868213999,1260.7771960574594,1.3336766207153739,4.016307621228066
2032-06-01,418252.6949112413,36116.12342095566,28788.98539676841,247442.69125391147,61062.607248349734,14363.12999152289,71471.24311498851,81245.02467447355,100791.8529572579,397.5261401632562,5277.176649851018,0.6665168151831707,34075.432923638065,194.90683748224293,2.081665963480866,1.7285849185498559,1.2021965651644415,0.10546481112237846,5881.059289450601,0.37657292226203765,0.507121252705028,27927519.71463862,87928.83592768716,4405160.14875406,1271.7895492442506,1.238384400115897,1.2242980381662283,1.363418910235723,1.5507740005338735,134.22704682803192,92873.00766734059,1607.0119618425886,167.43729028921013,72754.57774183246,100618.77785202091,645.4689306654573,29348.552424564085,18585.015426803937,1.046322111694012,1.1373491695298685,1.286802644197103,1.3843819483702018,36730.19416842209,190262.00422747663,0.040178938521374864,0.052349000813153926,0.30228405476944975,873.3922411483654,10689.02368338073,19719.32636331135,183871.38891579528,579021.4815417314,244102.5593401917,269118.54044676584,111458.95194119134,21.957023800099503,56007.94520129053,22250.97678453454,35651.830410522365,89073.2859441533,54878.73576986938,105460.74442779043,34086.53015558257,21137.651861375252,49301.85492647497,221576.3413712232,228732.32796357485,1073830.8283999418,784961.7714341965,791782.3630210317,136.5887191337793,1.3680039927992609,1.2050615524131114,100.23831271288635,88990.52558088697,1.8476772953028389,164425.77361287133,10681.2972955852,15958.473945436217,16820.61653945133,862.142594015113,0.051255106019766926,11829023.55428335,499627.6547087459,669077.9713665069,394199.99285562465,19546.931693626386,983374.8231099712,0.10975385536807876,9.11129724460544,1300576.3882394864,3160655.627766093,3379846.325854269,4461232.016005579,9897390.853002788,1.1809773609237212e-4,0.012288160027871434,0.06540397033709597,1.882320639905268,0.06540397033709597,0.03944002276336502,0.01845502276336499,-0.006166862735493557,0.4731721367308177,6.525115104595125,0.057908429771374864,0.03944579217376924,0.007864393161864157,0.15422929176562325,224148.5835428394,135.1486102489088,4.942689074510612,4.267890989642644,0.041125687527523415,0.6702235742181647,1.390246528570852,0.03576150423764723,0.04654558227954437,30092,25236.59742152,179037.0938143938,31610.25206136174,13501.237667083842,0,57.45,208288.96,2.3537914216011173,73.30599999999998,1.0206237639029867,1.2044993639701544,177557740.4347465,3.1657802322288306,0.0435,0.0304926484848485,0.03050813492075,0.0441803333333333,787877.5154013546,416589.74846269377,1277.4103170165588,1.3003633934460135,4.006084078528249
2032-09-01,421013.88586259633,36221.01490996826,28969.29057054776,248270.1684764708,61953.846262926876,14504.517398755255,72442.72186285791,85606.82242485702,101267.64276832096,397.1604132747529,5300.794480293291,0.6664132836642535,34371.10353340363,196.83029207516475,2.118154893282244,1.7433821082794168,1.2071958468612582,0.10523865230032192,5820.867722876798,0.37621261777772896,0.504293627540023,28364803.62293107,89329.52487856871,4410576.35447595,1289.3000950494727,1.2458902898553679,1.230653735426802,1.3761056664687976,1.5674704416057281,135.38834882467327,93927.45260480663,1640.9140609113674,170.38698068849786,73144.48564961353,102661.83992813143,645.848075279011,29696.849039742796,18539.52440686943,1.0496472483918955,1.144006493806049,1.2957403379474077,1.3969389237514986,36878.32139426404,192134.29524124367,0.039663099625959305,0.05140825295857698,0.30235983932844596,827.4772225593333,10720.067646686886,19791.344400067148,184521.83296952158,588130.6854865334,247107.341846464,272525.38716908946,115870.65704484901,22.41679165129421,56775.37023633561,22706.763742146497,36092.557825844124,90015.53360294948,55269.634947702885,106295.30258290154,34503.87572587309,21209.336313534368,49928.95040995032,223527.02503225932,231943.72325484417,1087681.1894653912,787828.5734667702,795871.0110158278,137.78612385775983,1.3806064349770661,1.2113852406245087,100.34703513718532,89578.01691562282,1.880227248598923,168427.02828020928,10704.278111615748,16005.072591909038,16869.83164326371,864.7590513546729,0.05126067387414359,11864235.06514587,505434.46426978125,681760.3008222166,399585.0526208326,19917.44251328544,996058.4749502151,0.110953917186735,9.012750746934008,1308610.3678707345,3181335.396772772,3389001.1025143964,4489945.764643507,9935259.378300844,-3.611325704646201e-4,0.011384020762153058,0.065214420103898,1.9008964801730943,0.06521442010389777,0.03944002276336502,0.01859131036354713,-0.007207289601394072,0.4704437776730014,6.550313376343109,0.057392590875959305,0.039089222513662675,0.007793912639943638,0.15500332170392825,224815.80770111567,136.22184103781527,4.9507560296003765,4.273036740901811,0.041125687527523415,0.6702235742181647,1.4044882995845145,0.03576150423764723,0.04654558227954437,30181.575,25314.368811055876,179570.03438592193,31704.346449517943,13541.426865675794,0,57.775,208288.96,2.3654731273641176,73.30599999999998,1.0206237639029867,1.2044993639701544,178780562.6127429,3.1657802322288306,0.0435,0.0304926484848485,0.03050813492075,0.0441803333333333,790047.8611711904,419267.8513213971,1294.0937704949233,1.341010834915779,4.002423219642393
2032-12-01,423853.8086949921,36336.13230047573,29147.600616519816,249137.09077019317,62796.12652820575,14649.621399113094,73415.9687904452,85300.60633811359,101404.2379396041,396.789366323484,5324.620528166747,0.6663588824971849,34679.508568160694,198.77038866047752,2.155644080658265,1.7584987634276745,1.2126687850170095,0.10523602714157239,5769.034193774801,0.37564514796059667,0.5011776410324675,28811365.880737178,90762.75629007396,4416162.258056454,1307.004146371911,1.2536236274789556,1.2370917650693132,1.3890679244303403,1.58422312840532,136.55622063792885,95051.20998465536,1674.8341445271628,173.34938097038176,73548.30225701834,104420.8223855157,647.1764075228773,30054.173727097994,18487.447321107706,1.0538892640765085,1.1513847212217379,1.3048000478238502,1.4095977827848083,37011.92935448709,194081.87674716386,0.03925307569609473,0.050507195189661604,0.30273386311169115,866.9222937223676,10754.138094923015,19857.014755160497,184805.6293703594,597463.389850696,250175.26560787472,275967.1004295174,115648.06620824011,22.39359424615522,57564.54118720926,23182.09412690235,36540.12081718942,90985.99820527168,55768.267728615196,106868.83769640853,34918.53589231482,21286.16437991516,50542.09191166775,225205.18988030628,235357.0336688042,1101527.8337352609,790442.6951155672,800148.9186880947,138.9972577136595,1.3935581260880836,1.2186056812640929,100.48957277703822,90182.25982556437,1.9129174559654019,172511.21903872947,10727.857354368094,16052.47788253484,16920.288647892907,867.8107653580664,0.0512881708322952,11899446.57600839,511480.1013572962,689006.3109827613,404747.1123234276,20129.13273732647,1008738.7230856117,0.11218106632497113,8.914160230061954,1316696.4439099608,3202064.3548166766,3398187.742163346,4518760.798726637,9973261.052032923,-7.536408431167776e-4,0.010500478650450097,0.06522931060236088,1.9196330411532943,0.06522931060236088,0.03944002276336502,0.018727572893486165,-0.008227094243036068,0.4674523375627235,6.575446952535889,0.05698256694609473,0.03880338157926409,0.007726512145774795,0.15581622193272313,225483.03185939195,137.3953305800182,4.9594908876061545,4.278850395076992,0.041125687527523415,0.6702235742181647,1.4188759641770763,0.03576150423764723,0.04654558227954437,30271.15,25392.155927274503,180102.97495745006,31798.44083767415,13581.616064267748,0,57.775,208288.96,2.377212808633478,73.30599999999998,1.0206237639029867,1.2044993639701544,180011806.24324945,3.1657802322288306,0.0435,0.0304926484848485,0.03050813492075,0.0441803333333333,792257.6014249222,422017.437126091,1310.874758643386,1.3300984624917023,4.000671653921151
2033-03-01,426749.4067898252,36461.67800513529,29332.265115898586,249987.70139943995,63675.60605190857,14806.453613045673,74413.51825315306,85398.11276012851,101654.1253519071,396.43210009521414,5348.752761979771,0.6663195266456028,34988.3886212781,200.733316534493,2.1938346229285863,1.7739785621685327,1.2185431537241804,0.10539562117500986,5719.264756660333,0.3748978053778249,0.49783541286529287,29266726.874375034,92230.47037193186,4422303.191688398,1325.1855132500857,1.2614279150853032,1.243698381558002,1.4020608485713433,1.6011200709603823,137.7371882399675,96239.76873414886,1708.7893507544736,176.33399867874624,73953.39034856771,106048.62565787311,648.5487764707916,30422.942025220542,18437.95146513254,1.058905113910411,1.1589560966889823,1.3140103463461508,1.4223996762860773,37154.626354810534,196049.7842629076,0.039043245175325765,0.04965520116838703,0.302335688663729,850.6106292467739,10791.294934676038,19925.924136889,185217.62730873917,607008.2190132646,253262.54500902066,279558.28867747675,115708.48069513607,22.399890369347624,58379.52447491683,23674.31645392617,37000.53802987732,91975.71100773744,56209.11452428462,107642.0731852244,35348.162250237605,21368.77626097091,51175.737642181964,227124.30933861487,238895.12240266864,1115739.1554489739,793185.7517628996,804447.8840817692,140.22273462492632,1.406655577859765,1.2262564456676766,100.63299292437222,90798.3486146274,1.9458528335349898,176680.22393207054,10752.456504432885,16101.209266412656,16971.13087142661,869.921605013953,0.051258899416821845,11934658.086870909,517602.2600364448,696575.4412844499,410114.813078223,20350.262828764226,1021752.9294268517,0.11339722920075143,8.818557623040876,1324831.7898585456,3222855.600161239,3407416.216528604,4547687.390019785,10011416.117691329,-9.682296446651348e-4,0.00964372634839613,0.06538414635501896,1.9385900962244966,0.06538414635501896,0.03944002276336502,0.01886381035836506,-0.009220084009968932,0.46426157810624447,6.60172180746275,0.056772736425325765,0.03865294060002962,0.007662877506557912,0.15665812592095485,226150.25601766823,138.55904466235089,4.968082246392256,4.284520550032496,0.041125687527523415,0.6702235742181647,1.43341101689134,0.03576150423764723,0.04654558227954437,30360.725000000002,25469.958770175876,180635.9155289782,31892.535225830354,13621.8052628597,0,57.775,208288.96,2.3890107531376694,73.30599999999998,1.0206237639029867,1.2044993639701544,181251529.32395747,3.1657802322288306,0.0435,0.0304926484848485,0.03050813492075,0.0441803333333333,794533.7331684034,424837.354842606,1327.8500820231393,1.3193485651022074,4.00114748199909
2033-06-01,429291.7778451574,36595.81404863917,29517.97453846882,250852.232792925,64511.54654596076,14966.231958727643,75404.20315525643,85793.03967381573,101893.49214299009,396.05408752790123,5372.75152755526,0.6662974020650131,35304.1317247143,202.71437902437611,2.2327573752345864,1.7897680538783836,1.2247768621852932,0.10559524181787748,5670.364568051996,0.3740115170756437,0.4943240074937829,29730476.76878946,93723.40429738029,4427825.277908644,1343.7488592560367,1.2693731730977875,1.2504392295295015,1.4152611695306079,1.618237098313283,138.93023558911395,97432.16290815423,1742.8160558175798,179.33602928465967,74341.39515889737,107473.68512279379,650.1786574693501,30781.428925667165,18382.4356694857,1.0645627260697328,1.1669802088578667,1.323342148207971,1.4353124885373711,37282.20668884959,197893.91120967767,0.03880492666302219,0.048847188238076045,0.30310017667737743,864.5313934850565,10830.994193898749,19988.757848842397,185591.8923501678,616167.8509644474,256401.24716732494,283095.57349376625,116179.54366534721,22.448982410747174,59220.70393648233,24182.982167550414,37469.32500331587,92959.39597095009,56694.41282729511,108472.01376450642,35775.24023456892,21451.938616892723,51796.257585639134,229085.0102016072,242375.88361696404,1129805.0446220092,795686.9558997648,808418.9491333748,141.4623140889123,1.4199114892785707,1.234348156596077,100.78147250379193,91339.2822157454,1.9789803631358909,180758.64588788745,10776.158453298425,16148.909980853685,17022.417670017498,873.5076891638128,0.051315129642566494,11969869.597733429,523820.4824926487,704357.0250743666,415266.29944389005,20577.599691311163,1034633.9539901234,0.11466258468328312,8.721240697322182,1333021.973905235,3243709.3780480614,3416696.62020492,4576731.351953296,10049740.483301155,-0.0012528857923487999,0.008789375782705056,0.06553742936250649,1.9577222870794675,0.06553742936250627,0.03944002276336502,0.01900002276336501,-0.010210646980659953,0.460911018802834,6.628779200189113,0.05653441791302219,0.03848139121843469,0.00760261381715815,0.1575297202056742,226817.4801759445,139.78283934459247,4.977032970986194,4.290550070795836,0.041125687527523415,0.6702235742181647,1.4480949675802968,0.03576150423764723,0.04654558227954437,30450.300000000003,25547.77733976,181168.8561005063,31986.62961398656,13661.994461451652,0,57.775,208288.96,2.40086725003314,73.30599999999998,1.0206237639029867,1.2044993639701544,182499790.25198248,3.1657802322288306,0.0435,0.0304926484848485,0.03050813492075,0.0441803333333333,796824.8732793648,427644.34876653424,1345.0843323602596,1.3663320757611341,4.005781245537099
2033-09-01,431871.5492822893,36735.600896467804,29707.365550959876,251699.73211690376,65392.71349711276,15132.403906012247,76417.25619281229,90310.16497115494,102155.41938501639,395.68392217364726,5396.743900083883,0.6662751422997597,35618.797871914074,204.71900635351815,2.2724255502224615,1.8058602403842083,1.2313568986599142,0.10586120297655026,5621.611061849178,0.37299094601015015,0.4906523229861619,30204854.818597566,95243.13650484673,4433335.194477833,1362.957059366263,1.2774433087470496,1.2573380648636154,1.4285127641521167,1.6356543007882531,140.13535240835492,98645.3262198189,1777.3282065747485,182.36220560954197,74711.24248837121,108845.91286962743,652.5210904288638,31146.186262191128,18329.014347564156,1.070843794867864,1.1750914067307943,1.3328236887899878,1.448372275509672,37417.04516153267,199672.22752004306,0.03866862396083183,0.048086305393747204,0.3034249390723976,847.4993239787582,10872.365880157813,20054.019621174033,186000.49851528727,625510.7795851417,259560.14862973758,286733.88607794733,120700.31320946751,22.920116462142275,60086.743598348374,24706.642017437534,37949.475343576305,93937.28818102201,57150.21942277341,109392.4969605691,36214.75669376297,21538.267253668077,52434.50809790712,231169.58900590727,245867.774827597,1144203.110956347,798284.8131936752,812386.5176267759,142.71740289807747,1.4333269233944839,1.2428439216624334,100.93287518955881,91888.17339770812,2.012374341725786,184913.40245359778,10799.661860471819,16196.405760555703,17072.913088892303,876.5073283366,0.05133905415459874,12004933.697861107,530043.6478019311,716746.2363977933,420661.3353251018,20939.547144135413,1047819.1741944569,0.11607368123653557,8.61521741489524,1341267.1658496577,3264607.5749127925,3426037.129286221,4605874.74076245,10088224.381191611,-0.001410137266331754,0.00800754416658362,0.06578244174938667,1.9770820563195077,0.06578244174938645,0.03944002276336502,0.019110058338813317,-0.011102514172229697,0.45742021375620756,6.657696730965205,0.05639811521083183,0.03838025947037048,0.007545941788459116,0.1585259469754927,227481.9110430195,140.98320737211245,4.985740890654868,4.296336786633914,0.041125687527523415,0.6702235742181647,1.4629293415639644,0.03576150423764723,0.04654558227954437,30539.500000000004,25624.418509690004,181699.56555046787,32080.330082013726,13702.015410537917,0,58.1,208288.96,2.4127825899114,73.30599999999998,1.0206237639029867,1.2044993639701544,183756647.82661366,3.1657802322288306,0.0435,0.0304926484848485,0.03050813492075,0.0441803333333333,799152.0916687974,430442.5966338564,1362.6846188919776,1.3272227079671906,4.007876122716358
2033-12-01,434554.1873941487,36880.382202199,29897.132753422527,252551.17960046214,66312.13604408283,15302.284306970683,77456.13412353052,89924.6801840082,102430.33311780659,395.3227030662403,5420.932382794189,0.6662569026047352,35936.662021554046,206.74613914151618,2.3128687266662245,1.8221956341513645,1.238194529546236,0.1062334445539497,5575.692917770802,0.3718975889281896,0.48690352132231995,30690347.821160354,96791.45320796013,4439147.074317702,1382.7136918435938,1.285636654254275,1.264354138835274,1.4418695011642761,1.6534324592138738,141.34941523872035,99880.40521090775,1811.8112142560913,185.40774903626536,75076.32952861265,110161.87024615612,654.8596670987357,31523.66814920968,18278.25556035017,1.0775502840280577,1.1833092525565685,1.3424542012057965,1.4615715205976565,37561.10338559272,201479.18668428482,0.038645963009458134,0.04737618815913132,0.3032483762260403,851.4474835583824,10915.215739425199,20122.429344042408,186437.12140779188,635132.0255397531,262752.27571189805,290474.62783470144,120256.49729747721,22.87386398529095,60979.221041329474,25245.461128531493,38436.84972490604,94923.0670699225,57638.79482087206,110373.83454418105,36667.00289923338,21628.828925155904,53092.399992746505,233351.62636131686,249470.4267699063,1158988.8946286235,801007.9800501686,816480.0199997482,143.9872112798775,1.4469130482901091,1.2516371450024129,101.08566264309883,92458.95125143684,2.045982037070688,189169.35342683416,10823.7006108188,16244.632993612988,17123.51543093393,878.8824373209427,0.05132604442686393,12039997.797988785,536366.1563854424,723586.7385713821,426266.9705283861,21139.39056218153,1061359.451693225,0.11744901965665513,8.514332456101824,1349570.1694484565,3285531.3014296526,3435442.9151104577,4635101.470878109,10126856.897131506,-0.0014794829122789233,0.0072507422373942615,0.06610799863221264,1.9966591729356709,0.06610799863221242,0.03944002276336502,0.019220070193887405,-0.011969327956493143,0.4538547224826607,6.687978298337831,0.056375454259458134,0.03835593552721062,0.007493117889376913,0.15951718952241822,228146.34191009452,142.17987996047614,4.994350324073985,4.302025016222434,0.041125687527523415,0.6702235742181647,1.477915679787833,0.03576150423764723,0.04654558227954437,30628.700000000004,25701.070208788,182230.27500042945,32174.03055004089,13742.036359624182,0,58.1,208288.96,2.4247570648061476,73.30599999999998,1.0206237639029867,1.2044993639701544,185022161.25208506,3.1657802322288306,0.0435,0.0304926484848485,0.03050813492075,0.0441803333333333,801539.3337913745,433249.5994889007,1380.7234638444725,1.3366288283626515,4.012544592173706
2034-03-01,437270.9163439162,37031.0738674977,30088.898303493614,253408.28976311817,67251.3809964721,15477.664855622264,78514.17299716722,89986.32709244663,102720.30518201232,394.96662640242647,5445.303052934715,0.6662502583739557,36258.253611502085,208.79605838503244,2.3541008785527517,1.8387188381164181,1.2452678967281463,0.1066892320956718,5531.955682798335,0.3707439493823096,0.4830955601463924,31186043.029507317,98368.91683882782,4445191.737624444,1402.9423325109826,1.293939419062922,1.2714881869572006,1.4553263567182835,1.6716182941969266,142.57356454245289,101144.1151258707,1846.3077577688582,188.4736031405191,75439.13379945252,111370.80886173407,657.3418419732113,31912.137983650056,18228.31139884027,1.0846381384852328,1.191683608178887,1.3522327518705086,1.4749117099095153,37708.9219863819,203304.85731232387,0.03869642284232688,0.04671777519112683,0.30278364527867024,857.1101626560267,10959.814844387036,20191.975530603966,186894.51409783846,644935.9960735422,265976.8776504344,294299.47195878235,120215.4946534771,22.869590876122885,61901.82053066689,25800.50975394701,38933.21159106587,95919.96654116297,58136.77224997612,111414.36059725286,37127.36578690727,21722.37989877831,53762.95422651741,235616.62050945585,253169.01205993345,1174052.7628403178,803776.3858008905,820616.7030449823,145.272181246669,1.4606708857001651,1.2606930794454008,101.23870395742017,93036.98252306301,2.0798138615666297,193499.60588979872,10848.210187143175,16293.51324007789,17174.420896481926,880.907656404037,0.05129183297853867,12075061.898116462,542794.3869512759,730901.4732491384,431988.70398255246,21353.088554376794,1075154.3887971442,0.11882630296862673,8.415645147724796,1357930.4383150968,3306475.3766840994,3444918.4514169157,4664405.814999197,10165636.777559051,-0.001470012853234226,0.006551339495565724,0.06652279640011069,2.0164563506645496,0.06652279640011069,0.03944002276336502,0.019330058333700516,-0.012778718838134792,0.450234082455425,6.71919931517037,0.05642591409232688,0.03838167976020131,0.00744419794702695,0.16052340209523616,228810.77277716948,143.3883025552087,5.002970864381072,4.307724352698923,0.041125687527523415,0.6702235742181647,1.4930555389829332,0.03576150423764723,0.04654558227954437,30717.9,25777.732437054,182760.984450391,32267.73101806805,13782.057308710446,0,58.1,208288.96,2.436790968200423,73.30599999999998,1.0206237639029867,1.2044993639701544,186296390.1403655,3.1657802322288306,0.0435,0.0304926484848485,0.03050813492075,0.0441803333333333,803991.1433494592,436067.65868064656,1399.245973318409,1.335202254257939,4.016643569556111
2034-06-01,439616.68832527555,37186.53861162861,30279.991724236857,254272.08121515167,68143.18217804638,15655.674619805988,79561.41322854081,90379.60069836584,103024.26103433614,394.5846638816826,5469.411260203904,0.6662485833644466,36586.01751106866,210.86477757288364,2.3960707634177556,1.855390693540202,1.2525284969100403,0.10708068548268199,5486.31183957976,0.36955757150390917,0.4792695274966621,31689524.64320823,99965.98236753311,4450333.97969875,1423.5538653488138,1.30235038126001,1.2787347887491807,1.4689593501107607,1.6902491770999661,143.8108243505467,102389.87415564928,1880.8705315837442,191.56096105757047,75773.80316047896,112459.17360267094,659.7804573160764,32289.34000530016,18172.185280479338,1.0920042567037547,1.2003674516771636,1.362125245127882,1.4883656498935,37839.64543666099,204989.00589677665,0.038605249369844524,0.04609896809401471,0.3037695568874278,863.7914520335034,11005.826602420342,20254.813318758414,187335.9050702349,654310.3792456092,269248.04755256244,298039.48418734263,120644.62463963701,22.91431285254338,62854.51628750138,26370.739349304753,39435.15876660981,96894.5972293728,58643.11954578695,112502.93159325383,37580.59213101849,21813.299736534245,54417.5060337862,237903.88949459276,256754.57143897304,1188905.8760323669,806277.7521926214,824360.8262190297,146.57205274264493,1.4745611850139198,1.2699321542520063,101.38948194671023,93536.08625641346,2.1138829815097213,197724.34089445774,10871.272845611766,16340.68410581567,17225.46083455802,884.7767287423503,0.05136446587617559,12110125.998244138,549286.7209669967,738549.3805325993,437471.7321099119,21576.52009399792,1088756.324196622,0.120259379453468,8.31535972116778,1366349.0569400887,3327437.1826419183,3454469.0921591143,4693786.239582007,10204567.84288406,-0.0016010674574755968,0.005892651266694589,0.06687436865536187,2.0364350896136907,0.06687436865536164,0.03944002276336502,0.019440022763365004,-0.013547371496670416,0.44659263384577785,6.751027277928266,0.056334740619844524,0.0383115252111221,0.007398271412515339,0.16154360179717706,229475.20364424452,144.65319868159114,5.011910859940249,4.3137431444275025,0.041125687527523415,0.6702235742181647,1.508350491827544,0.03576150423764723,0.04654558227954437,30807.100000000002,25854.405194488,183291.69390035258,32361.431486095218,13822.078257796711,0,58.1,208288.96,2.4488845950338027,73.30599999999998,1.0206237639029867,1.2044993639701544,187579394.5139648,3.1657802322288306,0.0435,0.0304926484848485,0.03050813492075,0.0441803333333333,806448.0913835415,438817.8940406147,1418.2700737808975,1.3310255012136674,4.020631682732012
2034-09-01,442012.465658795,37343.03540788783,30471.31397014413,255120.6069304835,69088.31955916077,15837.128441176985,80631.78419618047,95129.66157063252,103342.01057047953,394.21484795348977,5493.400577654271,0.6662356593743423,36911.632600764744,212.95908499227167,2.438820164593218,1.8721988423312133,1.2599689584948297,0.10750170412945628,5440.307563436634,0.3683367021825964,0.4754220212682977,32203504.240208715,101585.23486125025,4455313.650778671,1444.7689781678043,1.3108437122254593,1.2861077236313232,1.4826332441715055,1.709364134891706,145.05975236878282,103637.19453725779,1915.950440144474,194.67826409083432,76088.9305388871,113566.42263448924,662.515753092696,32674.345848271336,18118.464323539574,1.0996549566161469,1.2089766696582807,1.3721677270092585,1.501978466442503,37977.82809487072,206605.7539075396,0.038604632297591,0.04552252341281307,0.3040747831495595,848.525715331838,11052.143809338995,20320.190207992902,187803.49319688271,663893.2066060385,272538.1188246734,301868.7725820474,125367.28173664969,23.406486706961424,63832.84541423452,26954.191184200045,39943.130321011224,97858.56027684349,59129.089486754645,113640.55415050605,38043.43658335437,21904.800657195246,55090.5433894615,240268.89478051715,260316.83656992175,1204101.2003243514,808880.1918824665,828112.4250908404,147.8879627381657,1.4886026549231561,1.2793632892048106,101.53927051767604,94045.82949699178,2.148282547025812,202037.01412895272,10893.647017443056,16387.047595097327,17274.744945981158,887.697350883831,0.051386993875378074,12145052.515019298,555747.7297977429,751133.6974608469,443239.58279243804,21944.167504216803,1102671.6439495427,0.12177909895119711,8.211589744154285,1374824.422030367,3348388.292263088,3464099.011300855,4723212.714293455,10243624.23673725,-0.0016460448892852489,0.0052718462259368215,0.06725102694258003,2.0566609479403897,0.06725102694258003,0.03944002276336502,0.019440022763364893,-0.014168176537428072,0.4429377987894995,6.7842561317364565,0.056334123547591,0.03830320230644892,0.007355533123829467,0.16264332674740212,230137.02743953167,145.8838157090763,5.0205394414339075,4.319450522090564,0.041125687527523415,0.6702235742181647,1.523802127110558,0.03576150423764723,0.04654558227954437,30895.95,25928.880723982504,183820.3209701854,32454.76429533528,13861.942174011001,0,58.425,208288.96,2.461038241709628,73.30599999999998,1.0206237639029867,1.2044993639701544,188871234.80876234,3.1657802322288306,0.0435,0.0304926484848485,0.03050813492075,0.0441803333333333,808930.4110978022,441514.8960125836,1437.85170348342,1.3272679767516449,4.025067718687625
2034-12-01,444501.09545532556,37499.9311889602,30660.235018577077,255972.18148619353,70065.39634912714,16020.055694785537,81725.66693635704,94721.67236665967,103673.13941893213,393.8471223306,5517.497873745597,0.6662275126603823,37241.75203076561,215.07539913185772,2.482372018402306,1.8890592377011384,1.2674867172468214,0.10796615966525099,5395.550780247902,0.36714498007080243,0.4716359414894401,32726662.610576764,103228.14456880263,4460363.199254932,1466.3697525829587,1.3194466865091463,1.293557378576999,1.4964149047714654,1.7289800702013385,146.31744019394415,104890.96433956726,1951.0138626460282,197.82084827672756,76397.75817828103,114659.34933181746,665.5062329078264,33070.42215335661,18066.90280543748,1.1073739615014062,1.2175934666733799,1.3823401238762234,1.515725818922953,38123.27069484322,208253.29073613154,0.03862652158013817,0.04498689809172782,0.3042628729858192,851.5745557100163,11098.579100861232,20388.01493734401,188296.3278565568,673741.7882284719,275862.51352602366,305772.5054731936,124897.29543131142,23.357506870680623,64836.63365963377,27550.80220400255,40454.545502853216,98824.88288136643,59643.38380645829,114804.93509963047,38514.1679557785,21998.142818923632,55780.99379890266,242687.79967323528,263958.2798309873,1219644.0696510577,811580.0721125245,831967.0089528098,149.2183556303209,1.502801893188838,1.288861033222664,101.68635423827327,94575.328711854,2.182961091087432,206454.26275478135,10916.176287620343,16433.67416136594,17324.151010697096,890.4768493311567,0.05140088613275971,12179979.031794457,562313.4914957973,757950.3600255913,449185.0759915984,22143.314454548203,1116905.23267743,0.12334352135913904,8.10743838817689,1383355.8568332107,3369309.3397973133,3473808.60848314,4752665.1966305245,10282786.316256603,-0.0016608570617440838,0.004699519449845563,0.06767878102336873,2.0770993370545177,0.06767878102336873,0.03944002276336502,0.019440022763365004,-0.014740503313519442,0.43933242244746173,6.817933424751947,0.05635601283013817,0.0383109449087081,0.0073158594410245225,0.1637796864661526,230798.85123481884,147.1162836479758,5.02910944246563,4.32509931929169,0.041125687527523415,0.6702235742181647,1.5394120498965183,0.03576150423764723,0.04654558227954437,30984.800000000003,26003.355732816002,184348.9480400182,32548.097104575347,13901.806090225291,0,58.425,208288.96,2.473252206102271,73.30599999999998,1.0206237639029867,1.2044993639701544,190171971.87685135,3.1657802322288306,0.0435,0.0304926484848485,0.03050813492075,0.0441803333333333,811455.2413806064,444181.2297764176,1457.9929063945935,1.3198485315581765,4.028737864188225
2035-03-01,447022.0898881599,37657.213211053226,30847.70344066303,256827.62242558872,71061.24015772373,16206.499919692633,82836.60347311223,94792.74404565811,104017.31325581404,393.48157593320985,5541.691940284032,0.6662213158680839,37574.83016996451,217.2144281857149,2.5267416421123814,1.9058893735880844,1.2750460325262682,0.10845418686619894,5351.852250351623,0.3659921566319592,0.46792329233628893,33258906.210202653,104895.73658259769,4465463.266490826,1488.327961777726,1.3281284505634499,1.3010832503713121,1.5102877661767624,1.749102624436485,147.58536227950157,106157.2751730069,1986.1137916371517,200.99253098790604,76701.05396956835,115717.66471284853,668.3312613675959,33476.87460977875,18015.897543641244,1.1151209366430874,1.2262248096273842,1.3926402597534326,1.5296120662626804,38270.89868821375,209920.73991585863,0.03866668484422831,0.0444903991360409,0.30432884211612593,855.4409393951937,11145.128705300418,20456.42134316011,188805.53083082914,683770.3839542244,279218.3399288335,309738.49333331425,124881.08169779426,23.35581714907778,65866.33045641746,28160.86080638462,40969.71257408859,99794.4556697624,60164.21805905534,115991.88378492078,38987.67605956934,22091.540535717944,56482.24447662127,245142.90485682932,267658.60657469416,1235428.5997309014,814303.1069298764,835848.2894049005,150.56329907530858,1.5171606093235548,1.298388367004348,101.83070523593813,95111.71406523953,2.2179607385568025,210954.0475735421,10938.810838099516,16480.502778383547,17373.606364811443,893.1035864278965,0.0514057604035298,12214905.548569616,568959.3134332023,765348.9734781493,455241.5624146331,22359.462942428214,1131360.1254451007,0.12487849628578324,8.00778380379845,1391940.0653730934,3390194.5208070655,3483597.6470916835,4782134.586180159,10322044.744414782,-0.0016519392993294899,0.004171774992483099,0.06813556272264114,2.0977570963688836,0.06813556272264114,0.03944002276336502,0.019440022763365004,-0.015268247770881906,0.435795675664929,6.851883524538384,0.05639617609422831,0.038331887292890617,0.007279116714838827,0.16489823129362213,231460.67503010598,148.35723648634684,5.037666452372008,4.33073512536747,0.041125687527523415,0.6702235742181647,1.5551818816923484,0.03576150423764723,0.04654558227954437,31073.65,26077.8302209885,184877.575109851,32641.42991381541,13941.670006439579,0,58.425,208288.96,2.4855267875644316,73.30599999999998,1.0206237639029867,1.2044993639701544,191481666.98940983,3.1657802322288306,0.0435,0.0304926484848485,0.03050813492075,0.0441803333333333,814022.6131446393,446825.5647611266,1478.6857680594887,1.3096579241373085,4.03186241435578
2035-06-01,449160.37194109685,37813.73201622707,31031.295333517675,257687.18254844024,72002.33307191597,16393.456514987924,83932.63082305134,95219.48718136658,104374.1842671708,393.08673049930053,5565.539730901385,0.6662146870670379,37914.00113710097,219.37129171127881,2.5718654786922848,1.9226579752075208,1.2826284081158656,0.10882672977148754,5305.420216582998,0.3648856225143344,0.4642968408647382,33797746.89769654,106578.00342093801,4469484.853749588,1510.5609626422827,1.3368954361101617,1.3086744892444522,1.5243391298902493,1.7697291900304875,148.86634212913563,107390.07941806414,2021.3118298634938,204.19451691774614,76975.0622436845,116684.69373189841,670.9640065026413,33869.926621697945,17958.460568450086,1.1228521387248191,1.2350666245974824,1.4030281160299076,1.5436041292991691,38399.52915451479,211445.10464068572,0.03851073111775178,0.04401849875004261,0.3060367204360481,859.5601228515152,11191.452426035821,20517.451183020785,189294.62517315644,693325.806289348,282621.9289068348,313588.4264497173,125389.41529070004,23.408793365349943,66920.06533310744,28782.910150948548,41485.597107966336,100735.2993009709,60690.417198152994,117196.7760320511,39448.041147965894,22179.89527724263,57163.974447137174,247578.24690439683,271205.49796917534,1250934.7732225507,816732.50482679,839312.9568514286,151.9221005400335,1.5316333844084253,1.307898978525807,101.9702175821182,95566.67071237224,2.253294783274235,215339.88057107502,10959.659956747857,16525.19968764924,17423.04915102351,897.8494633742703,0.05153227257727643,12249832.065344773,575652.0593502433,773139.536187982,461022.4628097025,22587.062121688286,1145560.1094753451,0.12646764612639513,7.907160689940993,1400574.7528438268,3411038.894379355,3493465.8796559004,4811613.647223182,10361392.038022023,-0.001830354938950833,0.0036774126933399945,0.06848564371478492,2.1185870928126853,0.06848564371478492,0.03944002276336502,0.019440022763365004,-0.01576261007002501,0.43233460677486046,6.885864375683112,0.05624022236775178,0.03822044480964717,0.007244223687357788,0.16601964249472176,232122.49882539312,149.6558981127237,5.046539177071675,4.336686646236539,0.041125687527523415,0.6702235742181647,1.5711132606157883,0.03576150423764723,0.04654558227954437,31162.5,26152.3041885,185406.20217968378,32734.762723055468,13981.533922653869,0,58.425,208288.96,2.497862286934479,73.30599999999998,1.0206237639029867,1.2044993639701544,192800381.8395816,3.1657802322288306,0.0435,0.0304926484848485,0.03050813492075,0.0441803333333333,816568.5832430592,449372.800592027,1499.9030452565194,1.2966688719535657,4.034108605670261
2035-09-01,451315.8484536847,37966.1903715466,31211.282485204996,258527.94640075925,72983.57415296968,16580.37432801696,85046.5108542516,100241.30418241605,104743.41975022775,392.684295240703,5589.232421676979,0.6661894136956817,38251.84763200144,221.54890165393627,2.6177702496326494,1.939347421954782,1.2902105998540732,0.10910021112649373,5256.078444059303,0.36382597453199966,0.46075558077306905,34345676.30974265,108276.3063448969,4473065.602929283,1533.319385918238,1.345723151180682,1.3163414602969186,1.5384467073669665,1.7908625400301839,150.15958461276972,108593.35531635735,2057.0911028507257,207.43578906129343,77224.83739171803,117732.98256669988,673.7245401977922,34267.52950659194,17902.469305607177,1.1305596354127805,1.2437634400039963,1.413509847456464,1.5577210312632694,38532.31658668814,212893.672697836,0.03827050557184692,0.043564420836375406,0.30816993084950695,840.7638523190108,11236.574405262258,20579.829645457135,189803.0352879802,703024.1903837424,286047.6222129054,317471.3441581875,130486.82208211761,23.940021929383455,67992.22812405747,29414.770185879217,42001.745418380495,101654.2542236318,61192.094047690014,118418.68244470532,39911.43956718589,22266.436808107937,57859.96652824828,250046.08534824743,274677.67315661174,1266695.3167879223,819215.5869762743,842736.1959965007,153.29472723576936,1.5462295072701266,1.3173977168956386,102.10718444296151,96025.28577945067,2.2890623529547143,219807.86660945823,10979.681144587958,16568.913566264935,17472.065187716893,903.1516214519579,0.05169116881903001,12284620.998767413,582317.9498180808,786248.6889487278,467018.3399497358,22970.042468586074,1159993.0362742597,0.1281800770989769,7.801524407165313,1409255.2371575746,3431813.8453383697,3503411.911221363,4841069.082495945,10400793.504860247,-0.0020650202028639694,0.0032288950616645162,0.06876468535178284,2.1396174486158803,0.06876468535178307,0.03944002276336502,0.019440022763364893,-0.016211127701700377,0.42895908508381264,6.920907187855586,0.05599999682184692,0.03805348221866439,0.007210675452781433,0.16721502649538483,232781.71554889245,150.93000445170216,5.055173917332213,4.342400182666481,0.041125687527523415,0.6702235742181647,1.587207841565557,0.03576150423764723,0.04654558227954437,31251,26226.873061207498,185932.74686938783,32827.727873508426,14021.240805996182,0,58.75,208288.96,2.510259006543821,73.30599999999998,1.0206237639029867,1.2044993639701544,194128178.5453869,3.1657802322288306,0.0435,0.0304926484848485,0.03050813492075,0.0441803333333333,819105.6048954623,451836.71825847053,1521.667644295188,1.277741153452494,4.033552577471089
2035-12-01,453588.263614883,38114.76522196501,31386.550339298872,259366.03007755787,74007.78760966379,16766.23954700893,86183.98124295704,99844.79010456939,105124.68491592446,392.28745157857725,5612.996860081084,0.6661522121445034,38590.2386967102,223.7474182546356,2.6645022561902403,1.9559384509294286,1.2977774130906963,0.1093576907255789,5207.633062216055,0.3628220995928404,0.4573082162651275,34904713.275181666,109993.94655222332,4476696.720471413,1556.575735810504,1.3546340091092175,1.3240479405577839,1.5526375229060645,1.8124890094512158,151.4613658432596,109791.41382468406,2092.891878028461,210.71362769871186,77467.60609258333,118856.46086558141,676.5451844210886,34677.055912649754,17848.831541676052,1.1382091129085192,1.2523448429192583,1.4240909711648948,1.5719634571562475,38672.501447674375,214382.72536393243,0.03803429620982373,0.04312718683443849,0.30998979082185535,838.0836767986184,11280.547012077406,20644.72291859177,190335.74082386665,713024.176501974,289503.69256912806,321426.47813696356,130127.94916720432,23.902621825554018,69082.59306262502,30057.04296474032,42517.2885182327,102570.82335792857,61718.11413357127,119653.87436294198,40379.807365257664,22352.892133352598,58573.89889840196,252550.03275995422,278221.05873413745,1282802.705134017,821798.7755623059,846275.7330948313,154.6801345272154,1.5609693499736774,1.3268660508362409,102.24141963422443,96508.7815751584,2.325233435379444,224405.44572628994,10999.710383121206,16612.70724320229,17520.764849655578,908.057606453287,0.051827501107065826,12319409.932190053,589022.1199164344,793333.7772977259,473248.6806717177,23177.031405493268,1174743.5907812542,0.1299141426322368,7.697391367395753,1417977.1827327902,3452496.284361634,3513431.0607283874,4870473.467094424,10440217.03896575,-0.0022865361949146526,0.002806354429700106,0.06903685832084051,2.160849711311886,0.06903685832084051,0.03944002276336502,0.019440022763365004,-0.0166336683336649,0.42567303050842165,6.956843336797943,0.05576378745982373,0.037890251183445064,0.007178396681470165,0.16842705219650878,233440.93227239174,152.1877611924468,5.063629968026037,4.347935029529707,0.041125687527523415,0.6702235742181647,1.6034672963932581,0.03576150423764723,0.04654558227954437,31339.5,26301.443619397498,186459.29155909186,32920.69302396139,14060.947689338496,0,58.75,208288.96,2.5227172502243165,73.30599999999998,1.0206237639029867,1.2044993639701544,195465119.6526465,3.1657802322288306,0.0435,0.0304926484848485,0.03050813492075,0.0441803333333333,821654.3440328072,454250.58595388476,1543.9918735161161,1.2591121690780804,4.032083240473838
2036-03-01,455912.01843863877,38261.12421445048,31557.376526372133,260204.68916145255,75049.97565629,16953.422487641754,87337.82955211404,99960.33852940354,105517.64859035806,391.8938815073578,5636.852228890104,0.6661136569346331,38931.34800171125,225.96633776033724,2.7120835480023033,1.972418178359733,1.3053263324691045,0.10961337451843185,5160.2187016748085,0.3618720294451284,0.45395077342801177,35473546.54878718,111732.53533186039,4480384.703617482,1580.2051363478354,1.3636106877461407,1.3317913346487509,1.5669231258622658,1.8345836028694225,152.77243573435484,111002.11083731531,2128.7708974758702,214.02814233260173,77706.85504456122,119994.1310532586,679.1163866010922,35097.36205254569,17795.690026252363,1.1458006042539086,1.2609151593025867,1.4347670922116564,1.5863276634356493,38814.60150052998,215911.20351103338,0.037790594576560116,0.042705190037156095,0.31162620034201644,838.6590838946868,11323.863807701302,20710.091553864087,190883.0316710045,723225.8485145475,292992.431026933,325440.70058590674,130258.50242494233,23.91622749260708,70193.23111118106,30711.26473268542,43031.97590859022,103489.31521342916,62252.03893977958,120902.18551428386,40848.961056335895,22438.85532435145,59298.01213294309,255077.5740279143,281834.5794180476,1299139.1000570129,824400.8866896033,849859.0307028209,156.07839244736545,1.5758584390795973,1.3363030322546008,102.3731000451743,97003.20077580701,2.361809238914064,229103.0557965369,11019.828000390098,16656.680229280202,17569.42438191545,912.7441526352486,0.05195070601979518,12354198.865612693,595801.5347067671,801088.2188448871,479586.6869701382,23403.575314770394,1189703.8610983144,0.13160612482968545,7.598430554004407,1426735.2086200705,3473080.7292241435,3523518.8614034895,4899815.937844214,10479647.310390644,-0.0025009719078706583,0.0024136235527253205,0.06932180803400108,2.182279015885417,0.06932180803400108,0.03944002276336502,0.019440022763364893,-0.017026399210639573,0.42247306996059814,6.993099733394011,0.055520085826560116,0.037722955186749695,0.0071472660556401,0.16960746824667672,234100.14899589104,153.45349360354302,5.072069690181686,4.353453547854759,0.041125687527523415,0.6702235742181647,1.6198933140770457,0.03576150423764723,0.04654558227954437,31428,26376.01586307,186985.83624879588,33013.65817441435,14100.65457268081,0,58.75,208288.96,2.5352373233157204,73.30599999999998,1.0206237639029867,1.2044993639701544,196409858.95568708,3.1657802322288306,0.0435,0.0304926484848485,0.03050813492075,0.0441803333333333,824217.0157186133,456631.5761242264,1566.8591488372504,1.2400517293613245,4.029156648443077
2036-06-01,457730.9736203557,38405.50124147519,31723.05124050065,261043.98022179917,75905.61177328635,17133.94036947177,88419.7804530596,100489.94622074375,105374.35397130424,391.4155714216249,5659.494720921018,0.6660664915169171,39283.469523002335,228.19218327225215,2.760995770253197,1.9887776208278474,1.3128104823956408,0.10946396189047126,5103.868131658605,0.36099485371917567,0.4506847910753842,36045742.66400847,113476.94639222919,4480885.542911696,1604.0349540181196,1.3727047598271938,1.339570325198285,1.581571352144306,1.857118816646542,154.10224707350136,112115.33966960291,2164.826628461006,217.3795530172731,77908.15742863978,121006.56704950977,681.1677586370737,35495.273299591274,17721.199915104793,1.153319248284873,1.2701236668190312,1.4454358174305952,1.6007232200792134,38891.63463577578,217263.16063666457,0.036915958864845506,0.042259273324603164,0.31801141065609495,839.2910603466153,11366.594015570394,20749.780034401298,190781.9685565861,732700.5996396345,296564.20986470155,329069.9455650119,131274.86928800924,24.022148626880167,71323.5790182857,31383.11799917516,43546.3834340772,104363.45473891227,62789.71763409066,121530.27071068874,41266.69816951778,22508.115416606004,59932.88289734662,256827.52719415916,285225.3547222212,1314273.234800815,825980.7550164046,852891.9175309748,157.49059918376014,1.5911668899864617,1.3461834424776045,102.54210036631213,97390.21508461719,2.398792191866819,233618.8875092098,11034.527592995639,16694.022313916656,17617.851541460488,923.8292275438325,0.05243710154774735,12388987.799035333,602538.1576353649,809233.1157300003,484980.04636904475,23641.526270979244,1203563.1457109423,0.13346108109883992,7.492821066385714,1435524.297371463,3493565.274724048,3533672.549752019,4929089.5720955115,10519074.63299047,-0.0032939131387473217,0.0020494013210103357,0.06925408988687844,2.2037752086431475,0.06925408988687821,0.03944002276336502,0.019440022763365004,-0.01739062144235467,0.41938158237987105,7.02931595209102,0.054645450114845506,0.03712954349115786,0.007114395688730512,0.17078918680129174,234759.36571939036,154.8917329485117,5.081555721907633,4.3600183757501085,0.041125687527523415,0.6702235742181647,1.6364876008970703,0.03576150423764723,0.04654558227954437,31516.5,26450.589792225,187512.38093849993,33106.62332486731,14140.361456023125,0,58.75,208288.96,2.5478195326731687,73.30599999999998,1.0206237639029867,1.2044993639701544,197359164.4562782,3.1657802322288306,0.0435,0.0304926484848485,0.03050813492075,0.0441803333333333,826586.6901314787,458883.7624790417,1590.2177896022376,1.1323475109608738,4.020987200359283
2036-09-01,459702.8782724922,38545.072141153425,31882.364340076954,261808.14644651805,76985.21015644736,17313.735994231032,89579.39178854343,105869.33470474357,105914.73316813547,390.9830468320655,5682.522947197884,0.66596390144557,39618.00735898306,230.44256980040603,2.810022177574901,2.0049747735086427,1.3202312977151796,0.1093058751846946,5045.947873815034,0.36016352659787987,0.4475319065085922,36632480.15441691,115235.61372982465,4482446.118573743,1628.890281266825,1.381761590423178,1.3474401911047262,1.5959876961932673,1.8801069072585832,155.44204726714588,113226.73158460367,2201.5329939393987,220.78411992033344,78087.43032749493,122415.18142665022,683.2220555205427,35905.52889064503,17665.7514060367,1.1606925451848453,1.2783563663540727,1.4562026321863815,1.615267050578476,39025.83931122033,218558.82025886764,0.03627755294886791,0.04180534568085686,0.3218308181025038,764.1662247188797,11407.901789242078,20811.597590079335,191462.92147547184,742542.9139301829,300107.8117080144,333010.59841447056,136807.8018311439,24.5987657049467,72468.85637336294,32056.457027366632,44053.82645699594,105218.14103874104,63234.18706883991,122934.44121349692,41726.72816452233,22583.125776335426,60662.5635885475,259496.41874290214,288548.1948974635,1330630.417448942,828441.50938229,855967.3796904514,158.91249015117302,1.6061851028856164,1.355335104798064,102.65891341491721,97809.77204987778,2.436361725847324,238299.98503617354,11050.58181744352,16733.104764641404,17664.602213271468,931.4974486300634,0.052732424072958646,12423776.732457973,609091.987158678,823135.361410929,491501.4990421027,24047.67661270716,1218542.4526629949,0.13540014138195736,7.385516660422441,1444338.8018030985,3513913.6202304983,3543889.61821645,4958252.422033597,10558454.551392986,-0.0038655851126416854,0.0016622076193472599,0.069162737123185,2.2255084072544826,0.069162737123185,0.03944002276336502,0.019440022763365004,-0.017777815144017745,0.41639077552772313,7.068530274929936,0.05400704419886791,0.03669657023263906,0.007080961005376038,0.17207580222765842,235418.5824428897,156.11141000267688,5.089556469025809,4.365097919037688,0.041125687527523415,0.6702235742181647,1.653251880612721,0.03576150423764723,0.04654558227954437,31605,26524.86444825,188038.925628204,33199.58847532027,14180.06833936544,0,58.75,208288.96,2.5604641866746976,73.30599999999998,1.0206237639029867,1.2044993639701544,198313058.22417107,3.1657802322288306,0.0435,0.0304926484848485,0.03050813492075,0.0441803333333333,828961.0867846895,461053.96841586486,1614.185453909723,1.1261898031101447,4.01431380615096
2036-12-01,461758.9190903235,38681.95797987295,32037.03073341226,262605.8485988895,77994.51625343658,17484.76995659793,90725.70882688425,105537.82790508456,105987.71862078314,390.533522994073,5705.379311992777,0.665871623410137,39962.97182550674,232.70494336240606,2.860395986458591,2.0210417420295888,1.3276274613061416,0.10909070354636669,4991.801817470966,0.3593851015527059,0.4444439889548586,37230556.174668536,117008.53621124483,4483392.58079262,1653.928687154995,1.3909943466577275,1.355259705543893,1.6107160051296976,1.9034935580519268,156.78666228200285,114339.95925941848,2238.3153422303812,224.2207831731655,78269.1619747398,123800.24052501605,685.539063172139,36324.07023863583,17601.829678522703,1.168047871314908,1.2869962938327335,1.4670080412917086,1.6298751902721924,39135.44868204222,219943.01324909116,0.03546266208226315,0.0413332950044237,0.32660285755317275,797.7021523714357,11448.414885150467,20863.05957418043,191633.05655552848,752609.4077600014,303725.4210558634,336869.0245349731,136785.7692308718,24.596469567502034,73630.85782752348,32746.999988797186,44563.32863387632,106075.04035069421,63820.72165296038,123798.72912052918,42165.11426586871,22653.489560933733,61359.16375766006,261566.05670499167,292002.384311914,1346735.4496627941,830490.0423067105,859229.9690343686,160.34497710789248,1.6216154008293198,1.3649318202530423,102.8098514104401,98247.23044577261,2.474285444350481,243091.6922397226,11065.63759668373,16771.016908676505,17711.61193667565,940.5950279991448,0.053106113248462185,12458565.665880611,615787.5461805646,830678.3182638802,497692.0955876325,24268.042053929916,1233290.8495106392,0.13733298881634262,7.281571664746292,1453171.9547090312,3534105.980282753,3554164.7550803884,4987277.934991784,10597755.201215113,-0.004571431618770577,0.0012992013033899727,0.06905660984533296,2.247357371128398,0.06905660984533296,0.03944002276336502,0.019440022763365004,-0.01814082145997503,0.41347526656861205,7.107406758348179,0.053192153332263147,0.036145218168959145,0.007046219484350207,0.1733255731083358,236077.79916638898,157.43818787708136,5.098176677129348,4.370796923310629,0.041125687527523415,0.6702235742181647,1.6701878946416842,0.03576150423764723,0.04654558227954437,31693.5,26599.139104275,188565.470317908,33292.55362577323,14219.775222707754,0,58.75,208288.96,2.573171595228803,73.30599999999998,1.0206237639029867,1.2044993639701544,199271562.4357843,3.1657802322288306,0.0435,0.0304926484848485,0.03050813492075,0.0441803333333333,831258.5153774143,463171.07703889656,1638.6965577083258,1.0575906174181915,4.003409370103372
