date,Cpr,Idwell,Imin,IvtNonfarm,Tcit,Tprl,Toth,Ytsf,Xmin,LavhMkt,LempNonmkt,Lpar,Lwge,Pcpi,Piret,Pxagr,Pmgs,Rmort,Peq,Rtwi,Rusd,Whh,Ygdw,Lhrs,PhouseSa,Pimin,Pinonmin,Pgov,Pidwell,Pxsvc,Tpit,GovDebt,PcpiRent,Inonmin,Ynli,EqEarn,Tgst,Xoth,Pxmin,Pxoth,PconsExrent,Ppcd,Xsvc,Mtot,R90d,R10y,GapAvh,Ivt,Iotc,Xagr,Xtot,CprNom,CgovNom,Ttot,FiscalCovered,GovDef,IdwellNom,IotcNom,IminNom,InonminNom,YgovIvtNom,XminNom,XagrNom,XothNom,XsvcNom,XtotNom,MtotNom,YgdpNom,Ygdp,Ygne,Pgne,Pgdp,Pxtot,Ptot,CconsRent,PconsRent,CconsRentNom,LempMkt,Lemp,Lsup,Lune,Lur,Lhh,Ywss,Yhdi,Ygoa,SavHh,Wfor,EqYield,PeRatio,KMin,KNbiz,KDwell,KBiz,KTotal,R90dReal,R10yReal,RmortReal,PcpiExGst,RmortRealExgst,Fr10y,Fr10yReal,Rdif10y,RtwiNom,PhouseReal,Rbiz,RbizReal,KdepAllow,CostCap,GovDem,Pulc,UlcDom,UlcExp,RmortRealHpf,LparHpf,PpcdHpf,LurHpf,InflExp,Lpop,Lpop15Plus,Cgov,Igov,Ipubent,IvtFar,Lnom,IntStu,Fpcpi,Fpoil,Fpcom,Fpagr,FcGdp,FcPpp,Fr10yUs,Fr10yJp,Fr10yDe,Fr10yUk,YgdpHpf,CprHpf,PhouseHpf,YgdpAnnualGrowth,PcpiAnnualGrowth
2026-03-01,358679.92554076994,37286.11000749496,18665.626470603856,217048.4210882203,40779.91800098971,11909.847768543379,46822.46520555059,45456.58761496251,93593.25331749207,413.2334756736064,4662.900041436608,0.6681043040423326,26669.95481355711,145.60278642918132,1.294987945551954,1.132120902951249,1.0414071679824763,0.07740451634303042,9060.005139302964,0.414193112636424,0.6457294452370868,19369280.53304713,60519.25337902613,4397576.20132399,878.6536273097805,1.0523715777282594,1.0412452857409524,1.0806534375201513,1.0796205625465924,108.783556298142,94151.6828941696,982.2711821546969,101.17035055518754,65595.92844368606,92331.798712471,509.47583422524383,24631.972338452164,19414.409930670226,0.883856088803509,1.0239562209373407,1.062517003690016,1.0721832476702704,34073.24077668971,167176.64288036196,0.030818842735372803,0.0434902274703835,0.07140688765070008,192.42108822028968,11324.315916808411,17790.24605023358,173832.15007508558,384570.6080694081,173965.79071781546,218295.88620770542,43361.69783314507,25.91971886696754,40254.85106146584,14664.852603889016,19643.174778155742,68301.4506051711,46116.452529578775,82722.96681559458,20140.70942211533,19879.505824337466,37066.083062911726,174328.1361249591,174098.95421485556,747746.3622755876,699832.0834728074,694633.5548750889,107.61315564057062,1.0684653983867374,1.0028532469376883,96.29790131755298,76725.13909686553,1.1075630768509872,84977.93112994437,10108.773777024237,14771.673818460844,15445.446482586083,673.7726641252393,0.04362273297184267,10995797.266290076,362741.1892555513,466546.82086121367,264434.2928505783,22364.674044199794,726206.9107622509,0.05623350388788417,17.782992893235942,1139537.867610565,2623083.94276551,3147716.175765952,3762621.810376075,8987426.486067817,-0.0025579239727984426,0.010113460762212256,0.04402774963485917,1.4061647793568868,0.04402774963485917,0.03837138585860256,0.01710925698537835,-0.006995796223166095,0.6051301889538718,6.034593491362491,0.04951419785197821,0.03356355390971974,0.007205196404578925,0.11397040935720518,201544.2420593553,109.4318529905029,4.731587509553793,4.125918008399506,0.050605541133439604,0.6695638449305809,1.0739418220732102,0.04050776886791426,0.03683608804348953,27906.050000000003,23118.316090966877,160982.0361253156,28422.505252167797,12139.700681871913,0,73.75,218260.24,2.0547613937358893,71.09862400156359,1.0587019566397695,1.16820274370124,141615609.79212105,3.2757270620113657,0.0431166666666667,0.0255759818181819,0.0299805555556667,0.04489966666666659,698345.5238030218,359238.40425139,859.216752841032,2.989332671022793,3.3376766708171246
2026-06-01,363452.8015118823,37634.55802884646,19256.747505035662,217679.3437301887,42570.756194296526,11920.603365629882,47855.12619463579,47096.11677943804,94353.67031464321,413.7042747498301,4706.05366475854,0.6685169550709812,26896.46938625023,146.92234042679044,1.3210833498947754,1.1630886142267483,1.0521367944497009,0.07967512729475337,9250.244299610933,0.4068333868137008,0.6310724210984306,19735269.438492723,61273.965651869374,4440133.295412897,890.053531660782,1.0588487202931005,1.0483454910355223,1.090831506121479,1.0956909764087988,109.70427890610328,96284.9482037606,1013.7172540921872,101.78732312634789,66850.54904810511,93963.7164498279,519.5363888241706,24870.59746554656,19513.439031915765,0.9161793885379785,1.025918417226376,1.0727420208262928,1.0817444872234547,34337.987465183636,169640.1696384127,0.035461821818689676,0.04277203700495685,-0.012961130229650425,630.9226419684128,11430.144480677855,17987.012308651316,175153.10912039393,393163.06527601514,176799.30228020996,223502.03142386937,43205.973010487505,25.90266100152791,41235.845633340374,15100.173560315177,20389.98245271437,70082.47102438689,47244.97514462075,86444.88797518384,20920.489220148724,20019.196486266406,37670.24153954784,179573.68622114678,178484.66429326302,765104.8372994865,707572.4673704002,703516.5061275519,108.59879342426146,1.0813095062928035,1.0252383593014858,97.44344696525096,77746.10388106295,1.1143173881239747,86633.83541356129,10194.985201391712,14901.038866150251,15521.745169692831,620.7063035425799,0.03998946085719686,11034628.839393144,369025.7794545245,475068.61952072225,272843.7273789915,22773.18020214209,743065.360577087,0.056164612738500576,17.80480539687768,1139777.6154698262,2646358.228701186,3159953.756050266,3786135.844171012,9023178.1001470685,6.830225004667012e-5,0.007378517436313847,0.04428160772611037,1.4189084252815478,0.04428160772611037,0.03837138585860256,0.01097465813893761,-0.0035961407026237624,0.594486186578089,6.0579863421402855,0.054157176935295086,0.03659401242198924,0.00715219582117922,0.11474451911626592,202915.79452754525,110.1099357343785,4.737940926839829,4.1293312824760555,0.050605541133439604,0.6695638449305809,1.0845123207347875,0.04050776886791426,0.03683608804348953,28004.6,23218.177268286003,162077.5539467421,28615.92659148481,12222.313989318349,0,73.75,214936.48,2.069388472358607,74.62707729772079,1.1016878467231623,1.1720021371974343,143152774.700459,3.249883928140951,0.0431166666666667,0.0255759818181819,0.0299805555556667,0.04489966666666659,703072.6447169348,361739.49035412597,875.5080484254767,3.322099373326237,3.5393519568643006
2026-09-01,367393.56496801483,37880.148539834154,19622.058159208613,218719.04283446367,43905.69524026368,12040.242223987147,48825.6447122338,50649.626223754494,94899.53936139816,413.9808925638539,4746.48761879472,0.6694122376408277,27276.085021759005,148.312955752293,1.3478966489975805,1.1932176856219465,1.0615504455659912,0.08312281012788691,9386.22158272831,0.40194374648286635,0.6203799177694079,19977597.125206232,62083.78992465354,4474309.048325262,892.3809354243139,1.0656778933908073,1.054767194965983,1.1021968410507912,1.112741082175332,110.62954384604255,98575.84786269964,1045.372034084758,102.29252526671137,68221.37097974205,94773.58381901859,539.610020805678,25076.28790041515,19569.068416476337,0.9455384998228863,1.0312325546118053,1.0834549045914612,1.0914585755116222,34496.32787004579,171958.79886789617,0.03794652407288066,0.042253536546288384,-0.07248174840843583,1039.6991042749723,11504.733772294383,18149.460833970134,176075.3964818904,400994.8577790276,179857.06138654525,228423.71793959942,45450.93978029385,26.148571322196567,42150.79747917738,15507.192099284894,20910.793603097336,71957.66344008007,48321.50081916554,89731.16808165936,21656.257651596006,20180.26041449609,38163.13016626691,184249.68731401835,182542.93955720784,781406.6143631885,713962.862058057,711303.2426417478,109.61455595030161,1.0944639491583419,1.0464249463324007,98.57515021572752,78589.07167153455,1.11984809187208,88007.82195336609,10266.591491571839,15013.079110366558,15602.383130674994,589.3040203084365,0.0377701246829486,11069126.09180485,377048.04390603764,486658.00390521943,278931.02311136096,23328.736027501196,758897.5514891744,0.057489588973546106,17.394453810761302,1140604.607735039,2670511.6207589037,3172442.401562701,3811116.228493943,9060647.129982434,0.004406762732859872,0.008713775206267593,0.049583048787866124,1.4323383488449042,0.0495830487878659,0.03837138585860256,0.008726053620100482,-1.2278413832889079e-5,0.5862096109097658,6.016877830381431,0.05664187918948607,0.03828160186181367,0.007113972973263179,0.11616638574231354,204296.68070903697,111.49664467123156,4.750632285385946,4.139082497812686,0.050605541133439604,0.6695638449305809,1.0951868617566285,0.04050776886791426,0.03683608804348953,28092.15,23307.585749644502,163180.52700557242,28810.6642051475,12305.48949831704,0,61.25,211612.72,2.0841196756887905,78.33063922415042,1.1464190691304197,1.1758138876162745,144706624.7465363,3.2242446780360647,0.0431166666666667,0.0255759818181819,0.0299805555556667,0.04489966666666659,708233.9296348565,364567.6101817888,889.3239324981187,3.7328119386196734,3.353976134002079
2026-12-01,370839.92154964124,37986.259759835324,20193.093693124916,219932.79331553416,45227.448492437805,12165.1470650916,49770.88436146342,51138.20391804396,95404.74565976848,414.074371947433,4784.621482533091,0.6702129592074244,27646.914382908682,149.78956844181536,1.375198854839326,1.219439901345636,1.0673070611281346,0.08670114637560135,9516.528986218198,0.40019913048437616,0.6146762063343728,20211466.19111228,62943.36297591292,4501089.694327479,893.8882260658024,1.0722759183931,1.0610724212191602,1.1134691748520684,1.1306835150644543,111.60342870834484,100726.18537433314,1077.1502494853823,102.83870809638273,69454.33074743988,95388.52290081033,564.3625214457047,25255.114309536886,19612.51112106999,0.9693403260225791,1.0344861713348623,1.0944586251250612,1.1014903344157827,34596.369833721095,173929.5456850744,0.04146296894914033,0.04198389126241102,-0.11301099568524156,1213.750481070485,11536.961241916977,18296.337910293958,176870.9645248535,408476.58981628256,182932.97092687857,233144.77960286284,44850.504716487194,26.0828005584297,42950.43770940204,15865.615888209913,21652.568084993436,73696.07418757532,49133.70473592259,92479.66726194121,22311.284496315286,20288.871539898104,38610.73494305224,188209.42924120682,185636.23224848838,797281.158341983,719740.7075308004,718256.2662237791,110.64286313347756,1.107733868633747,1.0641058567572863,99.7000671608539,79326.28100295732,1.1258274319854071,89307.70323051223,10325.709808305672,15110.331290838763,15681.039014214994,570.7077233762302,0.03639476110752347,11103623.34421656,384649.8233393163,494183.49974621146,284972.2776986736,23689.482803557003,774314.8161182078,0.059303399617971264,16.862439698936935,1141783.5385151352,2695646.136497525,3185077.2568952185,3837429.67501266,9099595.43183367,0.00557383726300361,0.006094759576274297,0.05081201468946463,1.4465987954179351,0.05081201468946485,0.03837138585860256,0.007793158430146829,-0.001698398853872532,0.5823085607175512,5.967626686988064,0.06015832406574574,0.04057666513054644,0.00709410887892279,0.11810762452163516,205686.9641217825,112.83145751255432,4.7627091096246765,4.14821917884193,0.050605541133439604,0.6695638449305809,1.1059664691975857,0.04050776886791426,0.03683608804348953,28179.700000000004,23397.099084385005,164291.00603632102,29006.727050689497,12389.231034772009,0,61.25,208288.96,2.0989557449513274,82.21799999999999,1.1929664886247178,1.179638035146685,146277341.0389775,3.1988077032002264,0.0431166666666667,0.0255759818181819,0.0299805555556667,0.04489966666666659,713646.9278873998,367582.8895327968,900.7395845325423,3.626761394166933,3.588913168613672
2027-03-01,373879.1798350344,37972.213744167595,20582.16124313999,221278.99257751193,45783.509820079074,12339.089103314387,50609.4403147339,51711.149538348494,95904.03196753022,413.85990962858284,4820.1869080059905,0.6708205388506241,28029.95107120956,151.31356809235768,1.4005043413196985,1.244128793987844,1.0703351509984569,0.09110358871125236,9525.737678227388,0.398816469473639,0.6095936845676433,20402661.882608533,63838.29792035619,4518536.171237674,895.4069263205726,1.0787850264281449,1.066641125351535,1.1251609917927647,1.1493676015100665,112.59643758690424,102248.77756032796,1109.4474596352966,103.4317986785093,70573.99353766817,95176.09152808692,588.9055394126962,25392.507613709848,19639.37353485589,0.9744267925575207,1.0366224522227212,1.1054633815366608,1.1116197874085898,34774.0015126999,175603.91648027813,0.045843974844841824,0.04199877321477373,-0.1314243411053884,1346.1992619777739,11532.695269447288,18429.13783184657,177707.54484693258,415611.49496847,186111.80188183716,236373.32441216515,45904.74020931154,26.198279946181653,43644.03223516149,16151.589791978076,22203.727360629116,75277.12314698023,49871.64301448794,93451.4582634544,22928.221024971022,20358.615553820327,39154.286909716284,190411.45275196203,187955.0444618389,811327.8206896671,724964.7863335673,724318.134797049,111.67246822774251,1.1191272143505,1.071487723922875,100.10768336659251,79976.40803291732,1.1323202950266706,90558.90993900632,10371.104366106654,15191.291274112646,15755.372336575743,564.0810624630976,0.035802455187302906,11138120.596628264,392068.4664620508,501366.42147687526,289644.3574278825,24033.80773732197,787956.852756124,0.06182256527583527,16.175323614254363,1143514.4419826528,2721608.0840021055,3197717.679265329,3865122.5259847585,9139928.705175878,0.0066223239188549846,0.00277712228878689,0.05188193778526552,1.4613168834772399,0.05188193778526552,0.03944002276336502,0.009852944866624823,-0.007075822577837933,0.5786664020036552,5.917558733226359,0.06453932996144723,0.04342241963440996,0.00709520495195811,0.12071001346477798,207086.70871598754,114.17886689423315,4.7747563006240785,4.157326226631845,0.050605541133439604,0.6695638449305809,1.1168521771960265,0.04050776886791426,0.03683608804348953,28267.250000000004,23486.717272507503,165409.04211876175,29204.124146602408,12473.542450623389,0,61.25,208288.96,2.1103027090911284,80.60834338399455,1.1811955150890354,1.1858850170275583,147730387.82272053,3.1878230435715635,0.0435,0.0304926484848485,0.03050813492075,0.0441803333333333,719158.2508477467,370675.78213565703,910.0171935940989,3.5912475941432653,3.922165092598684
2027-06-01,376450.96728646127,37888.09192266467,21064.59055787118,222682.6471714853,46358.415462538615,12531.619262017975,51427.73789300835,52373.97003958075,96447.45200230113,413.382357376543,4853.784758512498,0.6712549589460098,28409.072385621475,152.88037464213022,1.4259822693839224,1.2708184683964596,1.0771207535591003,0.09525568086542185,9571.625620170043,0.3957149603778527,0.6019328586713436,20640233.138062663,64759.48333871348,4528429.6928399615,899.4317383895745,1.0856266706673359,1.072285127767832,1.1370043941427568,1.168618641840423,113.6073716319507,103403.7675424033,1141.9500720897352,104.08861697993221,71453.92853385273,94783.55925123909,602.6465135721858,25506.163916291283,19650.21696420061,0.9837218719134908,1.0417485840282104,1.116435825235759,1.1218574748344545,34934.6406753427,176846.9606582843,0.049470530356217034,0.04223304371432484,-0.13223264812341368,1403.6545939733624,11507.146289357785,18553.37665973105,178546.68630157548,422324.3320717385,189350.67053266274,239227.7040762595,47491.40606050647,26.372080963421215,44276.73052458949,16408.986579831195,22868.28131631229,76618.98412643021,50532.992974934765,94877.46802499023,23577.973710302034,20470.5856983031,39688.327060323194,193133.22549391852,190485.53152888778,825028.6720915299,729852.0891509317,729609.3402086323,112.7146306908414,1.1304053076565688,1.0816959389977452,100.42476068013055,80526.53848596902,1.139510817693281,91760.86171615604,10405.819585211608,15259.604343724106,15825.802475075177,566.1981313510714,0.03577689560472812,11172617.84903997,399158.3420169378,508490.3427335612,294281.1555673035,24375.304388243792,801263.0398181112,0.06296177237670518,15.882653271209113,1145606.4249726816,2748270.816256762,3210243.46713664,3893877.241229444,9181209.208291873,0.008918261735716825,0.001680775093824631,0.054703412244921645,1.4764483808914561,0.054703412244921645,0.03944002276336502,0.012305022763365002,-0.010624247669540371,0.5714560357263768,5.883238711934137,0.06816588547282244,0.04584866022430012,0.00711246299000178,0.1221954160348248,208495.97887705272,115.46519172910762,4.786135331431654,4.1657651142299335,0.050605541133439604,0.6695638449305809,1.1278450300690432,0.04050776886791426,0.03683608804348953,28354.800000000003,23576.440314012,166534.6866802775,29402.86457275064,12558.427624024602,0,61.25,208288.96,2.121711014969791,79.03020048057577,1.16954068548472,1.1921650809060085,149197868.45480087,3.176876105106019,0.0435,0.0304926484848485,0.03050813492075,0.0441803333333333,724674.2156255764,373735.76910552254,917.9147396461802,3.148740631942726,4.055226862050021
2027-09-01,378837.9556109133,37810.54120245637,21408.2885701631,224119.4370158128,46875.101362155016,12724.801944481746,52193.88170458694,55669.363840022714,96347.45229679768,412.65525512727186,4883.542951417492,0.6714412434923699,28784.840233726896,154.46348681915754,1.4521136340960954,1.2999779221224015,1.0856686785166314,0.09856747547263736,9578.719310197304,0.3916298903514979,0.5928014702754437,20920609.83477129,65698.42871438379,4530187.898677804,907.3406021300383,1.092567289812563,1.0782950030942708,1.149122271484621,1.1883070623722949,114.63504608736048,104131.23422126904,1175.0416992541536,104.78798225647024,72175.4293192589,94054.04076981713,610.2120019301555,25644.563685059773,19630.360384083386,0.9954762033325479,1.0487048696277939,1.1272452428750357,1.1320538952069772,35033.85800118126,177761.91369300897,0.052062894317581085,0.04260897910628315,-0.11753450511906652,1436.7898443274898,11483.593045132568,18650.921825095713,178623.59250715806,428864.9837009664,192553.71967642359,241569.5829175525,52180.33071078663,26.885698795029935,44930.53314299755,16675.482029248098,23389.995822628363,77826.40405059331,51159.527131232186,95911.59601317994,24245.786599855273,20586.454527336777,40161.07926583457,195423.78740620654,192990.54192967655,837833.8910306195,733689.3176675108,734284.617009634,113.77067744348672,1.1419464286843537,1.0940536166765051,100.77232937873184,81037.13860093242,1.1471671236492704,92963.1411975989,10428.202009444054,15311.744960861546,15887.631015275607,575.8860544140607,0.036247443822446025,11205676.895040452,405819.9504007252,518248.8851915362,298522.6091188863,24843.095854095445,813699.3938500994,0.06370496745640479,15.697363014655487,1148147.0107362384,2775383.2987909145,3222585.456928399,3923530.309527153,9223204.266381342,0.010592942918750278,0.0011390277074523406,0.057097524073806555,1.4917373505581841,0.05709752407380633,0.03944002276336502,0.012768995315049401,-0.011629967607597061,0.5627866595802739,5.87414294999266,0.07075824943418649,0.0476066419548349,0.007140171791309884,0.12321137389377271,209787.03733616404,116.778239508593,4.79761910787118,4.174308747459972,0.050605541133439604,0.6695638449305809,1.1389460824126392,0.04050776886791426,0.03683608804348953,28438.700000000004,23661.982592310254,167565.91048196438,29584.93435286443,12636.192501335236,0,56.25,208288.96,2.1331809942010307,77.48295431711041,1.1580008538222106,1.1984784019736048,150679926.31393212,3.165966758269662,0.0435,0.0304926484848485,0.03050813492075,0.0441803333333333,729969.2399253296,376721.474580369,925.4014067591734,2.7629526208955424,4.146995139883081
2027-12-01,381233.25057745917,37784.97185974642,21818.90238712627,225508.28344476095,47545.86537077604,12914.480725417407,52993.11097625638,55888.7090179752,96659.52684565668,411.82140589215334,4912.2657802780805,0.6715017900713652,29150.74289949001,156.05075509253896,1.478409276333297,1.3300684641234797,1.0939719246540118,0.10097287998530788,9542.651889640323,0.38780254983397044,0.5841725977128867,21251873.933459144,66652.66373102281,4528206.366886535,919.9751360949924,1.099654054543474,1.0847703963773692,1.1611427371297807,1.208342479560009,115.67346918064162,104573.41116792349,1208.4252509719786,105.53608084840498,72787.44246322931,93710.40849688221,615.4969885955311,25808.121523991766,19623.868173983956,1.0061626030523119,1.0550613574007823,1.1378057398934436,1.1421543731124355,35173.004564686045,178616.08452074233,0.053642278270755184,0.04305541377562011,-0.09567202292447816,1388.8464289481635,11475.827276202144,18761.158634925287,179178.55821925198,435427.22479176556,195772.75255789328,243834.98976436505,53910.30662135649,27.075197783005596,45657.18658711116,16965.96949873592,23993.24447569169,78957.66203300035,51718.43881465872,97255.20114083074,24953.625450732034,20704.384993097523,40685.83459503778,198117.91717969804,195400.98175732014,851209.4141812347,738025.8094267873,738920.312649108,114.82929357216076,1.1533599630616835,1.105701034480202,101.07215821191204,81549.51558776594,1.1553569378954822,94218.79861634116,10444.746267143151,15357.01204742123,15946.567987372146,589.5559399509148,0.036970706918579406,11238735.941040931,412193.5916502706,524915.881879277,303451.03630322666,25162.689089132055,826689.6240097979,0.06449957472133358,15.503978193971637,1150990.2142406795,2802779.84098455,3234751.6823488832,3953770.0552252294,9265610.237499902,0.011842393833837783,0.00125552933870271,0.05917299554839048,1.507066457892989,0.059172995548390256,0.03944002276336502,0.013231151322429711,-0.011975621983727001,0.5545567580695364,5.8953584399475805,0.0723376333873606,0.048707244834730795,0.00717310038368869,0.12408608565410358,211086.090347275,117.91536825596026,4.807485652592534,4.181235148971839,0.050605541133439604,0.6695638449305809,1.150156399202901,0.04050776886791426,0.03683608804348953,28522.6,23747.617985765,168603.5198754482,29768.13155390514,12714.43891792166,0,56.25,208288.96,2.1447129801912665,75.96600000000001,1.1465748854193991,1.204825156349676,152176706.2030795,3.155094873973378,0.0435,0.0304926484848485,0.03050813492075,0.0441803333333333,735155.1791099282,379636.07905699254,933.5167991216301,2.5405123962930043,4.17998844369174
2028-03-01,383658.086362284,37843.366784504884,22189.649829575927,226919.29650387936,48242.684081812295,13091.543140736736,53786.15513331001,56389.64168446471,96861.68500720832,410.9361034821635,4940.245199828627,0.6714520654484349,29510.11063950635,157.63455059356903,1.5047909539813813,1.3578354255031795,1.101982429923628,0.10250746579558954,9486.703336526998,0.38441725514425795,0.5762932270636957,21635143.24454005,67620.9118290174,4523741.433056007,936.8290241425162,1.106841032198397,1.0913255704102647,1.1732230987742724,1.2285978678186051,116.71403996710491,104843.26957702794,1242.1882749345984,106.33161882617289,73368.89345793534,93598.65735465508,618.9106455616517,25993.443901384006,19615.461983433976,1.015161798878598,1.0612824823778615,1.1480852286241963,1.152131189287924,35313.59481988338,179561.1047643879,0.05427026100194703,0.043509748819370433,-0.07010211498386985,1411.0130591184134,11493.562635985456,18869.973743348342,179621.715553874,442024.44777177845,199034.42947485793,245957.095834271,56116.37765522202,27.31684752261511,46494.27974252012,17295.409083649312,24560.414921488802,80069.34876137962,52369.24722491419,98330.28239432971,25622.31882703322,20817.54618676738,41215.92317190017,200504.94158003049,197873.18254803133,864479.3360125875,742306.3744371672,743702.7418859572,115.88720461877682,1.1645856371313326,1.1162622568310399,101.29583072466967,82068.21164413779,1.1640660951295259,95532.82266285496,10456.926973256232,15397.172173084859,16002.949730197148,605.7775571122893,0.037854115651112206,11271794.987041414,418366.2933715017,532139.5134719656,308445.7380200866,25508.965515767322,839577.2947834494,0.06523980181594143,15.328066182991511,1154198.0580809654,2830346.372090384,3246795.523452865,3984544.430171349,9308428.453550003,0.012496198167388832,0.0017356859848122325,0.060733402961031344,1.5223620267888194,0.0607334029610309,0.03944002276336502,0.013691493051405622,-0.01195580706659339,0.5470659059477895,5.943043708469428,0.07296561611855244,0.04917977368186012,0.007206637953039023,0.12475082003714662,212393.18741462077,118.99102974330374,4.8167427567921,4.187552109961919,0.050605541133439604,0.6695638449305809,1.1614770558981666,0.04050776886791426,0.03683608804348953,28606.5,23833.34649437625,169647.55440188624,29952.46315714086,12793.169855593684,0,56.25,208288.96,2.1558745658429084,75.52950224136143,1.134957484895777,1.204898172141857,153676165.15658155,3.1538799271294904,0.0435,0.0304926484848485,0.03050813492075,0.0441803333333333,740223.7068023366,382488.1588010689,943.0820556112342,2.392059370401012,4.17740628345582
2028-06-01,385941.66784037213,37997.81966442382,22572.88186101642,228319.26915575302,49000.34927050453,13262.553317786365,54588.82865294639,57098.90948009302,97389.84330173815,410.07466386196813,4967.973358595319,0.6713235316338496,29861.700822762912,159.21354810052688,1.5310893358037347,1.3834120200638524,1.1095096814136463,0.10330380187974937,9412.111997539507,0.38150306110644566,0.5692455745704414,22058000.213204242,68600.0933885561,4518673.975683552,956.9103087536915,1.113906418228616,1.0978189620802183,1.1852058135136683,1.2489454487164844,117.75731358981346,105040.66568877688,1276.4002205924733,107.17465255094825,73939.65128548226,93775.01891151864,622.1404777626425,26187.361646102418,19613.494251015,1.0223567071673096,1.0670498063450187,1.1580981696839103,1.161996652104438,35474.6910774415,180565.58567772954,0.05414180253495407,0.04392547730809764,-0.045120760840017704,1399.972651873657,11540.47214749286,18985.4178065868,180424.44643678144,448462.9264441058,202312.32577527073,248079.75857611658,58549.02648243093,27.583316256682288,47457.203931031865,17669.49383516634,25144.077982902498,81172.3504338733,52983.46149523638,99567.15950950528,26264.65519956648,20928.575242294693,41774.04321708037,203053.3041684468,200339.26543956614,877915.8786264675,746847.7089680117,748445.8250553142,116.93762939872587,1.1754951850288067,1.1254201311328078,101.43400729039963,82556.69202474783,1.1732952123657268,96863.3715013884,10467.15536273897,15435.128721334288,16057.50041481621,622.3716934819222,0.03875893655013348,11304854.033041896,424394.43372292566,539850.323541895,313685.1223115133,25878.59562815856,852626.7866903788,0.06609998669005225,15.128596087153154,1157724.779791934,2858049.5873057977,3258801.9184034937,4015774.3670977317,9351664.785427015,0.012716122664521629,0.0024997974376652007,0.06187812200931693,1.5376112588634843,0.06187812200931671,0.03944002276336502,0.014150022763364987,-0.011650225325699787,0.5402609444855105,6.010231667907443,0.07283715765155949,0.049151799076686646,0.0072373489124100835,0.12536698135069702,213708.3783489791,119.9715724928648,4.8251256088646555,4.192994818824988,0.050605541133439604,0.6695638449305809,1.1729091385421997,0.04050776886791426,0.03683608804348953,28690.4,23919.168118144,170698.05384728446,30137.936187069416,12872.388314625225,0,56.25,208288.96,2.167094238984769,75.09551258231085,1.123457794952286,1.2049711923590003,155190398.88875595,3.152665448130753,0.0435,0.0304926484848485,0.03050813492075,0.0441803333333333,745233.056300818,385252.37396348646,954.6165934973092,2.3286389214630665,4.142567987043244
2028-09-01,388066.8285521291,38237.4855339962,22926.883991918177,229738.04280441158,49552.252487326936,13412.967375693297,55296.88387278117,60740.94612186906,97268.47705454168,408.95718111945456,4987.077220299468,0.6711283260047498,30216.475727763715,160.75021235545395,1.5575826682712135,1.407931249463936,1.1161476195450324,0.10280175026532451,9303.31940707455,0.3791927173246139,0.5631862164526772,22499944.9697552,69579.4513031432,4509373.065971867,978.5026166255527,1.1209130163512302,1.10415074157426,1.197442864911577,1.2692500317148872,118.81003830523068,105012.65302990853,1311.3999710957562,108.06168297796768,74449.46920505255,93977.903621456775,625.1972523367425,26379.902596822652,19575.538072049596,1.027381572482679,1.0731279354105119,1.167550531567419,1.171507444699359,35547.06216940727,181369.89603721575,0.052317898736197084,0.04420217876097696,-0.006362123070064785,1418.7736486585636,11613.2620422008,19065.37697100205,180417.45426700058,454623.179040292,205009.9444719145,249654.65936253255,63727.554326826124,28.150564493909712,48532.929726722214,18088.615679023926,25699.04269091574,82203.43585259942,53465.31877189467,99931.8409092904,26842.74002028387,21007.056755808455,42233.47817985694,204533.98686523963,202435.57771906836,889720.8753795337,749993.1400266099,752402.5596962014,117.97422805178492,1.1863053637397418,1.1336707287896264,101.56996341144702,83011.28465623374,1.1830059837885674,98202.8464703006,10474.153347612526,15461.230567911993,16109.672025488886,648.4414575768933,0.040251683023244444,11338523.824230704,430162.7001343286,550919.0147455465,317806.54213433777,26409.191186410593,864091.7307624745,0.06720152506656087,14.880614673692799,1161577.7078329693,2885876.5881602005,3270867.223140574,4047454.29599317,9395410.019059533,0.011617499789119308,0.0035017798138991807,0.062101351318246734,1.5524516558501595,0.06210135131824629,0.03944002276336502,0.015127282331650858,-0.011625502517751678,0.5344304996212411,6.0870999937584465,0.0710132538528025,0.04799325193696644,0.007257801868813527,0.12585207488659494,214344.87630404142,121.09220390589726,4.834599204410518,4.1995282711613635,0.050605541133439604,0.6695638449305809,1.184453743868378,0.04050776886791426,0.03683608804348953,28775.85,24003.8624526405,171206.45208158062,30227.6974538062,12910.72676865461,0,56.25,208288.96,2.1783723019176704,74.6640166114029,1.1120746229141405,1.2050442170013742,156719552.9815036,3.151451436797009,0.0435,0.0304926484848485,0.03050813492075,0.0441803333333333,749904.677546458,387903.8305035564,968.2195508796536,2.222169788559958,4.070039894707778
2028-12-01,390366.16709463135,38534.29815093435,23272.969475338738,231060.32444358288,50259.44920559344,13548.71631253197,56033.87701928057,61073.69616315435,97550.40278807252,407.9139994350013,5005.773533932453,0.670801927921234,30545.967887016403,162.2651733708847,1.5839316099296512,1.4314402586219626,1.122107877764636,0.10142528827603088,9168.897665493127,0.37724022565789994,0.5577662350496617,22954817.907897566,70565.7888119234,4499940.421304424,1001.161271849627,1.1277212038812878,1.110382361727475,1.209364593387616,1.2894261409869252,119.86832406937832,104874.85757920681,1346.8417302461519,109.00045565383985,74928.98145254358,94793.98951272048,628.2094232762244,26588.69649670258,19553.635206396524,1.0309001310943555,1.0779968182588873,1.1766187981400575,1.1808219912002365,35661.043783775174,182161.53203080705,0.04984275867200039,0.04430970021181601,0.028790462286757013,1322.2816391712986,11703.408207666347,19160.172569689224,180886.25434793346,460952.9551787532,207665.86013087566,251305.59661331537,65476.34472053338,28.34212439238247,49687.13136039889,18537.398204032852,26245.421154621465,83199.81857896592,53805.20797714957,100564.72302253115,27426.642378397377,21078.756537890415,42746.29552925851,206335.28846807743,204404.89011744366,902024.1909354313,753722.2059198566,756454.4607805683,118.99165239463174,1.1967594874893794,1.140690812642916,101.65607382734888,83503.13562681228,1.1932832038203933,99642.88920981139,10478.973774970842,15484.747308903294,16158.703935899563,673.9566269962688,0.04170857849482245,11372193.615419516,435514.77873936266,558540.6622204144,322667.53569497407,26774.547146055906,876040.6391527349,0.06851526172447882,14.595288331836361,1165722.3376756236,2913764.437550072,3283076.181868312,4079486.7752256957,9439651.457019798,0.010019700624889105,0.004486642164704728,0.0616022302289196,1.5670824529265164,0.06160223022891938,0.03944002276336502,0.016103033832708634,-0.011616391668003906,0.5293367144881608,6.169908496392521,0.0685381137886058,0.04639407561343765,0.007265752187892068,0.1263722284108759,214981.37425910376,121.99226959589978,4.842180755216282,4.204169678757641,0.050605541133439604,0.6695638449305809,1.196111979404909,0.04050776886791426,0.03683608804348953,28861.300000000003,24088.63669485,171714.85031587677,30317.45872054299,12949.065222683996,0,56.25,208288.96,2.189709058515679,74.23500000000003,1.1008067881910522,1.2051172460692468,158263774.45120314,3.150237892948174,0.0435,0.0304926484848485,0.03050813492075,0.0441803333333333,754389.2408499848,390488.3110700893,983.8685411531096,2.126808614628306,3.982305804711128
2029-03-01,392792.4743123902,38859.780130636034,23599.5917406838,232387.51454939716,51016.174688340216,13663.21388648756,56771.45115626846,61710.74695018198,97731.34272827859,406.9384957011952,5024.404084088202,0.670424062995236,30868.29214299342,163.75579415568296,1.6105073640149954,1.4540042460883527,1.1276461799998465,0.09952499874075563,9043.98056113688,0.37561774556463506,0.5528989372761247,23414436.902946357,71560.60277871313,4491014.4627214335,1023.250703568916,1.1345049946973516,1.1163843880777675,1.2212818164021184,1.309347630498256,120.91948237610784,104780.21312224872,1382.7675417100745,109.97679202791711,75414.11333725751,96002.56649195692,631.1672288942849,26811.635325507712,19531.39147539464,1.034099130043993,1.08266850084062,1.1853346407007168,1.1899346449242576,35778.66547119398,183118.9008918395,0.04686333963751451,0.04422886385320844,0.06058568025534482,1327.190105814283,11802.261661744265,19254.667729956444,181257.06740482367,467397.37390746165,210333.1218160287,253042.68817885267,67446.26097235002,28.55790608843689,50880.9610357315,19007.629318270996,26773.85470262414,84191.13796391025,54257.41321385624,101063.8964933442,27996.36863637705,21146.022327996783,43263.37708884698,207988.53554656502,206493.3290764533,914336.6984279952,757439.4532762597,760758.2641616205,119.99473560678388,1.207141646234771,1.1474782116056126,101.7587104853908,84022.14643705936,1.203971652684912,101160.28250796004,10483.258100612858,15507.662184701061,16206.48994893052,698.8277642294597,0.04312023820069908,11405863.406608324,440761.66722379223,566791.9648613808,327614.83522623795,27170.086641244437,887998.4746983346,0.06978865385961684,14.328976770515549,1170146.035969145,2941681.848054361,3295484.7981810523,4111827.884023506,9484401.182130348,0.008031474801635984,0.005396999017329915,0.0606931339048771,1.5814781832443572,0.06069313390487688,0.03944002276336502,0.017077279800170063,-0.011680280782840148,0.5248566076604902,6.248638155643577,0.06555869475411992,0.04444894844835989,0.007259774871574792,0.12676972774342765,215617.87221416607,122.85607005112468,4.849412727680234,4.208461508012106,0.050605541133439604,0.6695638449305809,1.2078849635810802,0.04050776886791426,0.03683608804348953,28946.75,24173.4908447725,172223.24855017292,30407.219987279772,12987.403676713382,0,56.25,208288.96,2.201137151640148,74.15361626646475,1.0922704069183178,1.20496274583581,159694352.21624357,3.151208840171772,0.0435,0.0304926484848485,0.03050813492075,0.0441803333333333,758705.0040016366,393038.3387154955,1001.1957447639041,2.0386567272262512,3.8831864835878527
2029-06-01,395030.80363291193,39188.030041577054,23912.479864143646,233685.8583395641,51712.06239944896,13768.125749692874,57478.47955802051,62570.889468891786,97827.27482071235,405.9903127796184,5042.825513140804,0.6700153743205453,31184.263231804136,165.22082085062166,1.637198052344144,1.4757003857821807,1.1327312247527603,0.09711684129543528,8911.153059546785,0.3742498019376968,0.5484728878659938,23862435.17450145,72559.84835385399,4481864.601417821,1043.854544837786,1.141174859605516,1.1222464685269953,1.2331636125494767,1.3289060966333714,121.97238972522601,104748.30629036609,1419.2144326328535,110.98994929700403,75878.70794100991,97452.15954521904,632.8500673134822,27033.116228470513,19498.736408919256,1.0363022875173231,1.087368466685699,1.1937029619014659,1.1988471916483627,35872.815945526054,184094.8811213766,0.04334987194292093,0.04393998275656405,0.09106667751365635,1298.343790166924,11901.955775461494,19338.992861946117,181498.82003710378,473581.569944375,213006.38155035608,254740.09022599895,69680.40341247234,28.80263072813271,52077.21203730346,19485.858814671694,27288.320851783854,85154.61118001798,54663.364815338566,101378.62867829004,28538.559227012724,21202.311111275147,43754.93087049006,209393.30088706795,208530.02016333072,926120.5999175839,760756.6324999635,764809.6703122046,120.98311041512225,1.2173677788916784,1.1536895988869884,101.8502512931788,84500.94693921375,1.2150631985392653,102673.9908675578,10486.33339260741,15529.158905748214,16253.517641413733,724.3587356655189,0.044566271488357075,11439533.197797135,445890.58797176275,575368.6309429578,332223.8806077823,27581.222957523132,899442.9311734394,0.07101775304324855,14.080986192157022,1174824.8270684942,2969633.9623621847,3308120.152629648,4144458.789430679,9529667.441986118,0.005618957571853579,0.006209068385496702,0.059385926924367935,1.5956267376076516,0.059385926924367935,0.03944002276336502,0.018050022763365002,-0.0118409543778683,0.5208893501661079,6.317935835590291,0.06204522705952634,0.04213621506522987,0.00723842086846159,0.12703588788613446,216254.3701692284,123.74375261059909,4.856788279097302,4.2128969162196865,0.050605541133439604,0.6695638449305809,1.219773825834554,0.04050776886791426,0.03683608804348953,29032.2,24258.424902408,172731.64678446908,30496.98125401656,13025.74213074277,0,56.25,208288.96,2.2126248879907133,74.07232175381031,1.0838002223714895,1.2048082654098418,161137861.25850782,3.1521800866548366,0.0435,0.0304926484848485,0.03050813492075,0.0441803333333333,762792.2062034681,395520.3575404656,1019.673090827019,1.8623506994714045,3.773091437106735
2029-09-01,397436.2058227935,39493.774715354615,24215.694968819065,234943.14522272916,52457.8935761146,13862.294214723554,58194.8331748427,66576.63576744676,98012.84970456459,405.14188352846736,5061.3730065078835,0.6695821302165795,31489.382850741647,166.67063611642237,1.6639562239257726,1.4968059901266615,1.1376510633620056,0.09455736579944436,8784.237570160965,0.372961208672517,0.5442268368667859,24297090.695496652,73568.56230494806,4473782.352144154,1062.5762666291603,1.1477216999543163,1.1280406036099533,1.2448849449299972,1.3480260637070702,123.02515391667055,104817.90804639505,1456.508195365311,112.03998741703718,76364.03102746946,99283.21508341924,633.6340878666659,27269.42360864905,19470.70872164746,1.0380522715234106,1.0918115827632813,1.201824676674381,1.2076401455006094,35982.33246147585,185137.01483435242,0.039871478828148246,0.043459292029386025,0.11641519318716981,1257.2868831650703,11994.81473218942,19428.22354675363,181855.11443444155,479959.9178686692,215671.88603984818,256602.35262072497,74887.88792776401,29.373050836018276,53238.6376704733,19958.846628463132,27792.878595188202,86141.72681282434,55054.270915590896,101742.46127430593,29080.281382300687,21258.34530690474,44267.31989353878,210867.2788570501,210621.32179396844,938064.1215941388,764266.7860539978,769005.6633125644,121.95693161986293,1.227404030529401,1.1595344981791391,101.92356299061183,85015.48595983032,1.2265584977514623,104276.46674450001,10489.343536715982,15550.716543223865,16297.89012584635,747.1735826224849,0.04584480054441245,11473626.570326237,450878.40776061645,587716.0553937609,337070.2774910352,28173.11665560438,911042.4098441979,0.0721330773223902,13.863265468775428,1179740.8520815617,2997599.6832707496,3320983.2088349685,4177340.535352311,9575412.244113069,0.0030415196373194814,0.00662933283855726,0.0577274066086156,1.6096283869808554,0.0577274066086156,0.03944002276336502,0.018145053789390485,-0.011515720950833225,0.517178130239326,6.375305761039588,0.058566833944753656,0.03982762011971997,0.007202912085872728,0.1272210605185996,216898.8755590677,124.55328197562191,4.863485098115496,4.216653592028394,0.050605541133439604,0.6695638449305809,1.231779706719722,0.04050776886791426,0.03683608804348953,29118.725,24340.389909412188,173246.44090058934,30587.871758456586,13064.562900021796,0,56.25,208288.96,2.2241725788454136,73.99111636422391,1.075395721217531,1.204653804788803,162594418.466384,3.153151632489604,0.0435,0.0304926484848485,0.03050813492075,0.0441803333333333,766718.1767260467,397976.06747101474,1038.739973707144,1.903170211247729,3.6829959190828765
2029-12-01,400008.21430883795,39759.59328357914,24501.634739559515,236186.78536101457,53183.117952327084,13947.532334160209,58904.50324555384,66887.57489106183,98127.61666284647,404.3403951482672,5080.175806044939,0.6691689247261828,31792.51169203358,168.1015490820929,1.6908377574670355,1.5171357192578163,1.1419877571683408,0.09194233616365304,8668.024812843334,0.37200366929870365,0.5405226587918701,24715306.714851703,74588.96252040686,4466632.922861189,1079.0216847067502,1.1542150259588562,1.133682553203421,1.2565670363070094,1.366640555477106,124.07531055511416,105006.91612021916,1494.2167124025357,113.12230467431591,76874.82366910562,101327.87084829727,635.4071893303454,27516.54717300082,19441.04304573561,1.0385846933309553,1.0960781353838054,1.2096901453869418,1.2162950761254507,36090.27176740483,186314.1066866882,0.03635150979042785,0.04279726789193476,0.13936067380136444,1243.6401382854092,12075.547569230428,19515.91989719092,182135.85137317784,486528.0219170086,218342.6401099925,258558.6168252611,76306.65316093154,29.528460269304393,54337.072650614406,20417.79177214409,28280.1549769551,87151.64553487395,55472.62120991575,101913.84065907994,29608.299170202677,21308.902211486184,44779.116775592236,212129.02981636103,212768.42882395402,949890.5491639115,767716.582060501,773351.8144233593,122.91576733359862,1.237293271177093,1.1646747645620312,101.98662439691515,85565.66369434545,1.2384071730305566,105965.13168419768,10493.339678801793,15573.515484846732,16342.719423904615,769.203939057883,0.047067067462694206,11507719.94285534,455886.13298097986,595952.6069681199,341795.5054029936,28567.9490346328,922528.1674006255,0.07330472663032393,13.6416851404822,1184880.6020105926,3025599.519729684,3334049.6495812917,4210480.121740277,9621618.271247359,3.83374484719437e-4,0.006829132586226347,0.05597420085794462,1.6234474866285786,0.05597420085794462,0.03944002276336502,0.018240064128647114,-0.011410931542420767,0.5140319140285701,6.418868181754867,0.05504686490703326,0.03747936890508583,0.007154056673264021,0.12743690705852295,217543.380948907,125.37073873384432,4.870202906836326,4.220431257539738,0.050605541133439604,0.6695638449305809,1.2439037580171222,0.04050776886791426,0.03683608804348953,29205.25,24422.412368583748,173761.23501670957,30678.762262896613,13103.383669300822,0,56.25,208288.96,2.235780537106849,73.90999999999998,1.0670563941041271,1.2044993639701544,164064141.78483933,3.154123477768338,0.0435,0.0304926484848485,0.03050813492075,0.0441803333333333,770493.8517861939,400443.034323663,1057.8139159168568,1.856702115279396,3.5968135305708415
2030-03-01,402729.4777636649,39978.15650965136,24781.356896242414,237406.6351096133,53944.57707089809,14028.590872200732,59617.59817070436,67476.94712140018,98276.23022318399,403.5972894859629,5099.320586009284,0.6687606442233885,32090.067546386425,169.51860673572702,1.717983752709913,1.5366131401705876,1.1458795775349104,0.08936261543064536,8567.93807305398,0.37128703198819385,0.537209971465728,25122666.88885889,75624.66526698059,4460708.758568112,1093.5215445042213,1.1606316929609373,1.139204019930328,1.2681503466998625,1.3847078961783537,125.12538497379985,105319.0416511619,1532.3236620089353,114.2385319162831,77403.7399766257,103607.74260373032,636.5070495321718,27775.61270654881,19411.86078881081,1.0391238216434473,1.1001464456917092,1.2173464150318685,1.2248525013051088,36202.059490398155,187600.93195889235,0.03295683200680689,0.04197381742681287,0.15928988698344815,1219.8497485987318,12141.928294367513,19604.081975455054,182455.232477848,493284.20864360285,221008.20676627348,260685.4204715139,77824.2976677464,29.69470079114698,55358.06899356829,20859.635536292175,28762.02820835503,88178.65090149446,55873.9261506144,102121.1719262262,30123.889964465605,21355.88965107247,45297.96630580474,213417.788847569,214968.07665821104,961774.4373895585,771184.698840391,777787.3755240272,123.86026916061185,1.247138915967737,1.1696994706549737,102.07874314081992,86147.76852437192,1.250627078089635,107738.73203357747,10498.716972903298,15598.037558912582,16387.640043488147,789.6024845755655,0.04818280237146634,11541813.315384442,460877.4681921326,604618.6961517127,346568.44612301845,28983.371991478267,934069.7304112796,0.07428940826894813,13.460869096974424,1190223.1839778551,3053658.390863391,3347277.9302932164,4243881.574841246,9668248.005060252,-0.0022346713519404357,0.006782314068065551,0.05417111207189804,1.6371327780417864,0.05417111207189826,0.03944002276336502,0.018335053785263032,-0.011552739717197481,0.5113293326635763,6.450746413984981,0.051652187123412296,0.035205745986949255,0.007093366945385393,0.12753763198223564,218187.88633874632,126.17339704693991,4.876760920446749,4.224049127940673,0.050605541133439604,0.6695638449305809,1.256147142843935,0.04050776886791426,0.03683608804348953,29291.775,24504.492279922688,174276.02913282983,30769.652767336644,13142.204438579847,0,56.25,208288.96,2.247476591019806,73.85493850094944,1.0610314091382174,1.2044993639701544,165420447.06475434,3.155337022480466,0.0435,0.0304926484848485,0.03050813492075,0.0441803333333333,774145.764074753,402951.2824502534,1076.4445527055502,1.814698918134905,3.5191503358747322
2030-06-01,405233.0397170789,40150.34849778563,25043.4267188942,238612.22656462685,54615.9839156318,14104.797072809148,60297.57167939828,68271.28103577724,98254.20090413209,402.8579547274163,5118.41716959313,0.6683669493520608,32387.249802583836,170.91952962584054,1.7453893691612263,1.5554133302272588,1.1495010080286034,0.08674960693845453,8471.571388228691,0.3707005723851558,0.5341207794328792,25519265.122124318,76670.77891869035,4454625.806572767,1106.4685925934068,1.1670166470101024,1.1445931321635419,1.279788858768505,1.402205052192132,126.17813714239138,105714.05149816381,1570.8257528684276,115.38632845442541,77932.02662624099,105895.07665206057,637.0741983967276,28027.154524816393,19370.311661917516,1.0392235508240812,1.1044986555260632,1.2247869234981001,1.2333012250433923,36284.59098219329,188858.10585086758,0.029509890383138542,0.04099670760781691,0.179041155023891,1205.5914550135494,12194.225422482616,19679.997130086922,182550.10067832982,499774.40467111167,223695.3482089813,262759.5586908195,79616.74736544024,29.891043064837003,56299.02151086979,21283.67141755672,29226.09587912712,89200.46157426442,56281.85221717116,102108.0795469748,30610.529874971395,21394.48318770872,45783.220971067625,214415.18458072253,217092.58304994498,973083.4570098597,774171.0466882437,781936.0283082443,124.79404029325173,1.2569360155894225,1.1745552798053063,102.1795780605422,86683.30487707889,1.263192588225832,109497.70824364616,10503.641374089522,15622.058543682651,16432.89064962759,810.8321059449372,0.04934202175628434,11575906.687913544,465861.9234261837,613425.6061982084,350870.02996024326,29405.54542342425,945052.9843815366,0.07520142004374145,13.297621233991896,1195759.1006551012,3081793.4678541673,3360619.5077573326,4277552.568509269,9715260.576192392,-0.004981578342653243,0.006505238882025123,0.052258138212662744,1.650662247325883,0.052258138212662744,0.03944002276336502,0.01843002276336505,-0.011924783881339926,0.50890243601931,6.473622967577632,0.04820524549974395,0.03288728860487759,0.0070214651162819166,0.12757382763199152,218832.39172858564,127.04600523579057,4.883829202530037,4.228177266814474,0.050605541133439604,0.6695638449305809,1.2685110357655673,0.04050776886791426,0.03683608804348953,29378.300000000003,24586.629643429,174790.8232489501,30860.54327177667,13181.025207858873,0,56.25,208288.96,2.259233830579057,73.79991802163468,1.0550404434088163,1.2044993639701544,166787964.813112,3.1565510341022693,0.0435,0.0304926484848485,0.03050813492075,0.0441803333333333,777598.004867098,405453.632756593,1094.317030823625,1.763299012484243,3.4491468725791785
2030-09-01,407884.97576920735,40280.93015820016,25300.492167440996,239768.69397189093,55342.72851347367,14179.132529993129,60995.61815987142,72455.43031811476,98460.59780516439,402.1716176457183,5138.0485151604735,0.6679736606173998,32676.601463341398,172.31249473684525,1.7728739396653777,1.573722298615992,1.1530572919200237,0.0842354705930278,8382.262692996705,0.3701233842505494,0.5310918218726938,25915100.941451773,77731.62734836411,4449734.947365483,1118.7196528533977,1.1733466694934827,1.1499301996136513,1.291271463055175,1.41914923548381,127.23243778739054,106213.56132673532,1610.0342332451341,116.57181344598904,78461.28428678557,108404.37552762455,637.4454083985079,28287.369688156818,19336.02106770146,1.0392321864547618,1.1086374926961806,1.2320708715682445,1.2417010507107902,36388.88211488056,190141.77370490605,0.026281873872773392,0.03988965990181851,0.1960398372351301,1156.4674072640773,12233.884908955682,19763.760654435704,182910.26164218213,506471.20339137333,226382.31419712832,265018.41021823033,84616.62750840368,30.438722498580717,57164.6512385865,21689.13573595307,29686.248221212838,90224.99944214504,56648.69402498422,102323.42233670391,31102.67084639486,21436.63791521707,46298.46179834229,215680.06389665813,219244.35866904893,984702.9514789928,777466.1332628984,786154.6222820075,125.71566892179429,1.266554159116356,1.1791578119251827,102.26359264089102,87250.57989858666,1.2761706929532703,111346.63300975402,10510.014728843922,15648.063244004396,16478.328745164916,830.2655011605202,0.05038529404774627,11610778.268021323,470806.39957449527,626213.1912452066,355445.20242612745,30018.53892932936,956337.7697161903,0.07604693765217917,13.149773427744915,1201467.5735621676,3110002.891515389,3374027.1091559837,4311470.465077557,9762586.07415933,-0.00756847164628946,0.0060393143827556575,0.05038512507396495,1.664114864037449,0.05038512507396495,0.03944002276336502,0.018416273043411334,-0.012376958660655676,0.5065816902743954,6.492388462960278,0.0449772289893788,0.030711155871533787,0.006940149655668144,0.12760069865703608,219491.60845208494,127.85025563644955,4.890315780163175,4.231723701238126,0.050605541133439604,0.6695638449305809,1.2809966229083334,0.04050776886791426,0.03683608804348953,29466.800000000003,24669.129513182,175317.36793865412,30953.508422229635,13220.732091201187,0,57.125,208288.96,2.2710525758654905,73.7449385314969,1.0490833048310548,1.2044993639701544,168166787.72250232,3.1577655128133912,0.0435,0.0304926484848485,0.03050813492075,0.0441803333333333,780942.1249332149,407981.0525188675,1111.3337213503999,1.727060164036498,3.385034551906285
2030-12-01,410734.58380028605,40383.89800548635,25544.96336890942,240920.90785990434,56056.45059947905,14251.397961267283,61692.59919555062,72603.95311861287,98521.84521573936,401.52284104096765,5158.019274683611,0.6675991811605275,32964.45576119105,173.6980164277804,1.8006705543636945,1.5916569805687601,1.15657085830284,0.0818866231067062,8307.492290287304,0.36955917967859514,0.528107546282544,26317554.429838452,78810.917213071,4445815.985097013,1130.6912994768763,1.1797006533933088,1.1551927162590812,1.3027501969082762,1.4355581603051681,128.28455632990028,106827.64380726055,1649.4577894826284,117.7894200953747,79012.13332952448,110979.31982347574,637.6194080579056,28560.126357565365,19299.810939712737,1.0391823686380373,1.1129340861887116,1.2392219534545204,1.2500582275672814,36491.60961558218,191549.41605334263,0.023264605729043677,0.038674290752090563,0.2110868969770067,1152.2138880134153,12265.157692083452,19846.035612588785,183120.30138362307,513442.1462311509,229080.6918017153,267388.21792112285,85479.449653689,30.53323475296274,57973.43432670753,22085.50830076204,30135.40997721058,91274.2400531727,57069.15587928977,102382.1644738821,31588.081119393148,21479.417451804093,46813.099492988826,216781.63353806816,221540.47253222228,996301.7475758546,780702.6627274192,790588.7543087367,126.62916155476499,1.2761603209938395,1.1838208647545154,102.3561034982035,87860.13888694216,1.2895004497405829,113295.68860898199,10517.725388977717,15675.744663661328,16524.201331410797,848.4566677494695,0.051346300424157054,11645649.848129101,475794.0144433561,634360.9832555582,359953.3234022156,30409.116475555216,967602.4529122803,0.07675233220539701,13.028920050584246,1207340.8081586591,3138286.433325955,3387458.598763862,4345627.241484614,9810174.340174267,-0.01002757614701064,0.005382108876036247,0.04859444123065189,1.6774955956196402,0.04859444123065211,0.03944002276336502,0.018402523136761627,-0.01302041426072538,0.5043451898744967,6.509523382766962,0.04195996084564908,0.02867201125352443,0.006851058776173174,0.12756323757770408,220150.82517558424,128.6690329135674,4.896875693282107,4.235343471147571,0.050605541133439604,0.6695638449305809,1.2936051020732453,0.04050776886791426,0.03683608804348953,29555.300000000003,24751.680046530004,175843.91262835814,31046.473572682597,13260.438974543502,0,57.125,208288.96,2.2829331486344326,73.69000000000001,1.043159802404643,1.2044993639701544,169557009.25179604,3.158980458793543,0.0435,0.0304926484848485,0.03050813492075,0.0441803333333333,784186.9685234283,410570.94154687156,1127.5036939846661,1.6915201482381015,3.3292181876054316
2031-03-01,413748.4277591378,40475.18883113962,25784.53654892661,242051.20038751807,56789.4443036408,14326.520621312873,62399.71659048,73049.65101979634,98641.3720073344,400.9173314072845,5178.447221703286,0.6672477517176408,33249.63436350418,175.07971889725061,1.8287515153505989,1.6093260773024842,1.1601024214130269,0.07975206982921348,8244.748898251573,0.3689461115178482,0.5250730325659347,26730353.998183962,79912.27935878665,4443154.401904444,1142.8430264026908,1.1860368107275094,1.1604364510773584,1.3141475913809249,1.451470800477058,129.33696632955863,107568.49541058386,1689.068365429853,119.03841502137574,79587.12565329562,113617.51388791214,637.3701767034698,28845.51939396384,19265.71253842229,1.0393673967960784,1.1172957525397476,1.2462765195948362,1.2583996283685603,36603.080981168154,193072.6731419848,0.02053144655257516,0.037375209565503005,0.22388188760410588,1130.2925276137248,12292.883999542075,19931.02616501487,183402.19169193972,520660.8681547894,231776.81167528362,269929.69631998136,86466.08019365114,30.64130879473776,58748.5547321943,22480.6302421917,30581.409494575822,92355.80078513784,57467.87529652978,102524.62603965671,32075.52015475656,21525.49878883098,47341.31452419454,217985.83050743878,223984.07562070244,1008073.7052674387,784046.018118761,795173.4766816383,127.53567935900202,1.2857328455555637,1.1885672057484957,102.45364407573585,88504.82954424761,1.3031738298921955,115337.1776811331,10527.30424746523,15705.751469168517,16570.61832523094,864.866856062421,0.05219278941045713,11680521.42823688,480828.80619040376,642831.1883956251,364546.12605397485,30815.14941496186,979035.3096403461,0.07730619629163407,12.935573705211754,1213363.546065857,3166664.4888230595,3400886.172673026,4380028.034888917,9858002.707487732,-0.012273873574867589,0.004569889438060255,0.046946749701770735,1.6908394429165767,0.046946749701770735,0.03944002276336502,0.018388773043413596,-0.013818883605353341,0.502105227804482,6.5275580381380065,0.03922680166918057,0.026821354606333427,0.006756041046965805,0.1274670562916777,220810.04189908353,129.47611137506647,4.903304761321069,4.238832395977046,0.050605541133439604,0.6695638449305809,1.306337682850924,0.04050776886791426,0.03683608804348953,29643.800000000003,24834.281243473004,176370.45731806217,31139.43872313556,13300.145857885816,0,57.125,208288.96,2.2947578707023015,73.59381183101107,1.037479565747463,1.2044993639701544,170935146.34183103,3.1606790316860365,0.0435,0.0304926484848485,0.03050813492075,0.0441803333333333,787373.6849113142,413249.515251704,1142.9390347048277,1.6677352776460985,3.280532012744275
2031-06-01,416571.0642207224,40568.42399162649,26016.205185724688,243177.34709367942,57480.487563550145,14402.701998207802,63095.96814352616,73708.51711766818,98746.02339913283,400.3283899517415,5199.112252784925,0.6669239970935473,33535.59631968673,176.45811528325675,1.857163574620726,1.6268603707008056,1.1638156879997625,0.07778735737583424,8191.5663812413395,0.3682457999223271,0.5219377481504469,27155114.89811115,81031.67507771647,4441016.917132645,1155.3507387699644,1.1924010615851073,1.1656821071856693,1.3255700125790846,1.4669365636483682,130.39085745521479,108408.40866538041,1728.8464545012632,120.31657516062677,80172.02148082768,116204.74971042655,636.9157484794816,29125.088909107137,19226.11458247229,1.0398227227320767,1.1220550640293285,1.2532475262072698,1.2667301680225478,36703.51360414974,194585.62096963965,0.01797818459525706,0.036009024176238476,0.23581577379480165,1126.1467061613512,12321.200828830395,20011.06070427869,183647.71229003355,527683.1345450047,234489.36117663703,272512.65527977166,87642.30502731341,30.77015071343096,59511.304482906584,22882.485374890508,31021.75068187409,93455.09004443398,57890.47028435161,102678.35890985165,32555.201635479156,21572.759228871153,47858.02610464225,219183.2168788442,226461.7983436422,1019655.0151253005,787194.4141206658,799589.299237868,128.4402490101819,1.2953026731713368,1.1934982153912685,102.55044915595879,89108.61905047228,1.3171664964073218,117370.8875544053,10537.719587784673,15736.831840569597,16617.70062103955,880.8687804699512,0.05300785830020372,11715393.008344658,485923.85588058346,651443.071498445,368919.76114698855,31227.973915932176,990283.0103029921,0.07775262005298726,12.861302928679637,1219528.4718526443,3195159.6763748676,3414298.185021735,4414688.148227512,9906074.833175037,-0.014426454415514225,0.00360438516546719,0.045382718365062955,1.7041513615791866,0.045382718365062955,0.03944002276336502,0.018375022763365022,-0.014770637597897832,0.4997724363392016,6.5474502938862,0.03667353971186247,0.025088491823628874,0.006656348746376807,0.12732495098382537,221469.25862258289,130.3247618129156,4.910014011566765,4.242601503013256,0.050605541133439604,0.6695638449305809,1.3191955867376417,0.04050776886791426,0.03683608804348953,29732.300000000003,24916.933104011005,176897.00200776622,31232.40387358852,13339.852741228133,0,57.125,208288.96,2.306643840315709,73.49774921723794,1.0318302592396302,1.2044993639701544,172324484.74903482,3.162378517895314,0.0435,0.0304926484848485,0.03050813492075,0.0441803333333333,790478.3328874402,415968.1337817784,1157.785075294201,1.682233853633952,3.2404639010771286
2031-09-01,419571.46621970425,40670.04223827705,26244.51987923949,244280.06783685336,58214.72977827319,14484.375071982378,63809.909362580256,78018.76816862622,98876.68828464899,399.79701306154,5220.251889197778,0.6666237923827673,33817.07019208523,177.84200704909566,1.8859132736970268,1.6443655870194833,1.1677417115036541,0.07613746107784265,8150.305736298821,0.3674279289685871,0.5186592878647109,27594387.671640705,82174.15384962194,4440068.8866438465,1168.4759798939672,1.1987776126384586,1.1709747546023144,1.336891030085105,1.4820279190610393,131.44590801367545,109376.15101011826,1769.1297219868238,121.62640246149462,80778.20819934616,118839.82757080802,636.8056631183899,29414.770620004227,19190.550104602513,1.0406444141679458,1.126872502913374,1.2602051000934,1.275111036059112,36817.83454803181,196158.13187525418,0.015866224641672925,0.03460710296752158,0.24474884518504356,1102.720743173937,12352.06371926739,20095.85134543431,183941.92428271763,535000.2073979969,237207.2826180892,275299.93584295834,92276.9592860897,31.27782384707933,60274.1380665183,23294.920925717834,31461.342885677284,94589.24163689131,58295.05450765202,102895.47335484515,33044.92639429136,21625.303228657944,48395.536932633106,220480.11091042755,229062.0326413688,1031540.2663076016,790529.9053920293,804203.0896083307,129.34364593036895,1.3048719250435508,1.1986397976980547,102.64596921476877,89750.43434128155,1.331505839382132,119503.227412499,10549.472954431407,15769.724843629185,16663.46717765707,893.7423340278838,0.053634832501998346,11750826.079996543,491026.5531811262,664163.9190284422,373516.04463117826,31837.76825136284,1001825.8970092081,0.07813273314180888,12.798733127446418,1225825.3818537772,3223780.0096405703,3427696.7039787974,4449605.391494348,9954390.595398935,-0.01622380063882139,0.002517077687027261,0.044047435797348336,1.7175163520940568,0.04404743579734856,0.03944002276336502,0.018395024902868283,-0.015877947215841022,0.49732986655431277,6.570303604206366,0.03456157975827834,0.02365299186987974,0.006554297697038547,0.12721545070490797,222139.08985264698,131.13765003583282,4.916408186930767,4.246055535167771,0.050605541133439604,0.6695638449305809,1.332180047252504,0.04050776886791426,0.03683608804348953,29822.225,24996.808346872065,177432.0249594231,31326.86592053183,13380.198972692058,0,57.45,208288.96,2.318591374713556,73.40181199479235,1.0262117144596168,1.2044993639701544,173725115.51624268,3.1640789179124615,0.0435,0.0304926484848485,0.03050813492075,0.0441803333333333,793555.8727973058,418756.7429852708,1172.2315843601066,1.68030111797981,3.2090025280494316
2031-12-01,422767.5402911772,40786.52959620659,26469.086348000943,245384.08704292565,58969.45256880695,14571.290417590622,64541.908589686405,77958.88740399176,99011.82188956102,399.3005626909344,5241.954601998181,0.6663658109085382,34101.37389712101,179.23113602847656,1.9150600101627269,1.6619640618950087,1.1719902981088053,0.0748140824785153,8122.07087087072,0.36645509575204305,0.5151818462743494,28045715.747486755,83343.19113908056,4440466.663229458,1181.9880952575195,1.2052227569118585,1.1763198134576542,1.3481904156537736,1.4968144017504934,132.49983165090384,110465.83990517053,1809.3848175359556,122.96351522972674,81418.2074753762,121450.45374940652,636.8944673101244,29716.342511184466,19158.06055564814,1.0419613119582782,1.1319928789431093,1.2671599196251715,1.2835410101134477,36944.56918211552,197859.80490085523,0.014104832182083683,0.033193173608670926,0.25186128311061395,1104.0192060722911,12387.442567885368,20184.832116401765,184260.28374372644,542639.4761535624,239933.468295914,278264.833992439,92375.9055918117,31.28866227822955,61049.86489702475,23722.69588994475,31901.145221275732,95773.84968613238,58735.14215875186,103166.48783542636,33546.4655728439,21686.78812335456,48951.491970454765,221870.10450207954,231889.77172950338,1043735.9750751822,794030.227846487,809086.7241887484,130.24821544232356,1.3144789103365921,1.2041124652269706,102.74082193086406,90434.10579941497,1.3461438901900322,121737.31898668142,10563.535394160017,15805.489996158198,16710.262736541496,904.7727403832978,0.054144730503899084,11786259.15164843,496277.6580898358,671869.8932743444,378222.7445806973,32207.16655073281,1013670.2983135593,0.07841528071298971,12.752616465917301,1232248.787993197,3252544.760371744,3441090.2200065204,4484793.548364941,10002972.268297251,-0.01774999100178788,0.0013383504247993644,0.04295925929464374,1.730931921209827,0.04295925929464374,0.03944002276336502,0.01841502561599031,-0.017076675191190945,0.49470249487314605,6.594769867829902,0.032800187298689096,0.022453912946509006,0.006451627932470717,0.12709923983434596,222808.92108271114,131.95577773241985,4.9228036442494245,4.249510849276941,0.050605541133439604,0.6695638449305809,1.345292310055789,0.04050776886791426,0.03683608804348953,29912.15,25076.71081407725,177967.04791108,31421.327967475132,13420.545204155986,0,57.45,208288.96,2.33060079277792,73.30599999999998,1.0206237639029867,1.2044993639701544,175137130.42627218,3.16578023222883,0.0435,0.0304926484848485,0.03050813492075,0.0441803333333333,796650.5652123935,421645.2832320786,1186.4067462900464,1.7071243323940166,3.185482318387156
2032-03-01,426128.1798542723,40920.86241705433,26704.979150533323,246492.7490823413,59857.56176260821,14667.050608972699,65307.73483032275,78209.96733279915,99164.7182593601,398.8492191188227,5264.356375043772,0.6661475270451378,34385.984865075494,180.63076026722172,1.9451311303476002,1.6797356659103684,1.1763864814487512,0.07385367713352246,8120.015833392993,0.36537915215726696,0.511511413111722,28515280.92997309,84542.73957172841,4442573.88653705,1195.8630630199928,1.21169975224876,1.181723443149761,1.3594426789491825,1.5113729824623694,133.55435820072222,111689.03431435769,1849.5749867160082,124.32903748763451,82097.55081702337,124069.4192212845,637.4389050770161,30030.54095314553,19129.130861724498,1.0461197826874615,1.1372726622510383,1.2741543422024932,1.2920561972418831,37085.17157252168,199689.1215589082,0.01277985231400429,0.03179457233386928,0.2566215663671397,1108.662039415649,12428.24133452984,20277.70960988481,184617.7303034911,550581.5560737097,242663.33341161587,281551.9224694069,92471.37713959743,31.29912008956399,61846.68587619569,24174.559115266795,32358.41662050953,97016.59948601102,59184.03912458168,103738.17351574513,34061.192054696934,21755.037581661916,49528.86288131801,223602.13703342195,234911.583094276,1056515.7436470364,797683.8394390636,814212.2060010543,131.1564816332936,1.3244793291723245,1.2111628534585752,102.95620296205682,91152.97942342433,1.361092954072655,124067.67803595256,10580.507842382605,15844.864217426377,16758.033861586682,913.1696441603053,0.05449145062267201,11821692.223300317,501666.23670895,679946.9992815295,383268.51774941053,32594.35564943397,1026081.9350971592,0.07850217513808207,12.738500535062139,1238792.8966534042,3281485.4110501283,3454493.6420279127,4520278.307703532,10051860.449657235,-0.01892594093797635,8.877908188863887e-5,0.04214788388154182,1.7444488487159837,0.04214788388154182,0.03944002276336502,0.01843502490279971,-0.018346245820911072,0.49196212247708093,6.620484026368796,0.0314752074306097,0.021550582586122993,0.006350323523262285,0.12692106754576632,223478.75231277524,132.77759609336007,4.929188456875899,4.252955518693929,0.050605541133439604,0.6695638449305809,1.358533633068448,0.04050776886791426,0.03683608804348953,30002.075,25156.640505626565,178502.0708627369,31515.790014418435,13460.891435619917,0,57.45,208288.96,2.342167405036931,73.30599999999998,1.0206237639029867,1.2044993639701544,176343282.10826254,3.16578023222883,0.0435,0.0304926484848485,0.03050813492075,0.0441803333333333,799798.7801911716,424653.5916373539,1200.422932726498,1.7394159277825505,3.170579325198064
2032-06-01,429185.0967893363,41072.726612038845,26938.079162933693,247614.1547505656,60630.480733758246,14768.839738779947,66041.70663411531,78700.44577953027,98983.43641507435,398.377678591395,5286.728735788523,0.6659702802928951,34678.24418472838,182.03813841952027,1.975903868776321,1.6977084286389172,1.1812480439597721,0.07303042126121223,8114.02158052785,0.3641756048116082,0.5076658346204567,28988098.306674436,85765.53309017827,4444258.007772516,1209.8691009274044,1.2183015142656972,1.187229485230992,1.3708603903625975,1.5257813671775065,134.6155948342143,112972.75845701189,1889.7093917518528,125.72081088131712,82782.761688071565,126398.77047578544,638.5964261279677,30332.804319263996,19084.841350155948,1.0510166202748537,1.1434527312772969,1.2811713453194158,1.3006377940304745,37188.93298289417,201456.17327935965,0.011499760186642862,0.030412988012434142,0.26243595812897114,1121.4056682242954,12474.364626021248,20355.09836023621,184573.30910836067,558214.3578719979,245434.86031578487,284746.58988292934,92946.4069406914,31.351154147388492,62668.00096382458,24648.14532508187,32818.70263561134,98282.13457282918,59650.170253446835,104033.23680416231,34557.02205194722,21822.61396782971,50062.10334742031,224993.84717135952,237969.71062986448,1068740.5084800716,800728.1555496147,819067.9944761418,132.07517421947773,1.3347108072074658,1.218994491989459,103.19547179127201,91806.88381101095,1.3763294024365025,126356.51353516612,10597.047160108757,15883.77589589728,16806.823858448628,923.0479625513472,0.05492101955200009,11857125.294952204,507172.5439603168,688032.1224311492,387747.1159021726,32981.929062783296,1037954.5554830028,0.07870282569379417,12.70602409995619,1245467.0824559364,3310638.4677175297,3467924.7366771274,4556105.550173466,10101118.786776384,-0.02012260598963803,-0.0012093781638467492,0.04140805508493134,1.7580406599548513,0.04140805508493134,0.03944002276336502,0.01845502276336488,-0.01966440092721163,0.48895685994744714,6.646239691482519,0.030195115303248272,0.020675897558053182,0.006250498096369908,0.12683326879277712,224148.5835428394,133.72461530117266,4.936471657014,4.257298575622543,0.050605541133439604,0.6695638449305809,1.3719052865927848,0.04050776886791426,0.03683608804348953,30092,25236.59742152,179037.0938143938,31610.25206136174,13501.237667083842,0,57.45,208288.96,2.3537914216011173,73.30599999999998,1.0206237639029867,1.2044993639701544,177557740.4347465,3.16578023222883,0.0435,0.0304926484848485,0.03050813492075,0.0441803333333333,802878.8825360799,427704.610115821,1214.3351574775795,1.719237482657543,3.162236617628089
2032-09-01,432420.85805869324,41236.09964965848,27189.205676182388,248697.90106187982,61549.675596157766,14881.680013787936,66832.55706401692,83075.62574609206,99310.03854516464,397.9765223307521,5309.74837639937,0.6658070127340542,34962.971222014065,183.465818555689,2.0068714415060853,1.7158736546926407,1.1864320144343508,0.07259879606858527,8116.474277168912,0.3628464921027716,0.5036877889885096,29471293.96753946,87017.52090299189,4447879.509185119,1224.3801852997008,1.224914103584051,1.1928829134889796,1.3820561783134777,1.540151823271544,135.67998613041186,114371.90261540763,1930.1440503488295,127.14559048313886,83478.20766407768,128873.72075378094,640.5180310566702,30646.456452791328,19057.83522714205,1.0565490720358877,1.149302522090445,1.2882992262065753,1.309371009176123,37342.549803954935,203231.26806503502,0.010811510599926931,0.02908323522081589,0.26457910619605757,1083.7463113142294,12523.983314855279,20451.686941506196,185123.1105177678,566199.3357805583,248175.87546302704,288282.27174216154,96942.13936224778,31.788840733357798,63509.854060028585,25134.024448481774,33304.44149800334,99579.72664399935,60059.47564156659,104925.92906874194,35092.510816951995,21903.218092138486,50666.3663947482,227106.89537258062,241120.08276644704,1081949.5461417984,804527.7536894897,824092.8870436021,132.99881530257943,1.3448256489423975,1.2267884584338986,103.40149654666799,92499.04474837414,1.391927186480627,128751.93510875004,10616.372816417062,15926.121192816432,16854.484277337222,928.3630845207899,0.055081069277272195,11892420.456400275,512699.8996410337,700635.9341586418,392986.8860360924,33586.113098330905,1050783.0959058173,0.0789157963400936,12.671734258251977,1252266.4493144897,3340006.370879843,3481400.815118282,4592272.820194333,10150762.135238405,-0.020811004237306176,-0.002539279616417218,0.04097628123135216,1.7718285384213417,0.04097628123135216,0.03944002276336502,0.01859131036354713,-0.021130589979964347,0.4858050101212827,6.673614708933118,0.02950686571653234,0.020204383682869552,0.006154649003404163,0.1268637032478402,224815.80770111567,134.543562761942,4.942753257908749,4.260640033307806,0.050605541133439604,0.6695638449305809,1.3854085534343208,0.04050776886791426,0.03683608804348953,30181.575,25314.368811055876,179570.03438592193,31704.346449517943,13541.426865675794,0,57.775,208288.96,2.3654731273641176,73.30599999999998,1.0206237639029867,1.2044993639701544,178780562.6127429,3.16578023222883,0.0435,0.0304926484848485,0.03050813492075,0.0441803333333333,806055.2092394503,430825.77308756614,1228.2676579106844,1.7706918108959746,3.1622514837233107
2032-12-01,435776.95745754254,41410.56956135737,27441.400415686094,249823.5609640863,62424.45542163555,15001.187706873145,67624.81200888318,82804.5632960921,99304.87479687842,397.5853944441581,5333.16358266915,0.6656961589111096,35257.63124433984,184.90912160314062,2.038627929261413,1.734324464227026,1.1920458100434357,0.07247203410682172,8131.78185568074,0.3613658935369167,0.4995010057342531,29962382.119413827,88299.74365833982,4452217.292700906,1238.887901538075,1.2317132271639857,1.1986230975408219,1.3934030642840678,1.5545529260549082,136.74365830168273,115859.81342326582,1970.346733555909,128.5946786194461,84197.00752269782,131118.6465599179,643.328460232542,30969.73182130832,19025.103980544347,1.0628928822373016,1.1558376537495565,1.295520754396025,1.3182235455426077,37485.68244669425,205098.5425006425,0.010360307815995012,0.027816206353981344,0.2661993458192806,1125.6599022064765,12576.972280388523,20543.02339062997,185319.684614747,574451.4463818779,250956.03719238765,291880.000381966,96274.18447689811,31.71567394877207,64374.92208120842,25639.766956346648,33799.935863903855,100920.47697942084,60577.99653981905,105550.44459306847,35628.26803555758,21989.931547213724,51259.29351696145,228946.80869280122,244486.85823390642,1095180.5324538592,808120.7437849714,829356.5762223017,133.93433512534148,1.3552189494495102,1.2354154884773776,103.63825601906706,93216.94718691011,1.407791088365609,131229.98753437967,10637.180536908172,15970.344119577323,16903.4606672586,933.1165476812785,0.055202688856306074,11927715.617848346,518456.45838358253,707802.7211549906,398033.118251749,33929.6645875934,1063632.952729966,0.07911285271174884,12.640171169702905,1259206.9996015287,3369595.8892426454,3494933.0282272235,4628802.888844174,10200824.416997189,-0.021319375192664407,-0.0038634766546780767,0.0407923510981623,1.7857672957833244,0.0407923510981623,0.03944002276336502,0.018727572893486165,-0.02259104954816424,0.4824401977377643,6.699982622799031,0.029055662932600423,0.01989371452906312,0.0060635321370224446,0.12692605432188786,225483.03185939195,135.4492970764007,4.9496387467850695,4.264585378974639,0.050605541133439604,0.6695638449305809,1.3990447290248613,0.04050776886791426,0.03683608804348953,30271.15,25392.155927274503,180102.97495745006,31798.44083767415,13581.616064267748,0,57.775,208288.96,2.377212808633478,73.30599999999998,1.0206237639029867,1.2044993639701544,180011806.24324945,3.16578023222883,0.0435,0.0304926484848485,0.03050813492075,0.0441803333333333,809280.9573073933,434029.7088031651,1242.2286251433277,1.7745566156467163,3.167968300865942
2033-03-01,439218.9998315927,41595.48941285691,27702.185752313315,250940.7030461608,63330.76629885143,15133.410138113664,68438.46364431897,82885.57277112702,99412.9791479373,397.2164792121481,5357.026460418465,0.6656143696941301,35553.81763405586,186.3729566585201,2.0709044976965547,1.753123613576329,1.1980606157187232,0.07260103589524951,8151.238639437168,0.3597469547181407,0.49514656839908666,30460250.292711172,89614.56666518164,4457500.5599928,1253.6295921198614,1.2385641826694,1.204530463014478,1.4046947476484843,1.5690731236967417,137.81359919606524,117438.52815656776,2010.3205028879793,130.07308952011974,84924.69343800157,133256.70176011865,646.190874907425,31304.07376372003,18995.397863173686,1.0699563708012503,1.1626214168315505,1.3028638315722063,1.3272281359521112,37640.704848085494,207003.8017477769,0.010204219758695787,0.026625584376978068,0.26666100616796257,1117.1420820745116,12633.135039583545,20638.450059770174,185648.53191896665,582943.8149157325,253738.32178023097,295645.2420015718,95802.06217242661,31.663958373802814,65266.36450472613,26162.01617348151,34310.93505446984,102294.37929524216,61041.181674952044,106367.55037966736,36181.75414739889,22084.456376962,51874.01011391444,231026.64201794268,248003.1021780581,1108780.5532387197,811874.63475733425,834686.8783713803,134.8806690707034,1.3657041601084219,1.2444302124553457,103.87038820308813,93953.23366719793,1.4239760014059855,133787.14999657872,10659.694267676594,16016.720728095059,16953.170552946096,936.4498248510372,0.055237440734362354,11963010.779296415,524330.0242885037,715281.0972782577,403258.16882484173,34288.15260401169,1076841.2136841475,0.07927517565011981,12.61428930051811,1266287.5186628625,3399426.801080796,3508532.0261761,4665714.319743658,10251334.845845548,-0.02158547310869574,-0.00516410849041346,0.04081134302785798,1.7999043418395395,0.04081134302785798,0.03944002276336502,0.01886381035836506,-0.024027918848778522,0.4788950221979685,6.726456534232115,0.028899574875301197,0.01978392718102808,0.005978097688481262,0.12701747953967857,226150.25601766823,136.3504185579975,4.956445690039092,4.2684521790191745,0.050605541133439604,0.6695638449305809,1.412815121546772,0.04050776886791426,0.03683608804348953,30360.725,25469.958770175876,180635.9155289782,31892.535225830354,13621.8052628597,0,57.775,208288.96,2.3890107531376694,73.30599999999998,1.0206237639029867,1.2044993639701544,181251529.32395747,3.16578023222883,0.0435,0.0304926484848485,0.03050813492075,0.0441803333333333,812586.693575377,437320.4543726238,1256.2714964194747,1.7789999767639397,3.178969286739153
2033-06-01,442347.4776860515,41789.57534310887,27967.36135020746,252078.12937201277,64197.90489543916,15272.596810308996,69248.16456354343,83225.93795229585,99513.74821030651,396.84314007724555,5381.019990769095,0.6655614065707052,35856.1293588208,187.85595588273063,2.103806749554738,1.7722481878821617,1.2044472538825444,0.07289288571384635,8173.998041461725,0.35802079332910075,0.49066363019663367,30965280.347077947,90954.70410102939,4462826.302201125,1268.5447673890303,1.2455425149364834,1.2105798736963849,1.4160972376081296,1.5837900064594437,138.88907731712604,119052.51107214617,2050.0878579214527,131.57867680792978,85640.34001397277,135178.4224681876,649.2621603408637,31628.87416922242,18960.31564047887,1.0776511385486878,1.1699033880136942,1.3103218439651174,1.336374729401987,37784.50487171739,208800.9648826251,0.01017291241156898,0.025513772931808294,0.2673535296544305,1137.426325851964,12692.081665786682,20728.75647349683,185948.3251959996,591141.9912331267,256552.7166645517,299400.0515106602,95639.90867384512,31.646196320764872,66185.9118025998,26701.687074381964,34834.5375922748,103674.47097927539,61551.09093257372,107241.10406008425,36736.501097205386,22181.73750560527,52478.55018517282,233156.76384806773,251489.74876090337,1122309.4213659484,815427.1053941969,839736.7189347392,135.8424617476109,1.3763455094851729,1.2538793431041009,104.10413067589401,94622.44563433804,1.4404584281229413,136299.69930358705,10682.47060986969,16063.490600638785,17003.614621005854,940.1240203670695,0.055289653095161054,11998305.940744488,530332.4639215192,722916.3293269713,408299.58172558184,34654.15976210591,1089980.3715917638,0.07943018300806427,12.589672617252733,1273514.3338556483,3429504.0977344573,3522207.7274520798,4703018.431590105,10302314.658967976,-0.021786420471756662,-0.0064455599515173476,0.040933552830520706,1.8142264666287702,0.040933552830520484,0.03944002276336502,0.01900002276336501,-0.025445582714882356,0.4752005455757824,6.752752455615096,0.02886826752817439,0.01975822819524606,0.005898482592743233,0.12712619699826475,226817.4801759445,137.31051326473835,4.963638535555775,4.272704881326371,0.050605541133439604,0.6695638449305809,1.4267210520584792,0.04050776886791426,0.03683608804348953,30450.300000000003,25547.77733976,181168.8561005063,31986.62961398656,13661.994461451652,0,57.775,208288.96,2.40086725003314,73.30599999999998,1.0206237639029867,1.2044993639701544,182499790.25198248,3.16578023222883,0.0435,0.0304926484848485,0.03050813492075,0.0441803333333333,815925.997371918,440621.0941495575,1270.4302594481696,1.8356978885665676,3.195933288332564
2033-09-01,445526.9745485452,41988.48595433257,28239.237026431438,253207.18783419256,65102.064613801114,15421.168451703143,70077.4860919841,87693.8227697385,99639.31155987416,396.48530977931875,5405.169542426754,0.6655247484830229,36159.271525490156,189.36251829358042,2.1372970724958273,1.7916942066898094,1.2111962314007727,0.07335837620610373,8198.011357405234,0.3561952767270896,0.48606831294793956,31479717.401091002,92321.89218904542,4468528.319256701,1283.9082840167391,1.2526304341079326,1.2167957079944085,1.4274819929569864,1.5987862828489403,139.97101231651797,120714.92595669128,2090.078694561475,133.11514740306947,86340.93785705538,137019.0701186274,652.9683344024182,31959.922779116012,18927.416824690074,1.085943305839648,1.1773570811240839,1.317921400288007,1.3456923096721718,37937.51950767829,210539.36729276474,0.01034848332211197,0.02448800204692327,0.26723709449702954,1129.0584621797898,12752.49361544434,20821.996500791378,186287.24439303388,599542.2238655572,259372.85795140048,303275.56789329567,99498.8743250973,32.06890167815001,67130.61538138232,27255.86727131092,35373.327735295614,105059.28156336618,62032.89089181158,108202.64338691639,37306.650502183395,22284.32822593598,53101.53010267379,235414.02321770956,255004.48822649976,1136176.5996513339,819094.9783398928,844804.0744986077,136.8182598075386,1.387112170425765,1.263715204896298,104.33612424922971,95302.5710655706,1.4572789500496268,138882.4306994647,10705.772586618632,16110.942129045387,17053.684683685155,942.7425546397681,0.05528086764747697,12033453.341259899,536395.9543052809,735211.6181200211,413544.8980047204,35243.55425337747,1103448.0943540279,0.0796496010965628,12.55499068711788,1280889.4698903137,3459811.76461596,3535968.6877530986,4740701.234506274,10353758.422185162,-0.021792107139437966,-0.007652588414626665,0.0412177857445538,1.8287761538428289,0.04121778574455358,0.03944002276336502,0.019110058338813317,-0.02676264675343998,0.4713731115493711,6.780160591370129,0.029043838438717377,0.019873725553696975,0.005825169385232899,0.1273198215117684,227481.9110430195,138.25853513806817,4.970695172919904,4.276821375481013,0.050605541133439604,0.6695638449305809,1.4407638546212052,0.04050776886791426,0.03683608804348953,30539.500000000004,25624.418509690004,181699.56555046787,32080.330082013726,13702.015410537915,0,58.1,208288.96,2.4127825899114,73.30599999999998,1.0206237639029867,1.2044993639701544,183756647.8266137,3.16578023222883,0.0435,0.0304926484848485,0.03050813492075,0.0441803333333333,819320.0460687338,443936.02764908166,1284.7884970761454,1.8106553296140637,3.2140590461549934
2033-12-01,448822.1357262041,42193.410052420804,28515.447376249685,254347.1319212822,66040.9098845077,15577.300252185483,70930.03069198453,87272.97817124151,99780.61259110797,396.14154593646987,5429.627220635483,0.6655051403679485,36466.495771861984,190.89248460762872,2.171411670139684,1.8114085967648257,1.2182330379522808,0.07400935792812643,8226.049300735976,0.35432106152230924,0.4814304925061541,32004519.495651726,93718.28832594652,4474811.0229179,1299.6973984746212,1.2598344422156875,1.2231438210223358,1.438897778084602,1.6141273876137616,141.0566554203905,122419.65630083918,2129.7477584288035,134.67970029643632,87038.90787635968,138781.3656839582,656.6459599305631,32303.39919216458,18897.3602807353,1.0946642193974097,1.1849843771421766,1.325667277001086,1.3551788790182662,38101.82823821118,212309.51715590444,0.010716001019999448,0.0235541041882577,0.2663869215233721,1139.9440870896506,12814.731945622836,20918.95585002101,186659.75696007547,608234.2792596362,262210.7377978639,307271.29632168147,98374.37317362893,31.945725494667478,68105.53874243022,27826.058496437247,35924.742739788315,106461.10136131485,62548.738547113484,109226.26639304055,37892.7764620719,22393.07670189843,53745.16456684259,237776.15512385347,258642.46807101934,1150444.8839974185,822909.1618376165,850015.8965871191,137.8083407122159,1.398021737328006,1.2738479841410661,104.56521408106515,96007.43822344486,1.4744069031205047,141554.0296675625,10730.12811081074,16159.755331446224,17104.19433690596,944.4390054597352,0.05521680348948846,12068600.74177531,542592.3876355966,741908.4377091979,418984.9466586105,35564.577097276146,1117305.3689856478,0.07982519140406971,12.527373657497014,1288417.2285555787,3490331.0361283575,3549819.0532957744,4778748.264683936,10405655.8179055,-0.02164239727108011,-0.00880429410282186,0.041650959637046875,1.8435518651954657,0.04165095963704665,0.03944002276336502,0.019220070193887405,-0.028024364296709264,0.46747092956320785,6.8085309966292975,0.02941135613660486,0.02011976614770984,0.005758539865452102,0.12751678325180082,228146.34191009452,139.2074633166106,4.977711302891671,4.2808973622432935,0.050605541133439604,0.6695638449305809,1.4549448764269508,0.04050776886791426,0.03683608804348953,30628.700000000004,25701.070208788,182230.27500042945,32174.03055004089,13742.036359624182,0,58.1,208288.96,2.4247570648061476,73.30599999999998,1.0206237639029867,1.2044993639701544,185022161.25208503,3.16578023222883,0.0435,0.0304926484848485,0.03050813492075,0.0441803333333333,822793.324494146,447282.5579715401,1299.4140306284846,1.829976295792246,3.235839829107956
2034-03-01,452166.3452841969,42406.285913367654,28796.973826220594,255499.9469435749,66998.48597521504,15742.112046090371,71800.3005377294,87247.9931877796,99939.7481575204,395.8085383630506,5454.371941049476,0.6655063955499505,36778.14018593517,192.44661429150938,2.206170396831707,1.8313350141019213,1.2255258291671587,0.07481711719096634,8257.203851806094,0.3524163055393084,0.47677547647835317,32540272.57648649,95144.85428038448,4481594.164532839,1315.9495050201278,1.267139961886792,1.2296220834702654,1.4503461591557467,1.6298648974457348,142.14710383084108,124171.0308910199,2169.132279101235,136.27207762782757,87736.6378293962,140421.00455691974,660.4393042952242,32658.070354364972,18868.398926303253,1.1037501477028664,1.1928178428622693,1.333565377602352,1.3648385866978687,38272.30059578674,214102.7993848302,0.011235218019860185,0.022715070465663196,0.2649756728301266,1152.8150222926924,12879.385337997104,21017.700306588493,187059.1479861989,617134.0761578896,265066.6918411477,311369.9998044197,97568.52189024573,31.85745374375639,69116.51684124548,28414.118662077537,36489.79631661211,107882.90638627917,63075.910342477786,110308.51179025041,38490.4504873562,22506.562905537805,54402.96686634459,240227.36304948898,262388.51074310386,1165018.8688541146,826793.5678354914,855294.1933234595,138.8135370043026,1.4090807260916394,1.28423210324476,104.79029267930623,96722.79730890028,1.4918394644093123,144294.88613348026,10755.434690673188,16209.806631722664,17155.24579963485,945.4391679121854,0.05511078708581851,12103748.142290719,548924.3312390106,749020.934726869,424539.1025772535,35905.52610888216,1131459.5381721992,0.0799834079608882,12.502593043909794,1296099.476677198,3521055.8703537225,3563764.1261083363,4817155.347030921,10458007.973065047,-0.021353510204898594,-0.009873657759095582,0.042228388966207564,1.858560935266312,0.04222838896620734,0.03944002276336502,0.019330058333700516,-0.0292037160927961,0.4635204155972658,6.837997695437694,0.029930573136465594,0.020469054833657265,0.005698773910464682,0.12772889145644453,228810.77277716948,140.17033544412288,4.98478044865348,4.285026364795616,0.050605541133439604,0.6695638449305809,1.469265477927738,0.04050776886791426,0.03683608804348953,30717.9,25777.732437054,182760.984450391,32267.73101806805,13782.057308710446,0,58.1,208288.96,2.436790968200423,73.30599999999998,1.0206237639029867,1.2044993639701544,186296390.1403655,3.16578023222883,0.0435,0.0304926484848485,0.03050813492075,0.0441803333333333,826351.6464112463,450663.03688566,1314.372117600918,1.8375907362367938,3.258872822475878
2034-06-01,455161.7632384171,42628.052577651164,29081.86140568108,256666.7385353918,67913.97973364947,15913.53548545925,72663.90814360137,87518.12147015332,100115.82871009984,395.4616105904121,5479.074851269731,0.6655221777943463,37096.166132195365,194.02290911233328,2.241594561886725,1.8514285329626532,1.233024771932644,0.07566201261818047,8286.370009759281,0.3505084260749465,0.47214074445810367,33085941.61333154,96593.45110915006,4487982.265954207,1332.646549341713,1.2745488708224366,1.2362237075549043,1.461906833736306,1.6460404675367661,143.2454417768603,125927.91057704401,2208.281397282173,137.89189401777116,88406.24553304528,141874.16504845634,664.1726097755613,33002.9107509782,18833.67141736633,1.1131028048227298,1.2010105377282059,1.341599027092138,1.374656858008559,38429.059212402884,215762.21508123368,0.011734758950302227,0.02196327418855632,0.2642905851757426,1166.791591816902,12946.73899236487,21110.4578715773,187450.01721144633,625691.2397932784,267955.37988002854,315422.2446907323,97144.40630294173,31.81099675317764,70167.49959509876,29021.339719451906,37066.25361602542,109289.89553190842,63612.97931672642,111439.20974436411,39084.50404734425,22619.43783636748,55047.87563949774,242709.89826757356,266040.15604222025,1179474.3296778712,830442.4617793491,860211.6321369682,139.83677272821535,1.4202962852973648,1.2947979513589123,105.00988956851573,97363.54646385869,1.5095724149717495,146977.32396566132,10780.214477577261,16259.289328846993,17206.680050613115,947.3907217661217,0.055059468278656945,12138895.542806128,555361.1179319314,756372.1974029001,429893.27556346095,36257.92073726959,1145498.5975084666,0.08015242005767681,12.476229654455985,1303939.032321647,3551982.710613799,3577811.104303145,4855921.742935446,10510821.347164381,-0.0210933363880877,-0.010864821149833608,0.04283391727979054,1.8737840660406897,0.04283391727979054,0.03944002276336502,0.019440022763365115,-0.030304843913198723,0.45955758072786734,6.868501021032272,0.030430114066907637,0.02080448007170223,0.005645298763892852,0.1279448481153394,229475.20364424447,141.19087954708056,4.99221095759754,4.289516730530188,0.050605541133439604,0.6695638449305809,1.4837270329661247,0.04050776886791426,0.03683608804348953,30807.1,25854.405194488,183291.69390035255,32361.431486095214,13822.078257796711,0,58.1,208288.96,2.4488845950338027,73.30599999999998,1.0206237639029867,1.2044993639701544,187579394.5139648,3.16578023222883,0.0435,0.0304926484848485,0.03050813492075,0.0441803333333333,829938.0113390348,453999.89274039376,1329.7142224715926,1.8414100151715518,3.282809533838993
2034-09-01,458204.2194862369,42855.4146354717,29370.32988710964,257826.5906455168,68875.76116942779,16092.067335960974,73548.17550271325,92145.40074781913,100308.79811567719,395.13030879184106,5503.763225331107,0.6655400190021392,37414.58530341362,195.62623978665368,2.2776663354484272,1.8716634801406624,1.2407162689879636,0.07660462764339292,8314.286184913586,0.3486005986518935,0.46753253257051186,33643713.13726093,98066.20270231838,4494421.268986072,1349.9901961498117,1.2820375609173746,1.2429598785564766,1.4734658036572386,1.6626974224264868,144.35129292282042,127704.15709220177,2247.6724899488504,139.54293590972165,89055.35920112875,143295.0931601367,668.1463084966915,33355.78095872234,18801.26146631208,1.1227013435432662,1.2092048637679575,1.34979806386777,1.3846655277688367,38594.65317520023,217355.21884102965,0.012377033169632883,0.021301475823009657,0.2627903800969699,1159.852110124979,13015.79204643079,21206.04165379516,187871.75441098463,634459.5878716959,270852.95696686575,319575.9420590261,100992.2235039334,32.23248092590411,71255.58745141713,29645.631373352804,37653.86609180872,110692.23742414489,64130.15095972646,112616.82241368103,39690.5737217501,22734.576810037648,55711.8808574799,245272.72480294868,269676.15616550465,1194286.5867764559,834202.5332801591,865142.9717462534,140.87628788902964,1.4316506504235493,1.3055327320060832,105.22411647515426,98014.35756921442,1.5276472069223916,149731.35957890298,10804.732848883663,16308.49607421477,17256.707769743516,948.2116955287456,0.054947423482522434,12173905.033117725,561823.2824828445,768695.6337460318,435497.84784816403,36848.66452673499,1159884.1753081952,0.08036123530472819,12.443810703108534,1311936.7130177135,3583080.1754317507,3591968.0677527366,4895016.888449464,10564073.456127992,-0.020700904056371944,-0.01177646140299517,0.04352669041738809,1.8892682966600567,0.04352669041738809,0.03944002276336502,0.019440022763364893,-0.031216484166360064,0.45559285695640045,6.9008646162298355,0.031072388286238293,0.02123701063417176,0.005598285166157216,0.1282158558337414,230137.02743953167,142.1899654033948,4.999438318372587,4.293803948095748,0.050605541133439604,0.6695638449305809,1.498330928907003,0.04050776886791426,0.03683608804348953,30895.95,25928.880723982504,183820.3209701854,32454.76429533528,13861.942174011,0,58.425,208288.96,2.461038241709628,73.30599999999998,1.0206237639029867,1.2044993639701544,188871234.8087623,3.16578023222883,0.0435,0.0304926484848485,0.03050813492075,0.0441803333333333,833570.4901326215,457303.6761046549,1345.5232950450759,1.8444204078610804,3.3077937226004828
2034-12-01,461339.7370950072,43088.720419122634,29660.123168061786,258995.97617054885,69867.6970862712,16275.974445121688,74453.9223869504,91646.78359950938,100518.39328036975,394.8032696100414,5528.622477898582,0.6655702420721813,37738.71448621181,197.25378654591927,2.314410454185903,1.8919323504456114,1.2484789557293547,0.07763325087311258,8342.630743619402,0.34675908130569494,0.4630397357114768,34212491.76841602,99564.56089989864,4501068.209151782,1367.8038393134896,1.2896276551279846,1.249781504119053,1.4850836723349423,1.679857805058949,145.46194141970426,129495.54661736626,2286.7523207403397,141.22163323375943,89698.12977068266,144662.8640893038,672.3384653443549,33720.24957080387,18771.098156129745,1.1323011509842171,1.217438840312186,1.3581468098747735,1.3948444840897314,38769.18840571686,218979.04385951537,0.013080428892156224,0.020727288891090094,0.2610678223793987,1169.385525032063,13086.65029361052,21304.475281792686,188324.15512400903,643497.188075918,273773.6127463537,323813.3901065134,99659.23612033209,32.086467470668445,72382.92330606606,30287.880249807207,38250.51509203473,112103.06249013872,64675.96515282171,113817.09240644687,40306.62599489246,22852.66397058481,56394.41412761863,247889.66749954276,273390.7280043403,1209470.0866083426,838074.71190932,870186.5743270398,141.93118195977803,1.4431530767174945,1.3162924710126038,105.4316906962707,98685.07540855509,1.546024756897358,152569.56971790883,10829.675749932085,16358.298227830666,17307.05976977939,948.7615419487229,0.05481933310558941,12208914.52342932,568420.9910337721,775211.4256787406,441273.6311474903,37161.00951806054,1174630.3018876913,0.08059070166309011,12.408379370867197,1320093.5428475442,3614325.017862956,3606239.7366227787,4934418.5607105,10617746.797259068,-0.020243575200335588,-0.012596715201401716,0.04430924678062077,1.9049863950959602,0.04430924678062077,0.03944002276336502,0.019440022763365004,-0.03203673796476672,0.4517025778569646,6.934233624940196,0.03177578400876163,0.021711115270187605,0.005557540936263383,0.12851292613659165,230798.85123481884,143.1950781804289,5.006658397173799,4.2980838836874735,0.050605541133439604,0.6695638449305809,1.513078566770697,0.04050776886791426,0.03683608804348953,30984.800000000003,26003.355732816,184348.9480400182,32548.097104575347,13901.806090225293,0,58.425,208288.96,2.473252206102271,73.30599999999998,1.0206237639029867,1.2044993639701544,190171971.87685135,3.16578023222883,0.0435,0.0304926484848485,0.03050813492075,0.0441803333333333,837265.1702187851,460593.84248627635,1361.8342449282982,1.8429190942336415,3.332400409249181
2035-03-01,464509.03148757876,43328.56628494953,29951.466423326223,260175.7492947317,70877.7445485184,16466.327197400835,75375.49989448301,91579.20345020028,100744.42497102561,394.4804453751703,5553.631663946846,0.6656081510804798,38067.0520372903,198.9059274277903,2.3518428512738923,1.9121296855998458,1.2562649119810896,0.07871810726045858,8370.99310558364,0.3449978157373589,0.45867980835347,34792740.694572926,101089.42996455394,4507882.248774218,1386.0906302523356,1.2972888294443556,1.2566815490303629,1.4967514449506665,1.6975310722151336,146.57884574417807,131306.02377622208,2325.578834465671,142.92880962916138,90335.47084146332,145961.9428752403,676.3597998402414,34095.7522421854,18741.600036541884,1.1418388580945495,1.2257068220014955,1.36664517626231,1.4051951548480563,38947.72222594949,220625.47059802405,0.013830720179289354,0.020237624140139326,0.25912539645236154,1179.7731241828587,13159.494855712017,21403.894259351702,188798.6414928687,652725.8409400918,276715.77768464485,328121.34765880974,98713.75564245757,31.982900945485476,73551.58758323485,30949.06390278187,38855.7028164588,113522.91836237196,65229.13245841046,115033.89916830791,40927.02160074651,22971.707020012866,57089.12168244546,250540.62047151272,277164.03740161314,1224926.6068178941,841985.6521986262,875269.4547080441,143.0015344016873,1.4548069981369223,1.3270255468494785,105.63262049218596,99363.01843182954,1.5647140816930385,155474.7141398086,10854.946402931591,16408.578066878435,17357.616357582814,949.0382907043786,0.05467560771525886,12243924.013740914,575128.7484870869,782247.6409293794,447160.6207033838,37498.301840179214,1189641.5842673918,0.08079803570607343,12.376538504448222,1328408.273231837,3645708.5169731784,3620631.141849647,4974116.790205015,10671836.431980452,-0.0197334615552702,-0.013326557594420224,0.04515392552589903,1.9209420122623433,0.04515392552589903,0.03944002276336502,0.019440022763365004,-0.03276658035778523,0.4479121799403113,6.968573778453808,0.03252607529589476,0.022217144615228876,0.005522827806356653,0.12880235063993462,231460.67503010598,144.21190224568733,5.0139104179857,4.302395761289889,0.050605541133439604,0.6695638449305809,1.527971361367368,0.04050776886791426,0.03683608804348953,31073.65,26077.8302209885,184877.575109851,32641.42991381541,13941.67000643958,0,58.425,208288.96,2.4855267875644316,73.30599999999998,1.0206237639029867,1.2044993639701544,191481666.98940983,3.16578023222883,0.0435,0.0304926484848485,0.03050813492075,0.0441803333333333,841021.3182418148,463876.4401505297,1378.674899795121,1.8374700716294878,3.356418173455955
2035-06-01,467303.6104931622,43574.23858545332,30241.985482372926,261365.85972319855,71838.9200627174,16660.87036653504,76286.67674813338,91834.6293628486,100986.69260325527,394.13664941830837,5578.466822423943,0.665650441118894,38401.958279382525,200.5794777432251,2.389977669554785,1.9322046717243513,1.264039351538242,0.07974745468188497,8394.549185504502,0.34332881050458114,0.45446741366444,35382475.63662477,102631.90264911109,4513977.7721371045,1404.7665942239428,1.3050261298470864,1.2636438771042247,1.5085581477732506,1.7157169033566861,147.7048721005813,133092.47551304934,2364.2200424675702,144.6637702607728,90941.8092930817,147105.99051695867,680.1630161691235,34459.904703565175,18705.83143283848,1.1512559616740443,1.2341934009930815,1.375267530287294,1.415694935989379,39109.810587845124,222135.64658931294,0.01446015332017788,0.019819406809438774,0.25827696074727285,1190.11042846684,13234.108987954689,21496.290781906573,189259.62540584547,661559.3553866808,279696.0369458565,332338.84739400033,98224.58113204001,31.929317497241342,74761.0576919594,31629.22495766598,39466.58127295291,114918.0593477458,65787.62662710976,116261.53190924175,41535.23347354499,23086.61371449821,57767.09570755624,253169.34580484117,280788.19866828324,1240199.0893665291,845620.343480419,879953.336594201,144.0896316469662,1.46661455499808,1.3376828008718114,105.82604087791655,99960.80617419428,1.5837075745970162,158308.68590089565,10879.105690082413,16457.572512506355,17408.292819350525,950.7203068441704,0.05461306583707791,12278933.504052507,581921.0029035109,789601.2920936219,452814.4267538904,37850.810964599885,1204474.1303429913,0.08102436487519925,12.341966537353136,1336879.9009551138,3677223.0061341706,3635147.8706914606,5014102.907089285,10726339.277706536,-0.01933260167400578,-0.013973348184744886,0.045954699687701314,1.937104391896408,0.045954699687701314,0.03944002276336502,0.019440022763365004,-0.033413370948109894,0.4442367078759682,7.003540990480971,0.03315550843678329,0.022640670136790775,0.005493204056931608,0.1290829911418768,232122.4988253931,145.28786075498158,5.021519820914159,4.307065021008861,0.050605541133439604,0.6695638449305809,1.5430107414327447,0.04050776886791426,0.03683608804348953,31162.5,26152.3041885,185406.20217968375,32734.762723055468,13981.533922653867,0,58.425,208288.96,2.497862286934479,73.30599999999998,1.0206237639029867,1.2044993639701544,192800381.8395816,3.16578023222883,0.0435,0.0304926484848485,0.03050813492075,0.0441803333333333,844774.6630259437,467075.30289315304,1396.0494004309323,1.8276861311437465,3.379275499418366
2035-09-01,470100.59904328093,43821.11665505013,30531.290643345892,262543.83674986736,72832.41933275714,16858.508106907302,77213.18321627972,96671.5210805066,101245.00773928083,393.7851247369619,5603.210316507014,0.665682905305749,38738.36650484711,202.27535853294805,2.4287776091260422,1.9521119224901586,1.2717666816291653,0.08070933221096442,8411.562435215568,0.34175775201133946,0.4504112132386882,35983092.830524094,104192.54829090087,4519718.439019967,1423.9951222510947,1.3128153782083445,1.2706738336641357,1.5204042602013204,1.7344194036300267,148.84027843049068,134851.85737827094,2403.1943369819114,146.43032337015978,91520.89986609381,148262.9516362096,684.0238969300659,34829.29298476839,18671.174032509552,1.1605086046929047,1.2425704449991815,1.3840112046964064,1.4263488646065392,39276.54309424345,223570.0852504562,0.015017989397120509,0.019463442240272865,0.25783169478920503,1177.9770266688138,13309.089329226119,21589.938882222847,189743.6637482567,670527.45614328806,282692.940451151,336585.2610189835,102308.95914787124,32.376714189750835,76004.19501525388,32324.818160682735,40081.947873133024,116293.21154399561,66320.07005327649,117495.70266363514,42145.977097821065,23200.249026232555,58459.3160993436,255820.11588703236,284328.9854305223,1255735.7696972908,849304.2692102281,884587.6625206829,145.1923226911419,1.4785464169836546,1.3482406254495165,106.01320548218689,100559.10934166778,1.6030469263588352,161200.97114754256,10902.665157180929,16505.875473687942,17458.781056469692,952.9055827817501,0.054580300574400054,12313805.084160287,588741.6375295202,802293.2334213455,458645.598589654,38459.21963462078,1219563.263765408,0.08131948162999471,12.297176272593822,1345505.064852966,3708835.3692930327,3649794.7522972086,5054340.434145998,10781223.686368996,-0.018970900608360267,-0.014525447765207911,0.046720442205483645,1.9534824289860773,0.046720442205483645,0.03944002276336502,0.019440022763364893,-0.03396547052857281,0.44069065337072827,7.039884307109728,0.033713344513725915,0.02301595890098414,0.005468007559554626,0.12940036755617762,232781.71554889245,146.35318007227167,5.029001685242922,4.311606742128137,0.050605541133439604,0.6695638449305809,1.5581981497651882,0.04050776886791426,0.03683608804348953,31251,26226.873061207498,185932.74686938783,32827.727873508426,14021.240805996182,0,58.75,208288.96,2.510259006543821,73.30599999999998,1.0206237639029867,1.2044993639701544,194128178.5453869,3.16578023222883,0.0435,0.0304926484848485,0.03050813492075,0.0441803333333333,848532.9888015741,470198.6706059878,1413.990592391307,1.8103200754722826,3.3988890005480776
2035-12-01,473000.52547638456,44068.65941685211,30818.07703216598,263723.55383076053,73864.38287277154,17058.192236066818,78159.73728685478,96151.39419041219,101519.17859436187,393.4365460808538,5628.015853479317,0.6657072348312738,39077.099724457046,203.9931924957406,2.468269029933365,1.9718008171564492,1.2794104395446826,0.0816512014149317,8426.918527450262,0.34029699631073973,0.4465250985794629,36596159.52816645,105773.98586581425,4525451.340681349,1443.738126864027,1.3206735666309335,1.2777337742284562,1.532311636421359,1.7536267978806863,149.98171718297243,136597.82613480606,2441.932358310437,148.22618120813496,92091.0729463444,149454.05388811673,687.8779667653308,35211.169137341094,18638.627282565543,1.1695364509096158,1.2508229415667418,1.3928774700365218,1.4371532686948276,39451.112135235664,225042.34515479364,0.015561197320569046,0.019164621270259842,0.25723275080719976,1179.7170808931696,13384.271546866989,21686.044689797825,190255.9627019609,679774.2517543446,285713.7421748793,340891.3076678403,101003.8578055012,32.233755329992306,77279.98210006893,33035.98294735012,40700.6197107775,117667.87303805447,66875.18832399895,118730.37983250942,42760.560640234624,23313.62260434476,59169.45542820647,258492.8895052953,287921.5257306607,1271619.0038241085,853084.876123208,889328.2299812633,146.30835308100302,1.4906125449010024,1.3586585452264046,106.19411122750607,101179.43192764775,1.622707091829249,164184.58173624874,10926.166160734674,16554.18201421399,17509.061303939758,954.8792897257663,0.05453628875768863,12348676.664268065,595627.7630609189,808964.7706106157,464688.87382479955,38779.03052591859,1234988.9682155738,0.08162864806685897,12.250601028954167,1354280.068407834,3740516.779441997,3664571.956721455,5094796.847849831,10836457.304497076,-0.018604970375544757,-0.01500154642585396,0.047485033718817904,1.9700724797296243,0.047485033718817904,0.03944002276336502,0.019440022763365004,-0.034441569189218965,0.4372875779744212,7.07738385384685,0.03425655243717446,0.0233816684435606,0.0054468684504304105,0.12972520212527816,233440.9322723917,147.4087994016407,5.0363647617308,4.3160296754065275,0.050605541133439604,0.6695638449305809,1.5735350433641064,0.04050776886791426,0.03683608804348953,31339.5,26301.443619397494,186459.29155909183,32920.69302396139,14060.947689338496,0,58.75,208288.96,2.5227172502243165,73.30599999999998,1.0206237639029867,1.2044993639701544,195465119.6526465,3.16578023222883,0.0435,0.0304926484848485,0.03050813492075,0.0441803333333333,852313.023555954,473275.0335969848,1432.5167793865628,1.7910293677387612,3.4166167696113803
2036-03-01,475940.6618642458,44317.83658374954,31101.954593888837,264907.5930502331,74912.08625966075,17261.179870391643,79119.93387439595,96097.66303006656,101809.01299796108,393.089104298242,5652.892899969399,0.6657303693735208,39419.759595361895,205.73205469649295,2.5084707010811282,1.9912294212747195,1.286949500595358,0.08257624744588017,8440.843935974575,0.3389490933423426,0.4428101715669136,37220631.148971304,107377.31687383191,4531172.936894252,1463.8941622352788,1.3285812998620177,1.284812848256365,1.5442953496325635,1.7733142479533213,151.12973144424774,138344.26437319638,2480.503548206685,150.04995223953142,92656.17136271531,150636.34355353456,691.4316221970754,35604.58992491407,18606.37396723685,1.178314652464597,1.2590301005105473,1.4018609552380887,1.4481008113139409,39628.18037420756,226554.19853115198,0.016073845306045293,0.018917212865441457,0.25657450262517956,1184.0392194725573,13459.950156317922,21782.56267115924,190787.13001056472,689210.0590623032,288761.3573661715,345242.0543025588,100150.04044791573,32.14022944666067,78589.45105243,33763.89060513586,41321.47526259828,119045.83824806928,67436.97857736527,119963.05176845616,43374.07966157272,23425.984886107042,59889.96257578197,261171.94989191787,291563.81265744765,1287737.1874085437,856881.697129547,894105.7367340296,147.4376078704973,1.5028179574241283,1.3689180705085067,106.36921416692957,101808.35581565821,1.6426728371678827,167237.8206951046,10949.649856246995,16602.542756216393,17559.314783123435,956.7720269070414,0.054488000916947846,12383548.244375844,602606.01476707845,816266.8689206146,470830.69878851005,39129.06838115543,1250642.8542101907,0.08191498710812772,12.207778274810698,1363199.9699993124,3772257.205062942,3679479.111588635,5135457.175062254,10892024.786576679,-0.018244524975709147,-0.015401157416312983,0.04825787716412573,1.986865611528941,0.04825787716412573,0.03944002276336502,0.019440022763364893,-0.034841180179677876,0.4340310996766837,7.115537558767372,0.034769200422650706,0.02372704076234864,0.0054293750237213384,0.1300277842094241,234100.14899589104,148.47499335773625,5.043747778699102,4.320472549165343,0.050605541133439604,0.6695638449305809,1.5890228935697308,0.04050776886791426,0.03683608804348953,31428,26376.01586307,186985.83624879588,33013.65817441435,14100.65457268081,0,58.75,208288.96,2.5352373233157204,73.30599999999998,1.0206237639029867,1.2044993639701544,196409858.95568708,3.16578023222883,0.0435,0.0304926484848485,0.03050813492075,0.0441803333333333,856113.6780444861,476317.93944179016,1451.6206723206117,1.7691566230402689,3.431837028175444
2036-06-01,478404.53363683017,44568.75159717683,31381.854020707266,266095.29387706274,75782.58692777687,17461.25145914853,80019.18284550667,96416.15186538096,101583.86596434936,392.67222160629206,5676.926376148848,0.6657455550665612,39772.15421170979,207.4830081112146,2.549799890545984,2.0103597153689203,1.2943220496447299,0.083188322381928,8441.216932175606,0.33773472843519636,0.4392720008276548,37851991.1462102,108989.8910493721,4534406.239698853,1484.3204927851093,1.3365795522089807,1.2919023365620637,1.5566081154498381,1.7934521352610948,152.2929317461916,139996.90722826307,2519.016262799484,151.90056942747685,93181.43925901144,151566.9487292372,694.3947303793834,35980.26685091579,18553.288938036872,1.1868051283989276,1.2678053916961254,1.4108904248535588,1.4591303187458973,39744.79493001397,227907.87209734868,0.016102203497564183,0.01868829988492585,0.2595386324687508,1187.7008268296486,13536.15657419712,21854.1299984017,190697.0798308019,698054.5599102363,291883.2939161905,349240.19531161094,100097.74050390511,32.13450058858776,79931.92271787811,34514.490551301125,41944.34439448452,120381.31790095038,68000.49746683914,120560.2530890791,43934.66256322222,23521.95974933923,60528.51341543,263064.25981707056,294986.1841432093,1302788.502531741,859697.0103813637,898364.7738695312,148.58508083489897,1.5154042687560976,1.3794876148626778,106.57993620995057,102335.4020510542,1.662932480981572,170176.86402500622,10969.09623570494,16646.022611853787,17609.36258306275,963.3399712089631,0.05470612092492918,12418419.824483622,609585.2899062475,823816.2072410204,476094.7308153843,39490.95808490177,1265260.6037706998,0.08226239604535467,12.156222625082044,1372259.517856107,3804050.619318226,3694516.8171993224,5176310.1371743325,10947915.454299444,-0.018315726221183725,-0.01572962983382206,0.04877039266318009,2.0037755147145764,0.04877039266318009,0.03944002276336502,0.019440022763365004,-0.03516965259718706,0.43094897007306493,7.153937598540537,0.034797558614169596,0.02374328024106653,0.005413196341574306,0.1302853482417577,234759.36571939036,149.70275079550714,5.052159039387493,4.325943666644247,0.050605541133439604,0.6695638449305809,1.6046631862042693,0.04050776886791426,0.03683608804348953,31516.5,26450.589792225,187512.38093849993,33106.62332486731,14140.361456023124,0,58.75,208288.96,2.5478195326731687,73.30599999999998,1.0206237639029867,1.2044993639701544,197359164.4562782,3.16578023222883,0.0435,0.0304926484848485,0.03050813492075,0.0441803333333333,859733.8836802609,479236.28315393586,1471.2641364945694,1.6646556589459127,3.441792971874791
2036-09-01,480957.9404003471,44816.19680637898,31656.348161062804,267215.0035389087,76850.77808199446,17661.916586507148,80982.76560721405,101550.40708480032,102021.19362196716,392.2829755608495,5701.134672232737,0.6657198213237937,40114.510899118475,209.2545027857315,2.591298678985054,2.0291403136761117,1.3015359511371338,0.08373669222191976,8433.613662113783,0.33662760712930306,0.435921363816955,38496637.199981004,110616.40763094818,4538129.118002875,1505.5752528864894,1.3445390542181097,1.2990498917332998,1.5687403002670275,1.8140487006994197,153.4659062007752,141622.59438587574,2557.9871992743233,153.78445544467834,93678.83856020225,152855.92700610968,697.2193556276746,36366.26069911622,18517.455614295213,1.1949535143575485,1.2757011776331746,1.4200185030544452,1.470297307730682,39913.10643704647,229196.3359587973,0.016217330484219958,0.018481901727557773,0.2610610998929847,1119.709661845991,13611.309163741662,21945.957165851836,191358.71283916067,707151.1652960212,294984.24065187795,353484.31536070764,104598.87043144897,32.627547665604894,81298.76358690127,35270.96745526093,42563.19641647458,121693.48389963678,68468.02771756971,121910.58385752157,44531.4264074391,23622.739933926445,61253.0104864933,265836.63168538036,298307.2711192793,1318959.2055898432,863309.3041993873,902603.8988075745,149.7403384389932,1.5277945166956475,1.389205789175742,106.73587525277439,102881.60069544823,1.68355633552194,173206.9706594603,10988.995293287002,16690.12996551974,17658.12802112684,967.9980556070986,0.05481883433824092,12453291.4045914,616461.7053549979,837218.6335461127,482343.450672669,40133.42499778631,1280965.49637217,0.08267148384562414,12.096069327452028,1381452.4758181912,3835856.3367528617,3709685.772518522,5217308.812571052,11004083.085015366,-0.01828585519000843,-0.016021283946670614,0.049233506547691375,2.020883795944727,0.04923350654769115,0.03944002276336502,0.019440022763365004,-0.03546130671003562,0.42802518868111966,7.194947935854647,0.03491268560082537,0.02381918514973942,0.005398614683451836,0.13060388444405724,235418.5824428897,150.7580114831197,5.059359494314558,4.330203978361825,0.050605541133439604,0.6695638449305809,1.6204574217144478,0.04050776886791426,0.03683608804348953,31605,26524.86444825,188038.925628204,33199.58847532027,14180.06833936544,0,58.75,208288.96,2.5604641866746976,73.30599999999998,1.0206237639029867,1.2044993639701544,198313058.22417107,3.16578023222883,0.0435,0.0304926484848485,0.03050813492075,0.0441803333333333,863351.6783260934,482062.84447415615,1491.5226035760386,1.6490008936588252,3.4503185674228387
2036-12-01,483588.9741769019,45061.24030137461,31925.99673161352,268364.29935089673,77853.42489043572,17857.078348758427,81932.3622535145,101074.45687056417,102013.34757912137,391.8762777784873,5725.176075864837,0.6656946183660848,40465.102306864035,211.039003301173,2.633855967808961,2.047563582217777,1.3085759216861508,0.08418987584290609,8428.4381149932,0.33564274185416415,0.4327333884929175,39154562.69222114,112257.5218602863,4541202.373247581,1527.0661048462903,1.352632705898161,1.3061239630840042,1.581146283321743,1.8350510657803476,154.64206508813967,143221.43505014107,2596.8371296188498,155.69109601839997,94177.08157886041,154090.04607287745,700.1727340610626,36762.28977328019,18473.22277766268,1.2028137820069742,1.2838556522658675,1.429207576348766,1.4815502075335976,40058.47712589204,230568.14654138495,0.016148370376482337,0.018285304533195216,0.2634939354820076,1149.2958119880059,13685.732318909406,22027.564928673073,191533.61241134917,716461.3453767489,298149.5925559767,357626.59031612985,103654.45036133949,32.52409729591119,82689.67704042183,36046.24774199551,43184.14734757824,123006.94187095357,69071.18757063283,122703.06041683498,45102.8397528885,23716.951478668798,61947.2562703395,267988.9789187318,301715.9248718603,1334882.1935511793,866519.5876087913,907011.0943029115,150.90751740469454,1.5405101370825247,1.3991746698912693,106.92346135242795,103444.4045160701,1.7044292957191882,176313.6735354162,11007.849466975136,16733.025542839972,17706.90375488675,973.8782120467768,0.054999912521198624,12488162.984699178,623447.6613908678,844273.7978885657,488289.13496863487,40471.625675171614,1296429.809514819,0.08307265527827008,12.037655431264122,1390771.281410231,3867646.2902684673,3724981.4632983427,5258417.571678698,11060487.534902832,-0.01839107047068964,-0.01625413631397676,0.04965043499573411,2.038117681607887,0.04965043499573411,0.03944002276336502,0.019440022763365004,-0.03569415907734176,0.42526008760288825,7.235942555448007,0.03484372549308774,0.023770604571530067,0.0053847305280745805,0.13088284350288334,236077.79916638898,151.90159505873507,5.067092569424648,4.334996910262428,0.050605541133439604,0.6695638449305809,1.6364071153154556,0.04050776886791426,0.03683608804348953,31693.5,26599.139104275,188565.470317908,33292.55362577323,14219.775222707754,0,58.75,208288.96,2.573171595228803,73.30599999999998,1.0206237639029867,1.2044993639701544,199271562.4357843,3.16578023222883,0.0435,0.0304926484848485,0.03050813492075,0.0441803333333333,866886.7968757374,484825.49371436227,1512.3423506423092,1.5748387835260447,3.4539440847171976
