date,Cpr,Idwell,Imin,IvtNonfarm,Tcit,Tprl,Toth,Ytsf,Xmin,LavhMkt,LempNonmkt,Lpar,Lwge,Pcpi,Piret,Pxagr,Pmgs,Rmort,Peq,Rtwi,Rusd,Whh,Ygdw,Lhrs,PhouseSa,Pimin,Pinonmin,Pgov,Pidwell,Pxsvc,Tpit,GovDebt,PcpiRent,Inonmin,Ynli,EqEarn,Tgst,Xoth,Pxmin,Pxoth,PconsExrent,Ppcd,Xsvc,Mtot,R90d,R10y,GapAvh,Ivt,Iotc,Xagr,Xtot,CprNom,CgovNom,Ttot,FiscalCovered,GovDef,IdwellNom,IotcNom,IminNom,InonminNom,YgovIvtNom,XminNom,XagrNom,XothNom,XsvcNom,XtotNom,MtotNom,YgdpNom,Ygdp,Ygne,Pgne,Pgdp,Pxtot,Ptot,CconsRent,PconsRent,CconsRentNom,LempMkt,Lemp,Lsup,Lune,Lur,Lhh,Ywss,Yhdi,Ygoa,SavHh,Wfor,EqYield,PeRatio,KMin,KNbiz,KDwell,KBiz,KTotal,R90dReal,R10yReal,RmortReal,PcpiExGst,RmortRealExgst,Fr10y,Fr10yReal,Rdif10y,RtwiNom,PhouseReal,Rbiz,RbizReal,KdepAllow,CostCap,GovDem,Pulc,UlcDom,UlcExp,RmortRealHpf,LparHpf,PpcdHpf,LurHpf,InflExp,Lpop,Lpop15Plus,Cgov,Igov,Ipubent,IvtFar,Lnom,IntStu,Fpcpi,Fpoil,Fpcom,Fpagr,FcGdp,FcPpp,Fr10yUs,Fr10yJp,Fr10yDe,Fr10yUk,YgdpHpf,CprHpf,PhouseHpf,YgdpAnnualGrowth,PcpiAnnualGrowth
2025-03-01,350569.7860200052,35109.73723576575,18999.346228149054,217910.4921026156,38500.406078376756,11234.793116616309,46030.70836747911,43045.44551711193,89228.70513955168,415.256609238954,4525.548834532768,0.6699517562487675,25428.61071937599,140.0318627545322,1.2374931760401133,1.0749961133791202,0.9997543423349732,0.08835011203732801,9003.784183832668,0.4162306922229277,0.6413635985027298,17563221.33650774,57626.84880750133,4333739.7600405505,786.2421308034078,1.0308913355210567,1.019543148304062,1.0397164084558148,1.0517642943507286,104.95535248433075,87152.27630678353,844.7858146148905,96.85820969031543,61456.82865682738,82501.21309090033,507.4322694517838,22645.87150545156,19353.388611850958,0.8926840615967223,0.9420024306785433,1.0304359985195644,1.038784808884516,32202.851945514994,155775.3180368274,0.04377826481883687,0.043643923705813055,0.08931342490370221,147.49210261559347,10391.170958636734,17134.19925295707,165964.1449498747,364166.56866138655,162326.34550459078,205564.05537470727,39915.07691237639,14.50104636840998,36927.168008614666,12859.003152379162,19586.26140716353,62657.887979044346,39241.987790050676,79653.04291499133,18419.197602792276,18230.93911423004,33798.61676942242,161691.35640143606,155737.05063592966,703719.5282687362,682056.331589137,672297.4855742947,103.84826432371767,1.0317616081949268,0.9742547491222932,97.44941410775726,74589.81111244205,1.0688342758017622,79724.14674255723,10059.4507401782,14584.999574710968,15181.143883374256,596.144308663288,0.03926872946789906,10809825.733587878,340755.42746245855,430976.6126884231,247522.71137740082,12590.864996744067,644440.4913029394,0.05635766685333672,17.743814743118556,1137697.0257592143,2537800.320859408,3102677.61831014,3675497.3466186225,8834487.476071702,0.02536471751314809,0.025230376400124273,0.06993656473163923,1.3523633593985729,0.0632978507789903,0.03598833333333334,0.019274208596304625,0.005956167803819648,0.6142306627954743,5.61473735575199,0.06150775606883687,0.041918255105982634,0.007216547382227883,0.11628861636795872,195464.13980288748,106.08065089842643,4.695954836119684,4.1058716623390366,0.041125687527523415,0.6702235742181647,1.0344962920762195,0.03576150423764723,0.04654558227954437,27499.25,22660.055357384826,156125.5975037247,27565.067021472623,11773.475277690155,0,76.25,258921.25,2.002083547818402,72.8314273592171,1.026873193035108,1.1816878478036545,135100737.56355068,3.3974844822145016,0.0429,0.0151,0.026099999999999998,0.0458,685405.0314922351,351953.47911490186,793.3847263019856,1.7405340771518896,1.8413547305688782
2025-06-01,353180.5729887447,34985.53214046218,19348.98363522653,218432.1805073097,39028.4552727523,11140.269398046496,46810.27450213471,44909.15076861973,90030.17949912575,413.8124925896511,4569.934086703337,0.6697992315620616,25725.44569903902,140.5997066762543,1.2584968912879317,1.0972266578845273,1.0019053934716426,0.08581081864264532,9065.159926879602,0.41254600798548463,0.6330205794206393,17811329.021730218,58215.899637724164,4343514.230942476,788.8571209024989,1.0374364327289665,1.0242036619617259,1.0507232844892052,1.0616728473964592,105.88723435284435,87925.11759757528,864.0965262551017,96.95521494271836,62325.035344099,81724.1952914747,498.71817448615866,22731.288697311495,19379.403389592826,0.8968774314966804,0.9452346816651271,1.0390191266607245,1.0459108799540102,32383.842059522707,157724.66168978487,0.038609097885374755,0.043235964569722396,0.08477649703783316,521.6884046941123,10354.410889184592,17266.182022708465,167104.60697094974,369395.40456909913,165740.78815075156,207635.40546782027,43721.7602651107,14.897761603028512,37143.18952524482,13030.993915156718,20073.34055946056,63833.52880632506,40200.99138389355,80746.036146361,18944.915195202317,18318.084193821862,34290.354734021785,163888.95026940695,158025.18923048564,715281.9979488528,687310.132940827,678360.1672748327,104.63846952433306,1.0406975986846487,0.9807566244891034,97.8891451108714,75145.30138747105,1.0699047326998667,80398.31359461314,10117.323681988955,14687.257768692292,15284.484854695935,597.2270860036424,0.039074067425911525,10853518.275394958,347150.1462250575,438602.1857797039,251234.4506190827,12813.644048990538,655028.9762632205,0.05501482362240319,18.17691913116993,1138540.6461549029,2557444.474590252,3113037.009201926,3695985.120745155,8865334.64109002,0.026372188769073046,0.030999055453420687,0.07357390952634361,1.3578473349630507,0.06536783436331388,0.03598833333333334,0.022838260147680527,0.00816079530574016,0.6107467862893574,5.610659791196619,0.056338589135374754,0.03834238247624965,0.007186424898639907,0.11433779158593495,197484.95817765966,107.24529401236227,4.707031055784061,4.114026678172816,0.041125687527523415,0.6702235742181647,1.0450937357694454,0.03576150423764723,0.04654558227954437,27610.4,22819.501926048,157739.71187030865,27850.050210690817,11895.196096660196,0,76.25,246475.5,2.014721654202731,71.09207663305381,1.0237034541596564,1.1759021731524306,136745373.27462646,3.3652772031744442,0.0429,0.0151,0.026099999999999998,0.0458,688797.5901725849,353967.8078096316,800.7540846429655,2.266727712465122,1.2236909116301709
2025-09-01,355998.93129370053,34862.056128900294,19501.907553592522,219059.717783483,39510.73921904919,11168.245215991508,47509.79895640368,48734.969872602545,90619.243443295185,412.88934280434347,4601.634610999511,0.6695390907101886,26008.402294431547,141.32971999530156,1.2795904431922056,1.1185099520138806,0.999974733518125,0.08448414498906073,9199.111468515654,0.41212188234743796,0.6298188346963097,18134637.30410622,58837.55843091649,4348345.439141468,796.8625072303216,1.0426445816522794,1.0275391430942082,1.0619229743183196,1.0729420035004598,106.82439290322775,88688.09035713742,884.2220307256707,97.07891502750729,63243.22676529783,82026.84833948272,495.7805269479011,22810.32126085593,19377.839345022807,0.8935128884281012,0.9454066560653247,1.0477215068508903,1.0531819465857317,32372.133736439642,159617.8122121523,0.037274441727695895,0.04277533503833298,0.07349179859859571,627.5372761733015,10317.866601290489,17365.69757076474,167779.91409552237,374931.64818419947,168647.34850470888,209687.19500943774,48812.84341048947,15.428331145417859,37404.964349087764,13202.643497143352,20333.558242636904,64984.89041929447,40708.843460121854,80969.46195618795,19423.705556563633,18319.938296949094,34581.33533377262,164884.00114347332,159613.7792315931,725484.1185690729,691271.5207542465,683539.3986440767,105.42544460023923,1.049492278281101,0.9827398114508491,98.2764642455875,75744.95606963993,1.0712697681570027,81143.28152778553,10151.222750250685,14752.857361250197,15345.15197123138,592.2946099811834,0.038598152517942345,10892257.816511353,352536.05909173976,448549.84740195906,254634.77640597397,13104.262288662065,664371.703529865,0.053894392805732466,18.554805944369694,1139720.4411988994,2577633.1788848373,3123189.5571790715,3717353.6200837367,8896855.688405748,0.021244822782321537,0.026745716092958623,0.06845452604368638,1.3648974680194326,0.06695096845334511,0.03598833333333334,0.02621459283647886,5.311232564797624e-4,0.6114905995144464,5.6383222669429545,0.055003932977695895,0.037312768675881014,0.0071524390561955855,0.11324582055069997,198828.88633482918,108.28505417358416,4.71683672198801,4.120911140546167,0.041125687527523415,0.6702235742181647,1.0557997403281778,0.03576150423764723,0.04654558227954437,27708.95,22918.978419847874,158813.16496892695,28039.575868756692,11976.14549714554,0,73.75,234029.75,2.027439538343165,69.39426485591707,1.0205434995931213,1.1701448258054366,138410029.79884452,3.3333752408558004,0.0429,0.0151,0.026099999999999998,0.0458,692270.982081393,356125.7926558108,807.9850706495777,2.5427618937365892,1.6029618945374358
2025-12-01,358795.83887217415,34747.52328685286,19870.74259497555,219756.68980918592,40107.88805803803,11201.707607973209,48259.59167284526,49576.41106885585,91421.07374894855,412.00954806407873,4632.573921171577,0.6693945619742829,26304.962796195174,142.19617958244118,1.3012867206342265,1.140136805036198,1.0032441886586392,0.08463769292888097,9302.943397001263,0.40834997098803005,0.6214384515334299,18450048.39831098,59490.51566845228,4351622.628414557,805.751645068247,1.0483233647778225,1.031730932838473,1.0731619967209065,1.0853554612330079,107.76504718185754,89308.17688104129,904.4537089749629,97.30476931183065,64201.729694467744,82739.89302220002,501.52453040478673,22880.08770018814,19380.761948058083,0.8987902788843221,0.949295948935018,1.0563255875473683,1.0605884773695147,32293.599670349427,161375.06167712915,0.03683624619089139,0.04231979686452854,0.07447812928415214,696.9720257029112,10283.96915756707,17478.237195479818,168618.67256283585,380534.73323834053,171592.08183087572,211757.45192008594,50977.455044127884,15.653917129994182,37713.41416370687,13382.392500153981,20830.963737798767,66238.90985266517,41218.61128517682,82168.37237072164,19927.581513719197,18398.078804565488,34801.21292147225,166884.80561047856,161898.5928220093,736497.3193971871,695751.3543958508,688937.7233882282,106.23962798611437,1.0585639797834745,0.989717230446639,98.65167838848026,76340.04673716653,1.073762079352856,81971.04732239414,10180.566356921969,14813.140278093546,15408.514379264638,595.3741011710918,0.038639286672419934,10930997.357627751,358012.8008204843,455837.3411487994,258593.60427235748,13317.164444439642,674457.1882540825,0.05391030655592826,18.5493287626285,1141034.3326220557,2598407.44648843,3133137.6413303795,3739441.7791104857,8928891.931583805,0.018238971245037552,0.023722521918674702,0.06604041798302714,1.3732653364102236,0.06604041798302714,0.03598833333333334,0.02511471525163566,-0.0013921933329609573,0.6065692819098911,5.66647885642452,0.05456573744089139,0.03695065648911105,0.007118855633124725,0.11315924901605022,200181.96021584678,109.25922912563298,4.7259500928026466,4.127103307530207,0.041125687527523415,0.6702235742181647,1.0666154178566054,0.03576150423764723,0.04654558227954437,27807.5,23018.5831414875,159893.92314970418,28230.391290208758,12057.64577593383,0,73.75,221584,2.0402377038349573,67.73700000000001,1.0173932991334242,1.1644156670690522,140094950.85763025,3.3017757009345794,0.0429,0.0151,0.026099999999999998,0.0458,695923.88127251,358409.08170806174,815.2999877102674,2.7580842940833517,1.8597274945853837
2026-03-01,361791.1473154572,34697.698039663126,20192.75127044939,220563.41406290716,41412.56288715834,11263.372051476046,49136.43127151592,50385.37239460845,92140.34742129457,411.3309945050552,4664.327688639202,0.669369702640581,26589.002462567038,143.22012563752253,1.3258643510468693,1.1669375070491468,1.010541041522002,0.0864401389367078,9550.96676263707,0.4039842560314647,0.6120153568675304,18812263.754319333,60185.759933028145,4358240.888905563,816.0769089453598,1.0540468834634555,1.0365803223314494,1.0843117523027603,1.0987546760632467,108.70691996509846,89868.85477758937,925.2753262653548,97.68838536190796,65140.03882251875,83913.85253852539,513.7272798582051,22979.763815694,19394.520905054305,0.9224664114061689,0.9557255798788645,1.0650429059114832,1.0684253521779263,32519.633785343383,163146.99753161502,0.038664932496264466,0.04200593764656756,0.07381446493587811,806.7242537212442,10269.222745250505,17603.22122750319,169702.72333919545,386546.83488807915,174554.7136803072,214660.98480343365,52325.08577306353,15.79436107851037,38124.25796971041,13615.59635088731,21284.10654516991,67522.88181545962,41800.2730494386,84996.37563143925,20541.859095257194,18535.839738455787,35351.092271976355,171014.7267371286,164866.73680678572,749596.6542293951,700726.5590775682,694600.812831772,107.09256142278024,1.0697420364026544,1.0077311864660579,99.7219454786604,76977.35063475693,1.0779952980379965,82981.22203969017,10212.869641706618,14877.197330345822,15474.700367361458,597.5030370156364,0.03861159948736718,10969736.89874415,363443.4911116619,463627.0165680667,264246.61559884594,13544.737701746199,686453.0778605253,0.05378798739703313,18.591511755562703,1142696.0915953275,2619797.941196339,3142891.835852215,3762494.0327916667,8961698.379786821,0.01589680801177363,0.01923781316207672,0.06367201445221696,1.383154136713624,0.06367201445221674,0.03837138585860256,0.01710925698537835,0.002128556176698368,0.6001927591824161,5.698060278279453,0.056394423746264466,0.03819338245901895,0.007095732630793475,0.1134120581918012,201544.2420593553,110.12906539174844,4.734036988834621,4.1322689997315845,0.041125687527523415,0.6702235742181647,1.0775418918513804,0.03576150423764723,0.04654558227954437,27906.050000000003,23118.316090966877,160982.0361253156,28422.505252167797,12139.700681871911,0,73.75,218260.24,2.0547613937358893,71.09862400156359,1.0587019566397695,1.16820274370124,141615609.79212105,3.2757270620113657,0.0431166666666667,0.0255759818181819,0.0299805555556667,0.044899666666666595,699838.120573075,360843.81582167494,823.005215342635,2.737343914824608,2.2768124484490837
2026-06-01,364559.91767274786,34697.22611927113,20589.352723710825,221482.48603551538,42706.43421821834,11360.662253673348,50027.174534490834,51214.886191544254,92856.85260755524,410.744230926111,4696.484365024003,0.669436768632958,26879.180024309528,144.37233119821775,1.3513136752098807,1.1942486136998247,1.0153777418531058,0.08971236033485246,9749.974704611515,0.40197490625217047,0.6062113946315472,19146818.212368734,60917.03787915678,4366205.881840326,826.0357018290595,1.0598505148589905,1.0417844655685096,1.095552703783354,1.1130114127397053,109.65368568868065,90444.8696039057,946.3431279448022,98.23658360563905,66059.65477373023,84613.96793366157,529.1711861030185,23092.16282645861,19406.55574296284,0.9429239920289724,0.9607948895186501,1.0737459426694291,1.0766085888797177,32709.423586184355,164984.94386133458,0.04191540554774931,0.041909936212782044,0.07431199618908133,919.071972608217,10269.08307443955,17723.011317977183,170740.8432546796,392488.3395225513,177564.50244894568,217631.3034367468,53692.72984197337,15.93689072634212,38618.40866115896,13876.752390356489,21821.636084838276,68819.92148404794,42404.53311365251,87556.95414796188,21165.681697080556,18645.719580997506,35867.08852977377,174825.0039558137,167522.03973768334,762897.0579236815,705495.0099773557,700169.0890347811,107.97600569055903,1.081364217092298,1.0239202326946582,100.84131161137745,77566.45461975425,1.084044687911168,84085.50309064728,10246.150513646171,14942.634878670175,15543.10156402858,600.4666853584058,0.038632352185081806,11008476.439860545,369025.96825149516,471056.54047856526,269910.3667319063,13761.789230281918,698633.0989441525,0.05427410861412108,18.42499168636404,1144653.3403733764,2641774.3162795817,3152518.395014944,3786427.656652958,8995258.562810842,0.015083027222449363,0.0150775578874821,0.06287998200955251,1.3942816083627796,0.06287998200955251,0.03837138585860256,0.01097465813893761,0.00410289974854449,0.5971586948777017,5.72156517092561,0.05964489679774931,0.040401113785397555,0.007088662425279006,0.11436918318929054,202915.79452754525,111.06484581166286,4.742655420171089,4.137966227237455,0.041125687527523415,0.6702235742181647,1.088580297318324,0.03576150423764723,0.04654558227954437,28004.600000000002,23218.177268286003,162077.5539467421,28615.92659148481,12222.313989318349,0,73.75,214936.47999999998,2.069388472358607,74.62707729772079,1.1016878467231623,1.1720021371974343,143152774.700459,3.249883928140951,0.0431166666666667,0.0255759818181819,0.0299805555556667,0.044899666666666595,703943.5365017334,363366.71859147743,831.0075417206805,2.645803715816064,2.6832378325299944
2026-09-01,367439.62427703605,34722.93269369548,21054.96675149218,222474.17150795352,44034.572736606046,11477.55995916341,50936.84191182812,54438.74379626436,93538.83057003761,410.337216887381,4728.4943477127035,0.6695527164422865,27168.48073570249,145.6390617487361,1.3773250723343637,1.218440472556699,1.0186784080197155,0.09414159853898817,9956.118456998911,0.40177229939835846,0.6031853236323559,19474033.576609924,61686.150626172355,4375355.357504042,835.6812449440503,1.065690375460791,1.0469229116976906,1.1067623273436202,1.1279824327002066,110.60892044856058,91104.15154456964,967.8556418875713,98.90818015910018,66996.34075877117,84969.81059157403,545.6805211921162,23223.477000111026,19421.875201368937,0.9610980059938926,0.9648068686413365,1.082551395343157,1.0851436885327694,32878.438774365,166933.98114039385,0.04640191113821566,0.042091530808012485,0.06886563947221194,991.685472438141,10276.691260391231,17843.76608985578,171727.91063562734,398724.7902424636,180602.0598458458,220776.60315227826,57309.643842872785,16.313829061765055,39166.858090320166,14154.344533576277,22438.07542271217,70140.00347491115,42971.402487278465,89899.98354386371,21741.56678671508,18738.35859617559,36366.48618866608,178335.95511542045,170052.04215248962,776481.4470600385,710301.861727193,705937.9105484954,108.87948246179782,1.0931710708991282,1.0384797349209824,101.94382513120703,78179.16221818046,1.0914557831414504,85329.09872418664,10277.806003802556,15006.30035151526,15605.657352386004,599.3570008707447,0.0384063852631822,11042891.93275492,374587.01252007287,480697.3524314857,275791.0353753107,14043.442939983272,711073.1834627977,0.054808560539827245,18.245325003077557,1146975.9562150422,2664308.2256246866,3162067.6903044297,3811284.1818397287,9029664.383287098,0.015910505978863322,0.01160012564866015,0.06365019337963583,1.4065151097177873,0.06365019337963583,0.03837138585860256,0.008726053620100482,0.002874072028559667,0.5963092107074285,5.738029584300741,0.06413140238821566,0.04344763203389536,0.007102037296664459,0.11559044984419821,204296.68070903697,111.97559991259692,4.7509793864016,4.143368989637368,0.041125687527523415,0.6702235742181647,1.099731780890327,0.03576150423764723,0.04654558227954437,28092.15,23307.585749644502,163180.52700557242,28810.6642051475,12305.48949831704,0,61.25,211612.72,2.0841196756887905,78.33063922415042,1.1464190691304195,1.1758138876162745,144706624.7465363,3.2242446780360647,0.0431166666666667,0.0255759818181819,0.0299805555556667,0.044899666666666595,708224.309684325,365987.8520542494,839.2282903657322,2.7529473443636876,3.0491405159352336
2026-12-01,370255.314382408,34742.161632571246,21527.92107910357,223540.194658475,45331.10865850106,11608.131949987923,51855.46579910517,54633.74423498521,94137.17297472412,409.9320454317956,4760.59161839321,0.6697203452061429,27472.338756993482,147.00426303633782,1.4040826112535885,1.2411408578960563,1.0227871145164327,0.09907879096080437,10146.069078510416,0.4016661333585697,0.6002905070185841,19793033.959783986,62490.96595333409,4384278.403568501,844.9750601590555,1.071546928980767,1.0518719011502617,1.1181554026997866,1.143507432441622,111.5740379066262,91765.17363680195,989.4968776303949,99.7138823413002,67924.49274654544,84769.51926598899,564.6213441127843,23365.628761759435,19429.234169996227,0.9813952222578607,0.969901064722171,1.0913945709017778,1.0940030845262905,33013.25685733434,168894.2101823275,0.05116679354742795,0.04254851700908512,0.06602025968435254,1066.023150521476,10282.382308144437,17959.38080708211,172584.0448091368,405060.4570686245,183702.87601449562,223925.50880615556,57954.35657461619,16.38101809193522,39727.92004593337,14437.314201127141,23068.17771965375,71447.8646611505,43537.64925686848,92385.77179425606,22290.12130218386,18844.434908215728,36834.22372021409,181944.11172486976,172742.82189091464,790183.5488018086,714904.1047641683,711644.2486994133,109.80342608731905,1.1053000562737845,1.0542348333884768,103.07470816025213,78778.24919454323,1.10034673942876,86683.38963912198,10308.945600967463,15069.537219360674,15669.513275616655,599.9760562559804,0.038289379772454224,11077307.425649295,380372.6447954511,486516.44249236974,281556.1226792589,14213.446079836836,723621.0648610486,0.05564927064301819,17.9696874450494,1149727.1210526917,2687407.5533580426,3171566.516556552,3837134.6744107343,9065013.702110225,0.017353765180452424,0.008735488642109594,0.06526576259382884,1.419699596185647,0.06526576259382862,0.03837138585860256,0.007793158430146829,9.42330211962765e-4,0.5951733375039263,5.747962968598992,0.06889628479742796,0.04667774361461115,0.007135714131131235,0.1170829812069133,205686.9641217825,112.9731192515468,4.76000550827891,4.149473907684081,0.041125687527523415,0.6702235742181647,1.110997500946458,0.03576150423764723,0.04654558227954437,28179.700000000004,23397.099084385005,164291.00603632102,29006.727050689497,12389.231034772009,0,61.25,208288.96,2.0989557449513274,82.21799999999999,1.1929664886247178,1.179638035146685,146277341.0389775,3.1988077032002264,0.0431166666666667,0.0255759818181819,0.0299805555556667,0.044899666666666595,712615.9949681059,368680.4563877757,847.5849624125681,2.7528153912037334,3.381302836697553
2027-03-01,372799.67267919664,34745.45338336368,21919.891355469143,224651.05023715532,45879.9529854213,11746.95665281614,52685.29264798592,55062.69788244725,94744.1305943245,409.4144409320925,4791.927965196242,0.6698827162264828,27783.258441102367,148.43961866706036,1.4288844343684974,1.2645290644383242,1.025140183148652,0.10371854664027687,10153.193189789708,0.4012880047788151,0.5970046620965073,20072117.297574002,63322.91975241345,4390067.387011638,854.6985043220742,1.077228600176929,1.056556252444668,1.1296333664145393,1.1594691706120717,112.55306118121183,92274.22711860955,1011.3966273713706,100.66364263236143,68800.2039727878,83899.72233183449,582.9456342610068,23506.770003666843,19427.07444303148,0.9843586830546905,0.9740102445888181,1.1000883153298884,1.1030584751053107,33231.1191825876,170774.0837928762,0.05532205814924052,0.04322519998520295,0.07124659989409472,1110.855578680319,10283.356543440124,18067.704050989767,173515.02827093334,411219.8396115012,186851.57308402113,226093.19940849976,59855.87078857183,16.57918525941923,40286.28201694909,14693.728097983028,23612.733880882388,72691.28495404277,44067.841622569635,93262.20761899087,22847.136900146612,18922.16952990227,37402.641904779244,184023.715953819,175067.37553647233,802379.6236852959,719216.0981012944,716905.130299628,110.7334994549554,1.115630787377254,1.0605635591775773,103.45546654118314,79319.60561579799,1.1108273827952582,88110.38991054894,10335.60784209206,15127.535807288303,15733.345961750776,605.8101544624733,0.0385048442483449,11111722.918543668,386158.0529998658,492012.93038607464,286078.52578930417,14374.024484762742,734789.7821896952,0.05741500465560241,17.417049880922068,1152907.3362669172,2711054.449676458,3181008.7987319413,3863961.785943375,9101283.095818255,0.018878206376984015,0.006781348212946445,0.06727469486802036,1.4335616010501988,0.06727469486802036,0.03944002276336502,0.009852944866624823,-0.003071596653678378,0.5932844989232817,5.757886688183314,0.07305154939924052,0.04950704716931801,0.007185630363027699,0.11913460787571889,207086.70871598754,114.0038006690691,4.769244591466542,4.1557917870411165,0.041125687527523415,0.6702235742181647,1.1223786277322922,0.03576150423764723,0.04654558227954437,28267.250000000004,23486.717272507503,165409.04211876175,29204.124146602408,12473.542450623387,0,61.25,208288.96,2.1103027090911284,80.60834338399455,1.1811955150890354,1.1858850170275583,147730387.82272053,3.1878230435715635,0.0435,0.0304926484848485,0.03050813492075,0.0441803333333333,717042.8434376903,371378.5317083176,856.1574102069007,2.638623980239263,3.644385177225651
2027-06-01,375029.72479977994,34731.31405613104,22375.618775154922,225787.9665013652,46459.995047546145,11891.991772654666,53514.1904019474,55659.91420790181,95393.33417836727,408.8494251895569,4822.689476552629,0.6699731602870167,28090.894161639706,149.94802586215448,1.4540051602930901,1.2896235967812653,1.0302478021016288,0.10784080934815098,10197.582968170798,0.39973603966300814,0.5919893590592508,20388282.492614344,64178.54235075234,4393806.273413716,865.9266050667964,1.0832672335027542,1.0615620047260168,1.141174611296232,1.1757456460605833,113.54173018545468,92585.79007806035,1033.6127162820037,101.75594649938229,69583.66155318444,82927.53139025811,595.6695733577262,23649.2267807006,19416.690913217964,0.9899716530062125,0.9800490659412759,1.1087388930337085,1.1123905809767214,33439.76989657479,172422.63334725559,0.05887907368874208,0.044070387784404995,0.08028969074035983,1136.9162642098963,10279.17183064869,18172.973573314874,174467.7685614749,417179.53461443924,190045.15633970546,228101.19408090913,62148.38993200101,16.818101183224584,40835.19128345881,14945.968885302564,24238.77464847436,73867.3705363686,44597.08283523684,94436.69672233227,23436.29554382921,19029.309793169727,37968.09331060585,186459.95536993706,177638.03903858506,814530.9954743378,723406.5328597821,721791.3745861468,111.6864533620167,1.1259657690902924,1.0687358295881262,103.73580292119864,79794.08793880034,1.122881000308895,89599.26528345606,10358.705980611896,15181.395457164524,15795.582225496844,614.1867683323198,0.03888344476480268,11146138.411438042,391823.9554303388,497672.93533198856,290642.38075822557,14539.379996075433,745917.5620667151,0.05841281950997208,17.11952972633486,1156428.7708860456,2735187.4521049666,3190379.0506998445,3891616.222991012,9138307.784833796,0.02025882964570931,0.005450143741372225,0.0692205653051182,1.4481291043424624,0.0692205653051182,0.03944002276336502,0.012305022763365002,-0.006854879021992777,0.5884393438896398,5.774844984373671,0.07660856493874207,0.05193350337529889,0.0072480590428956075,0.12051950849691052,208495.97887705272,115.00644812181035,4.7781582056718115,4.1617841974157885,0.041125687527523415,0.6702235742181647,1.1338763434814723,0.03576150423764723,0.04654558227954437,28354.800000000003,23576.440314012,166534.6866802775,29402.86457275064,12558.427624024602,0,61.25,208288.96,2.121711014969791,79.03020048057577,1.1695406854847201,1.1921650809060083,149197868.45480087,3.176876105106019,0.0435,0.0304926484848485,0.03050813492075,0.0441803333333333,721470.8562230242,374014.5086957834,865.2298549250876,2.5388589046152488,3.862024404303277
2027-09-01,377104.87318501924,34712.88073760505,22722.474987886908,226945.8961594107,46962.80075825767,12032.482273307942,54299.15105197036,58974.754544656,95415.82627893408,408.1556090348143,4850.649380801093,0.6699981366757216,28401.033952481383,151.5055150858742,1.47989892384504,1.3169269702082766,1.0375151467586425,0.11111494417342019,10189.702296221092,0.3968508643506972,0.5849796334570044,20722513.80234859,65051.75334290297,4393153.702735388,879.0541313419187,1.0895572104190214,1.0669905005501754,1.1529096428203183,1.192258626894386,114.54254308989535,92681.6684564744,1056.4861087004263,102.95846729134276,70264.86503265382,81692.45042706303,605.0109236410701,23797.76805695905,19377.602182795643,0.998883410744921,0.9880040141199381,1.1172891810197232,1.1218808586727047,33587.61644789024,173803.07106471848,0.061330349349500976,0.045005739843571084,0.09731029501286197,1157.9296580454975,10273.716256804535,18253.94416510532,174679.98907472528,423066.74013031746,193188.35400262297,229773.87059696944,67438.77922626451,17.369441506445735,41386.731523765586,15204.061632334324,24757.436461618046,74971.94278185056,45117.23989087475,95309.28599254655,24039.1113837032,19145.14874062137,38472.110042693464,188555.2161595646,180323.31878281417,825924.4038001341,726629.7068055146,726182.7655341473,112.66168306099975,1.136651026013414,1.0794322644415997,104.04014513078798,80235.61180154548,1.136150866063394,91159.75983745219,10374.773456604404,15225.422837405496,15853.484246901231,628.0614094957346,0.03961660892397277,11179119.106513292,397298.7890882558,506151.1977322511,294732.4224702221,14787.070135507318,756351.2268495506,0.05937473991418197,16.842179038516424,1160349.7367671535,2759706.297937045,3199660.4159738636,3920056.034704198,9176028.961821001,0.021049580806380405,0.004724971300450513,0.07083417563029962,1.4631706193047316,0.0708341756302994,0.03944002276336502,0.012768995315049401,-0.008044024014598888,0.5814418398077271,5.8021262846020205,0.07905984059950097,0.05362124644842556,0.007317254421980072,0.12167570354604723,209787.03733616404,116.09612497057893,4.787745723580386,4.1684505114937656,0.041125687527523415,0.6702235742181647,1.1454918425385152,0.03576150423764723,0.04654558227954437,28438.700000000004,23661.982592310254,167565.91048196438,29584.93435286443,12636.192501335236,0,56.25,208288.96,2.1331809942010307,77.48295431711041,1.1580008538222106,1.1984784019736048,150679926.31393212,3.165966758269662,0.0435,0.0304926484848485,0.03050813492075,0.0441803333333333,725700.4990850266,376560.7010497482,875.1311458483775,2.2987191725245326,4.028076854312057
2027-12-01,379284.86284388683,34706.96053743438,23114.757252448595,228054.48347229083,47622.456973052256,12171.954605213514,55129.207337521366,59109.05521958187,95835.94307589745,407.4980248494464,4878.470021656059,0.6699290012992989,28700.086336149943,153.1138504795827,1.506133518770598,1.345393964483813,1.0448783991502693,0.1137558278089635,10137.448225059727,0.394004938251847,0.5780933456181788,21079439.332370494,65945.86507225412,4392291.606620987,894.5056448054869,1.0960123066350125,1.0729096535584906,1.1644587867603216,1.2089865637941197,115.55019344039086,92643.66220717198,1079.71892068774,104.27477320854278,70875.80724508772,80860.14553014393,611.136737159451,23968.627267281172,19353.847517150436,1.0072456261472174,0.9953533920154277,1.125800446294626,1.1315838692625397,33772.222393988144,175120.3510646982,0.06322435358151345,0.04599141492800809,0.11279792633600097,1108.5873128801177,10271.96409865907,18349.003482050026,175356.01646908605,429192.6338683002,196331.85019768417,231535.90839024028,69484.9569942276,17.58268485191749,41960.24895989091,15470.949432598638,25334.05841356457,76043.33706664944,45589.352639346165,96530.3344908914,24686.638539042575,19263.917774745052,39023.8683053723,191094.31911005132,182979.472079115,838037.2776089704,730413.7067408591,730608.0182260335,113.65366650212013,1.14734604234118,1.0897505711971953,104.29448748135837,80699.44246627005,1.1506763552939134,92858.94033133848,10389.476153968695,15267.946175624755,15909.218000440813,641.2718248160581,0.04030818467410933,11212099.801588539,402603.50475036213,511430.8118719126,299526.6648853182,14941.31263245561,767443.7516906064,0.0602850661815193,16.587856053586872,1164554.9868581453,2784502.375934573,3208849.3096200842,3949057.362792718,9214219.183555743,0.02166373950779331,0.0044308008542879515,0.07219521373524336,1.4787031832033353,0.07219521373524314,0.03944002276336502,0.013231151322429711,-0.00880035046814176,0.5744264102320805,5.842094898689565,0.08095384483151344,0.054935855571451385,0.007390294058839892,0.12269212067427322,211086.090347275,117.0367539221811,4.7959724374715815,4.173756021554364,0.041125687527523415,0.6702235742181647,1.1572263314828768,0.03576150423764723,0.04654558227954437,28522.600000000002,23747.617985765,168603.5198754482,29768.13155390514,12714.43891792166,0,56.25,208288.96,2.1447129801912665,75.96600000000001,1.1465748854193993,1.204825156349676,152176706.2030795,3.155094873973378,0.0435,0.0304926484848485,0.03050813492075,0.0441803333333333,729861.5359797672,379045.613004796,886.2332585285103,2.1694660687124,4.156061407372014
2028-03-01,381517.4078982639,34727.86878860994,23484.78818605705,229193.46113097563,48289.87670748058,12304.446569219344,55962.186386842215,59541.39294164046,96149.85108768233,406.85643122901234,4906.29211243004,0.6698287611188277,29000.08142617398,154.76404258661464,1.5326389644690837,1.37177444207582,1.0524631239476507,0.1158997024772654,10064.757883891625,0.3913264097924322,0.5714935771315323,21458011.573858857,66861.07608909835,4391284.422080937,911.7309885285658,1.1027044586411,1.079049449747938,1.176060572407494,1.225877841353503,116.55847414349708,92563.57909865753,1103.3906672406986,105.69569426083703,71464.353879004,80181.63356352443,614.9531626721406,24158.80415877031,19328.76915967176,1.0146506853944934,1.0028273821290534,1.1342661925037503,1.1414716024505616,33955.056251202,176482.30595727343,0.06457126743554914,0.04699091667278951,0.12771523613986016,1138.977658684802,10278.152160134792,18443.456573272168,175922.13307182823,435491.2881931088,199515.7999374138,233278.89292096999,71902.95173960278,17.834677272571252,42572.12482538885,15752.696483364663,25896.780643006936,77113.5710056534,46158.90160236354,97558.51230669535,25300.262350750043,19383.418976170415,39577.49546096716,193409.24909458295,185741.1190492771,850169.292735606,734173.5748250426,735163.724928415,114.66081978626733,1.1579949483870857,1.0994025920298205,104.45996320575166,81174.45520423743,1.1663562767869518,94678.33534222357,10403.47373374719,15309.76584617723,15964.260955643798,654.4951094665685,0.04099751194765788,11245080.496663786,407926.1002084089,517292.16985965375,304304.825746312,15112.55061834277,778553.8054473043,0.06109964787691084,16.36670643363713,1169085.4105142998,2809500.8571668114,3217958.9824115904,3978586.267681111,9252857.761235641,0.02196523020407709,0.004384879441317463,0.07329366524579335,1.4946399799981527,0.07329366524579313,0.03944002276336502,0.013691493051405622,-0.009306613610088159,0.5675803234865499,5.891103471391361,0.08230075868554915,0.05587460201122115,0.007464485549946887,0.12353616408650582,212393.18741462077,117.97673556930265,4.804129068583292,4.178991448835477,0.041125687527523415,0.6702235742181647,1.169081029254287,0.03576150423764723,0.04654558227954437,28606.5,23833.34649437625,169647.55440188624,29952.46315714086,12793.169855593684,0,56.25,208288.96,2.1558745658429084,75.52950224136143,1.134957484895777,1.204898172141857,153676165.15658155,3.1538799271294904,0.0435,0.0304926484848485,0.03050813492075,0.0441803333333333,733954.4585961486,381485.25913793617,898.7483351254357,2.0796915924484294,4.260603723147205
2028-06-01,383602.8535486224,34780.71801258361,23862.415726920794,230331.42673736502,49001.673114679346,12439.09939985543,56812.2546423209,60175.961184254535,96787.95135647911,406.26717866106253,4934.468666369688,0.6697098634477646,29297.829165536663,156.4563615285169,1.5592993572984812,1.3963299489841239,1.0601204592203943,0.11767617372841131,9972.859759700428,0.3888423492446518,0.5652605756460862,21850525.228588928,67795.78766451549,4391209.495590373,930.1695057117245,1.1094075464609245,1.0853041617285613,1.1875691979044116,1.2428913108507516,117.57060760243655,92487.00339764224,1127.553319770963,107.22193761970156,72027.82091708439,79715.19007009923,618.1149949583591,24355.772355533358,19309.22111800896,1.0210440867463306,1.0101512833113124,1.1427270055476562,1.1515751073236873,34151.660570581225,177813.66403301826,0.06557660012244672,0.04798266366484777,0.13991272887309097,1137.9656063893926,10293.793556641236,18543.77446770204,176837.60751277133,441747.49855654326,202715.75089126368,235095.80291003123,74475.19334447209,18.102744599746835,43228.652202990386,16051.105677033927,26473.144084233776,78172.09303448969,46705.4138311277,98824.76540082449,25893.227656459487,19505.234492098647,40152.314839154096,195965.10238853673,188503.90317034422,862554.8574958749,738166.9014483067,739572.9340179515,115.68033355933775,1.168509254829128,1.108164180373137,104.5319115139117,81618.16998899252,1.1831984342084545,96570.49093393542,10418.385232756165,15352.853899125854,16018.902814186344,666.0489150604899,0.04157892607869629,11278061.191739036,413274.1936368994,523649.45476191095,309252.04928975785,15298.27697470083,789896.0506437797,0.06197971392880857,16.13431131916202,1173913.567182961,2834676.01126937,3227016.8947518133,4008589.578452331,9291918.984347085,0.022172656463025145,0.004578720005426196,0.07427223006898974,1.5109836183989118,0.0742722300689893,0.03944002276336502,0.014150022763364987,-0.009571302757938792,0.5608677290703259,5.945232885542879,0.08330609137244671,0.05657982366566176,0.007538228099429755,0.12436359226245587,213708.3783489791,118.87686642466127,4.811887045053929,4.183828221475517,0.041125687527523415,0.6702235742181647,1.1810571672793695,0.03576150423764723,0.04654558227954437,28690.4,23919.168118144,170698.05384728446,30137.936187069416,12872.388314625223,0,56.25,208288.96,2.167094238984769,75.09551258231085,1.123457794952286,1.2049711923590003,155190398.88875595,3.152665448130753,0.0435,0.0304926484848485,0.03050813492075,0.0441803333333333,738032.3045013183,383854.58678054507,912.7415945751007,2.040397469203614,4.340394365942157
2028-09-01,385431.9625764483,34858.18008727359,24220.379088460162,231497.02017972473,49487.03837358924,12559.6441691613,57567.194775122145,63782.59107584616,96783.11639810994,405.42603389558684,4953.9458293274165,0.6695721185384068,29609.868549554205,158.14870737857837,1.5863667341125027,1.4202633999675234,1.067473921855343,0.1182470530312478,9831.691165236163,0.386705003046884,0.5595862387349929,22241982.19764458,68737.77758899306,4386538.650571543,948.848690259249,1.11620320638031,1.09160005462559,1.1993699980594619,1.2599851680372944,118.59552508201453,92189.73049910624,1152.5311788071938,108.84854152906216,72499.18052019154,79296.91854562779,620.7394843535121,24546.484534316827,19252.02026966793,1.0260387734631375,1.018045320569483,1.1508653213289846,1.161623893174479,34253.218941484214,178810.99063437787,0.06485927625249667,0.04886312603493964,0.16636589968626547,1165.5934423597064,10316.719437729696,18607.298018576585,176940.65362783865,447726.97818357946,205339.8821008527,236350.09235129575,79862.28706310323,18.664163018477062,43920.78989473769,16366.100521186234,27034.864798285842,79140.10867980437,47142.05700358251,99303.2300410568,26427.264348072542,19599.429147044273,40622.784861145265,197542.2683973189,190876.06944331835,873336.9801360294,740695.5659597066,742995.880200524,116.70595099931109,1.1790768294271052,1.1164323424101952,104.58638094594002,82007.34470492713,1.2011480743787248,98502.96417723554,10428.895618537865,15382.841447865281,16072.317035519018,689.4755876537365,0.04289832315763814,11311651.184518296,418491.6247393362,533542.15744256,312999.45852236106,15587.289603780611,799769.9224526295,0.06313659307651794,15.838675342967226,1179042.302154624,2859999.8477927763,3236055.4005114585,4039042.1499474,9331410.061601799,0.021011418377892235,0.005015268160335207,0.07439919515664337,1.527327516666303,0.07439919515664292,0.03944002276336502,0.015127282331650858,-0.010112014171315652,0.5546229453038262,5.999724600896567,0.08258876750249666,0.056125486002493376,0.007603801689366207,0.12507390484925227,214344.87630404142,119.966684019177,4.821170098470306,4.190190071061297,0.041125687527523415,0.6702235742181647,1.193155989599558,0.03576150423764723,0.04654558227954437,28775.850000000002,24003.8624526405,171206.45208158062,30227.697453806202,12910.72676865461,0,56.25,208288.96,2.1783723019176704,74.6640166114029,1.1120746229141405,1.2050442170013742,156719552.9815036,3.151451436797009,0.0435,0.0304926484848485,0.03050813492075,0.0441803333333333,741802.4610798677,386109.94325250096,928.0642098769029,1.9357671483085648,4.3847857874604435
2028-12-01,387466.24314681685,34949.60543115033,24572.895942934043,232568.5874355178,50148.64650880193,12673.798130606088,58364.42519700584,63984.79935994802,97175.67633295928,404.65956092644655,4973.307085455167,0.6693049514832359,29894.80970836747,159.86824945787006,1.6135631764280733,1.4436435967926746,1.0746822698782221,0.11814357480672916,9659.91842946332,0.3846958416453079,0.5541718258180044,22640259.490733616,69696.74869657622,4382336.432389419,968.378091020888,1.1229388626470416,1.0980015631087365,1.2108344135602398,1.2771642853947018,119.62667872014576,91800.57033221038,1177.9740129362117,110.5893184818842,72912.83812423788,79477.47298476301,623.2171146461899,24754.717518371603,19211.979483167393,1.0302376677045766,1.0248787775940758,1.1589100481706163,1.171827479808668,34394.49873100745,179699.06377938742,0.06380220814418149,0.04961940576291492,0.1887259978270875,1071.5672557930811,10343.777925003353,18686.33422299619,177513.48877013032,454043.59248557006,207918.250081809,237742.1576869958,81667.60267470602,18.852304804923016,44636.387845301906,16690.339164934994,27593.859822102455,80058.4094707847,47454.982666741715,100114.04214288278,26976.406748556266,19689.95004787106,41144.996494346895,199514.95543365699,193119.3977574235,884791.3792134783,743841.7383227594,746457.2901134045,117.73591431105481,1.1894887504130063,1.123942506093254,104.5837023272575,82440.17323021495,1.220357618718341,100606.49348995263,10438.63957629956,15411.946661754726,16122.643814343875,710.6971525891495,0.04408067426932795,11345241.177297557,423318.2756457845,539906.0123321103,317594.87247773627,15773.207900537764,810259.440325199,0.06451577404063175,15.500085287207503,1184447.1545271669,2885377.809617706,3245099.2673493307,4069824.964144873,9371236.742637143,0.019688635419498182,0.005505833038231614,0.07403000208204585,1.5439340636137966,0.07403000208204563,0.03944002276336502,0.016103033832708634,-0.01059720079447702,0.5486778424349866,6.057350939318841,0.08153169939418148,0.055441659684471824,0.007660206019660036,0.1258825380013793,214981.37425910376,120.83704673450995,4.828556147989965,4.194654916750358,0.041125687527523415,0.6702235742181647,1.2053787530003233,0.03576150423764723,0.04654558227954437,28861.300000000003,24088.63669485,171714.85031587677,30317.45872054299,12949.065222683997,0,56.25,208288.96,2.189709058515679,74.23500000000003,1.1008067881910522,1.2051172460692468,158263774.45120314,3.150237892948174,0.0435,0.0304926484848485,0.03050813492075,0.0441803333333333,745422.7314233119,388305.8067403271,944.6951156715211,1.8384145119369144,4.41135727246833
2029-03-01,389643.0593155833,35048.73421413023,24913.126524396866,233655.4320103708,50861.63035673351,12772.496094118962,59174.22381840255,64516.179430991186,97468.03593254129,403.9438655252116,4992.850580070108,0.669011292804413,30179.18690688939,161.6070113722687,1.6412361798499255,1.466514780892977,1.0819608002099717,0.11772436556250546,9494.560425465459,0.38283398659760687,0.549009895371885,23043847.118011814,70674.43068340568,4378916.663025172,987.8296328932234,1.1297942761384157,1.1043647824488458,1.2223382800915414,1.2943832812628628,120.65262669703385,91464.13629365522,1203.9220377639224,112.42453668618039,73309.82638620559,79994.87570016054,625.6277510811525,24978.732090998397,19172.683221810294,1.0346906809936955,1.0317345509209677,1.1668700081330943,1.1821464941996895,34539.448680721856,180691.9640445311,0.06243415533194979,0.050241225869584724,0.20830046815221762,1086.844574852992,10373.116342546859,18766.2015723111,177991.36940738454,460615.17781981354,210515.06942459644,239251.21865390858,83703.52432381437,19.06447930430995,45366.495596195855,17024.733839180437,28146.70774797572,80960.78969393259,47884.342788794194,100849.26847415914,27520.911987011255,19781.119713804415,41672.75207996492,201413.61225493974,195501.6220091323,896425.3071562962,747020.9958495699,750151.5670813152,118.77183353717643,1.200000152297057,1.1315920144079945,104.5871545612735,82903.32867979935,1.240609326101729,102850.64272503601,10448.974182832157,15441.824762902264,16172.33836165689,730.5135987546255,0.04517055219328345,11378831.170076817,428173.59586323274,546999.581804255,322297.41321884503,15980.444611160316,820913.3641372855,0.0658932823686234,15.176053826029666,1190118.2714254712,2910751.302979258,3254162.4157688,4100869.574404729,9411344.50131647,0.0182186601091216,0.00602573064675653,0.07350887033967726,1.5607262268936093,0.07350887033967704,0.03944002276336502,0.017077279800170063,-0.011051549153413533,0.5429603948303707,6.112541928132781,0.0801636465819498,0.05454664143081419,0.007706637146681854,0.12663244802974935,215617.87221416607,121.70283669507468,4.835852743708016,4.199030308637812,0.041125687527523415,0.6702235742181647,1.2177267271417238,0.03576150423764723,0.04654558227954437,28946.75,24173.4908447725,172223.24855017292,30407.219987279772,12987.403676713382,0,56.25,208288.96,2.201137151640148,74.15361626646475,1.0922704069183178,1.2049627458358099,159694352.21624357,3.151208840171772,0.0435,0.0304926484848485,0.03050813492075,0.0441803333333333,748919.2141160105,390479.0834845773,962.4211008659389,1.7499160232767652,4.421549522282819
2029-06-01,391610.1033929806,35151.881842037124,25242.928664665214,234723.6580942903,51519.27655513646,12870.138392357901,59963.55473998209,65285.45948123659,97676.61233222061,403.23200952201495,5012.236508053619,0.6687056235442911,30463.14275293358,163.3612777250956,1.6692960142756603,1.488900823306489,1.0891911784562474,0.11688814591976301,9314.149741862324,0.3810941336022411,0.5440675087267476,23441354.39373261,71666.83773639833,4375125.586635934,1006.7923658034964,1.136663149271325,1.1107770397057486,1.2338388682698347,1.311606999055335,121.68372503195666,91191.72125724805,1230.4144634259424,114.35618867955111,73667.66300375953,80733.7394468823,626.8288538825645,25202.52172188381,19123.79252080136,1.0385774124307887,1.0387527664160314,1.1747297146083031,1.192568179833697,34660.60234037489,181646.06280343534,0.06058663914469294,0.05070883617889229,0.22769902777261294,1068.2260839194932,10403.644188094691,18836.62694215189,178342.63413554875,467021.749445392,213123.01958293415,240747.21266660833,86005.30823881755,19.30436076049299,46105.45425398203,17366.761777128606,28692.706792809768,81828.34784499582,48280.91391267686,101444.72329100296,28045.86936248714,19864.892385348623,42176.31204628172,203121.35708512046,197847.28920681126,907693.0214882283,749824.3991251211,753557.8042208655,119.81526450704214,1.2105407949862723,1.138938863775774,104.56739701014068,83321.8514733596,1.261925184262195,105145.94277358655,10458.35830890802,15470.594816961639,16221.745150567102,751.150333605463,0.046305140475230495,11412421.162856078,433007.5264658786,554518.220026904,326708.4842549705,16200.099590186226,831231.9229781858,0.06729855877936883,14.859159217337682,1196039.1174437436,2936103.732157538,3263252.3953980096,4132142.849601282,9451707.75614223,0.016453462780878968,0.006575659815078315,0.07275496955594904,1.5776681249125448,0.07275496955594904,0.03944002276336502,0.018050022763365002,-0.011474362948286687,0.5374680335835768,6.16298047997474,0.07831613039469294,0.053327815957471894,0.007741586152070754,0.1273141523665363,216254.3701692284,122.61666606806831,4.843490591729097,4.203746952828296,0.041125687527523415,0.6702235742181647,1.2302011946902938,0.03576150423764723,0.04654558227954437,29032.2,24258.424902408,172731.64678446908,30496.98125401656,13025.74213074277,0,56.25,208288.96,2.2126248879907133,74.07232175381031,1.0838002223714895,1.2048082654098418,161137861.25850782,3.1521800866548366,0.0435,0.0304926484848485,0.03050813492075,0.0441803333333333,752234.2647302737,392592.3114165393,980.9630780073373,1.5792495781024485,4.4133176363813975
2029-09-01,393781.99766388815,35250.30725473632,25568.403483445312,235761.0604344977,52248.01814453512,12963.733983479558,60779.18167886569,69206.01901618848,97975.31180560526,402.6051818614479,5032.005692291757,0.6683839915657717,30739.03784717449,165.14157795203977,1.6977051443484277,1.5109979444665145,1.0965485233049816,0.11602902678261974,9137.06397284908,0.379360355688795,0.5391786925717906,23835767.208609186,72680.51417735824,4372693.983825194,1025.2378355387382,1.1435004295699451,1.117288084991717,1.2452022913571388,1.3288201583779724,122.71731013899857,91020.88389758387,1257.7665911736833,116.38630251737241,74038.94008377675,81806.08141751259,627.4484095015742,25444.302960758443,19082.09419747218,1.042255172789009,1.0455531887602516,1.1825924121318403,1.203176047469471,34800.83174378304,182642.46891827087,0.05894126965789863,0.05104501406191686,0.24235833258649891,1037.4023402073944,10432.774434304276,18914.20904941696,178817.44679627742,473789.06871875265,215726.86517888296,242456.1206652227,91249.10865464614,19.850845802587163,46841.3188691109,17711.774826945126,29237.480366737396,82722.82479652553,48671.62052824,102115.27553500814,28579.330994878976,19951.344436390533,42706.6446219693,204942.15558824694,200276.32958510594,919366.7792883357,752912.6886711698,757167.6875412228,120.86651947454448,1.2210802082210133,1.146097090971961,104.51859326002653,83783.9597036848,1.2843275728731403,107606.04961193449,10468.81964430565,15500.825336597407,16268.72696392015,767.9016273227426,0.04720108003555251,11446433.733075218,437782.92646556697,565815.9611591473,331478.9217831473,16530.160037032507,841922.3215103404,0.06867068145369742,14.562255373485261,1202195.2788851971,2961396.292560595,3272373.0110468445,4163591.571445792,9492277.093635576,0.014724211615673874,0.006827956019692105,0.07181196874039499,1.5948614461202235,0.07181196874039521,0.03944002276336502,0.018145053789390485,-0.01131709776969838,0.5320397564119473,6.208235674219406,0.07667076090789862,0.05222966365124839,0.007766729285076688,0.1280052899819842,216898.8755590677,123.46044260310819,4.850505644682689,4.20784080195129,0.041125687527523415,0.6702235742181647,1.2428034514522823,0.03576150423764723,0.04654558227954437,29118.725000000002,24340.389909412188,173246.44090058934,30587.871758456586,13064.562900021796,0,56.25,208288.96,2.2241725788454136,73.99111636422391,1.0753957212175307,1.204653804788803,162594418.466384,3.153151632489604,0.0435,0.0304926484848485,0.03050813492075,0.0441803333333333,755449.9695056508,394695.35004485096,1000.0630596064802,1.6494121570221232,4.4217058042224755
2029-12-01,396128.4792873842,35341.12503720163,25878.57438634002,236800.73503366215,52966.87829577215,13054.663082583727,61602.62816983717,69359.98446527892,98202.4179018794,402.01052158278964,5052.2139267098055,0.6681037641905309,31018.879140832378,166.94065858580922,1.7265157099284967,1.5325580767607527,1.1035979935688753,0.11519306991224426,8966.76366005512,0.3779113226645668,0.5347377460515172,24223104.373858273,73717.84277795206,4371320.843281945,1042.7400675862539,1.1503925057349362,1.1237950643525807,1.2565770970955117,1.3460001072226968,123.75174346846022,90969.14110579673,1285.5685973387701,118.50814792287966,74430.90956484506,83033.04029649356,629.4930307551734,25697.52581592967,19040.674190382186,1.0448847010178266,1.0522540485686793,1.1904289045074696,1.2139280582772334,34942.21450440656,183763.83665391398,0.05730002655773331,0.051259014326654063,0.2552318219808353,1039.6745991644566,10459.653106091087,18991.999607694386,179222.3062043625,480871.4768552634,218344.38828502788,244290.83646991945,92615.69578575526,19.993265301165945,47569.15808944413,18058.75540806866,29770.518033149634,83645.08802931069,49099.6595812258,102610.20406863291,29106.34239260908,20035.626504306816,43241.59965569231,206583.33262124113,202801.40142177802,931140.9754809533,756009.2759705783,760980.7836280159,121.9246765945879,1.2316528498450612,1.1526652959463626,104.44612102082668,84283.21442572579,1.3077422230572577,110220.71819951019,10481.012940065606,15533.22686677541,16316.705634064181,783.4787672887705,0.04801696152734962,11480446.303294359,442691.83677193115,573024.3824424344,336203.37574248255,16740.752112206526,852704.6978325307,0.07020292433483229,14.244420862448806,1208578.673191043,2986643.4110459266,3281519.296113735,4195222.08423697,9533053.891493645,0.013061041318810418,0.007020029087731174,0.07095408467332137,1.6122361398638771,0.0709540846733216,0.03944002276336502,0.018240064128647114,-0.01122003504091594,0.5270301087847596,6.2461720015934565,0.07502951780773331,0.051130078610555865,0.00778274216534645,0.12881225348550301,217543.380948907,124.33345859061994,4.857709184968454,4.212123138406458,0.041125687527523415,0.6702235742181647,1.2555348065082577,0.03576150423764723,0.04654558227954437,29205.25,24422.412368583748,173761.23501670957,30678.762262896613,13103.383669300822,0,56.25,208288.96,2.235780537106849,73.90999999999998,1.0670563941041273,1.2044993639701544,164064141.78483933,3.154123477768338,0.0435,0.0304926484848485,0.03050813492075,0.0441803333333333,758585.0689330518,396826.79660016793,1019.4053319765817,1.6357696833811275,4.423898523892289
2030-03-01,398632.05398897035,35420.96740221307,26185.51676665437,237832.38482318434,53737.28334946903,13148.77203733649,62444.95800721194,69821.00766273813,98463.39940881426,401.464492577297,5072.965688584042,0.6678376453777894,31297.150370765397,168.76249640207539,1.7558885755945424,1.5534228960339884,1.1103620566291241,0.11445017930228882,8809.575424799812,0.3767127518832476,0.5306783914614268,24607680.492435366,74783.01233624238,4371371.944111083,1059.482235827665,1.1572938599867437,1.1303097901395622,1.2678955396498939,1.36313536273857,124.7900199382202,91039.94691258797,1313.8197365194173,120.72375478189711,74839.52256359803,84424.10005494159,631.1316185977596,25964.08810637905,19001.805267377018,1.0475174159119724,1.0587504480663406,1.198280720699035,1.2248579826007886,35090.37396439617,184989.65353810458,0.05584355940725007,0.05137037022753616,0.26539105617594877,1031.6497895221983,10483.283464216656,19071.973853435764,179672.5524940232,488267.65462554665,220963.8000054099,246335.04841298447,94083.76135822147,20.146260421602737,48283.57324836678,18407.477669537206,30304.337774629035,84591.84422271067,49518.36714972439,103142.12571062955,29626.84085648869,20118.169840904768,43789.284666566,208265.981074589,205405.49215767893,943197.5436128346,759192.7886645448,764939.8657979523,122.99064444276253,1.2423689507766271,1.159141884409512,104.39314613545743,84815.89342872048,1.3321915346870197,112991.01523265784,10495.39078123451,15568.356469818551,16365.022425401787,796.6659555832357,0.04868100947539533,11514458.8735135,447673.4013065976,580711.6515006498,341075.2687280419,16965.333595414784,863745.6600031441,0.07164154776642954,13.95838073264784,1215170.3701921036,3011866.528713416,3290683.4382011252,4227036.898905519,9574032.848249584,0.011566488944485656,0.00709329976477175,0.0701731088395244,1.6298306120148613,0.07017310883952485,0.03944002276336502,0.018335053785263032,-0.011241754020491282,0.5224092291749581,6.27794834999037,0.07357305065725006,0.05015112845853346,0.007791076856308708,0.12958481051783693,218187.88633874632,125.20533703887801,4.864854336256093,4.2163470858635,0.041125687527523415,0.6702235742181647,1.26839658234909,0.03576150423764723,0.04654558227954437,29291.775,24504.492279922688,174276.02913282983,30769.652767336644,13142.204438579847,0,56.25,208288.96,2.247476591019806,73.85493850094944,1.0610314091382174,1.2044993639701544,165420447.06475434,3.155337022480466,0.0435,0.0304926484848485,0.03050813492075,0.0441803333333333,761672.301486501,399017.26634803077,1038.747736429329,1.629377605529303,4.427707046276441
2030-06-01,400872.18778337317,35489.20053328626,26474.339048225378,238867.22537274746,54420.79230933804,13243.056125813864,63262.99159006804,70507.67690571555,98553.77880825699,400.90122302011423,5093.608227311111,0.6675974361623148,31581.361091442646,170.59972661192324,1.785782946666153,1.5736761985847654,1.1169482732338052,0.11363198912901774,8649.50293856523,0.3756831813922147,0.5268826854646746,24985791.23950297,75869.85298651394,4370906.735108243,1075.5533435829059,1.1642451296974345,1.136799731884393,1.279335598802396,1.3802174162169398,125.83570596513894,91174.80527182367,1342.5384980948147,123.02756741808012,75241.95130860058,85778.12910394892,632.5204738448721,26222.834074649432,18951.42592276622,1.0495980143571089,1.0655173903625506,1.2061103748822213,1.2359196873621645,35209.47707940642,186163.8724295261,0.05423350340282,0.05137683689122613,0.2765236645819882,1034.840549563116,10503.477922673106,19140.322633287335,179900.00444371696,495445.83011854196,223616.12252635934,248324.47937169304,95865.76329979964,20.331972563337896,48982.812663657205,18756.931754994064,30822.62029885501,85535.0292710045,49949.95967465636,103441.85054453625,30120.67016123756,20193.073892875054,44306.09404950485,209651.2486481537,207935.41584867757,954825.1391075447,761913.5297113622,768607.374458679,124.06591028230908,1.2531935800676808,1.165376561809617,104.33576824785284,85292.52080293912,1.357614200648435,115794.33745117222,10509.018385649071,15602.626612960183,16413.97091382557,811.3443008653885,0.04943009627843438,11548471.44373264,452733.140598931,588629.3707307082,345518.4731574974,17196.647617969098,874393.7847918897,0.07312795640830129,13.67466081530596,1221963.8172060796,3037082.6845170567,3299854.3194444566,4259046.501723137,9615213.332310533,0.009924050222559419,0.007067383710965547,0.06932253594875716,1.6475737368273462,0.0693225359487576,0.03944002276336502,0.01843002276336505,-0.011362639052399502,0.5180533178743154,6.3045431838794945,0.07196299465282,0.04906345965673737,0.0077915609176438545,0.13036246508405744,218832.39172858564,126.168292261926,4.872673122856258,4.2212446686330685,0.041125687527523415,0.6702235742181647,1.2813901150133271,0.03576150423764723,0.04654558227954437,29378.300000000003,24586.629643429,174790.8232489501,30860.54327177667,13181.025207858873,0,56.25,208288.96,2.259233830579057,73.79991802163468,1.0550404434088165,1.2044993639701544,166787964.813112,3.1565510341022693,0.0435,0.0304926484848485,0.03050813492075,0.0441803333333333,764630.6075752595,401209.085913896,1057.8975382893252,1.6122615642204297,4.430945318026058
2030-09-01,403261.175593451,35546.0981166681,26758.355636856486,239866.700131137,55176.84983319139,13341.144300670607,64113.49089225436,74565.25849411447,98873.37432787361,400.38287673107857,5114.915431486546,0.6673559158209563,31859.571240688354,172.4603867264613,1.8160381462811304,1.5934277056490804,1.1234768864919384,0.1128927736732881,8492.749592558075,0.37473209493117116,0.5232332038753599,25365887.23486929,76983.139060475,4371723.216262003,1091.5764697077598,1.171205240945809,1.1433225913185654,1.2906632576047374,1.397263259895262,126.88709172441105,91400.02359458292,1372.0370039835411,125.42501139498641,75640.39744772547,87301.71401038345,633.9423959452562,26491.532207560413,18909.945497978348,1.051379629631132,1.0719791968947265,1.213981205805517,1.2471718552828384,35352.182304174414,187351.62885523817,0.052839334474073706,0.05129864234179799,0.2851435171466425,999.4747583895514,10520.31748236801,19217.682997760334,180398.1851277867,502935.98964362266,226275.68521839168,250523.04082825966,100823.31001759181,20.84862554627344,49667.2569310525,19105.297858968566,31339.526360978143,86481.37437649365,50345.01371768379,103953.45168122003,30621.988527012592,20271.068188245878,44857.35598687881,211293.42438335728,210485.22466547618,966958.3438250723,764992.9923701511,772376.411949455,125.14929500981256,1.2640094212354054,1.1712613640413603,104.25326752369861,85800.81945447625,1.3840700922556093,118754.34809796383,10524.589255441322,15639.504686927869,16463.089518775356,823.5848318474873,0.05002613219219301,11583260.37715528,457800.907428599,600477.925754065,350343.6058455717,17542.79994343979,885504.9279322244,0.07464512982942056,13.396721290259727,1228937.6745442688,3062285.8089064294,3309020.2768509206,4291223.483450698,9656556.271444557,0.008520944973477627,0.006980252841201913,0.06857438417269202,1.6655431368888634,0.06857438417269202,0.03944002276336502,0.018416273043411334,-0.011436020202209421,0.513851008697816,6.329433039246888,0.0705688257240737,0.048120934825575334,0.007785708033814937,0.1312024005723507,219491.60845208494,127.06701142778624,4.879928254392261,4.225578596338473,0.041125687527523415,0.6702235742181647,1.2945167542259783,0.03576150423764723,0.04654558227954437,29466.800000000003,24669.129513182,175317.36793865412,30953.508422229635,13220.732091201187,0,57.125,208288.96,2.2710525758654905,73.7449385314969,1.0490833048310548,1.2044993639701544,168166787.72250232,3.1577655128133912,0.0435,0.0304926484848485,0.03050813492075,0.0441803333333333,767552.4777837177,403432.9181449021,1076.8149244325004,1.6044760409473335,4.431838950059608
2030-12-01,405817.1204238828,35597.178938940044,27027.258034493192,240878.22388004372,55920.1196909745,13440.928178396778,64971.65186024156,74563.80232842015,99046.97187985359,399.8860446842705,5136.581924166141,0.6671385832567889,32141.361213754895,174.33985416594248,1.8468566835213676,1.612719217113122,1.1299212208827676,0.1122638431986958,8346.183752606223,0.37388692941106766,0.5197507008314931,25751610.040315926,78125.38151279294,4373308.280325389,1107.6327113994562,1.1782528741318266,1.149830982574124,1.3020656940421274,1.4142762910090572,127.94131589587231,91718.91683034867,1401.8698213039022,127.90382061415538,76051.6566705481,88832.7875271219,635.2773026036547,26772.81096331672,18867.022530760776,1.0528133328772837,1.0785408065915736,1.2218916263547934,1.2585849420316542,35492.53452869075,188646.55008168754,0.05156145990530704,0.051148612473308076,0.29256081571715825,1011.5237489067076,10535.435498016237,19293.69240488646,180745.22134419158,510755.3180438929,228960.32613952635,252824.42752327822,101645.16173367109,20.93427519615352,50344.24620014985,19457.439463319555,31844.944459044105,87446.55030974581,50793.810134635314,104277.97257623126,31115.30851042988,20348.85369830812,45409.61572080378,212741.31050577306,213155.74018362255,979188.2050724644,768018.6778805517,776349.9836024075,126.24193936789034,1.2749536419754943,1.1770231540487126,104.16860328803683,86344.64111201308,1.4114238526140985,121868.88601089918,10541.486025248076,15678.067949414217,16512.800759467358,834.7328100531413,0.050550641894577905,11618049.31057792,462988.8537246268,607751.2441853551,355126.1959934928,17755.287971213376,896704.5855717184,0.07611590176232097,13.137859196920422,1236084.257469214,3087472.1339806058,3318170.0141507285,4323556.39144982,9698038.916743489,0.007239150152767007,0.006826302720768042,0.06794153344615576,1.6836941694491634,0.06794153344615576,0.03944002276336502,0.018402523136761627,-0.011576220415993585,0.5098137992299868,6.353296076209714,0.06929095115530703,0.047254735614743665,0.007774480452806189,0.13202988481984054,220150.82517558424,128.00070934175892,4.887406667521138,4.2301358056367535,0.041125687527523415,0.6702235742181647,1.3077778635387187,0.03576150423764723,0.04654558227954437,29555.300000000003,24751.680046530004,175843.91262835814,31046.473572682597,13260.438974543502,0,57.125,208288.96,2.2829331486344326,73.69000000000001,1.043159802404643,1.2044993639701544,169557009.25179604,3.158980458793543,0.0435,0.0304926484848485,0.03050813492075,0.0441803333333333,770437.9568618159,405719.51867735805,1095.4884536890158,1.5885257352901583,4.4322309752540034
2031-03-01,408498.3125294323,35649.91486862354,27288.730148690363,241879.84046064052,56684.00574468092,13547.805809714882,65847.72876274494,74900.08115950262,99278.97906790469,399.4166053074998,5158.6917167478105,0.6669433006530456,32423.812856877583,176.23894824789832,1.8782165468582455,1.6315888202422506,1.1362757543282036,0.11175283816410271,8206.725183731756,0.37310670759693493,0.516370802840193,26144781.74254621,79299.26295570617,4375875.078053872,1123.9798515110674,1.1853330400934357,1.1563642851625187,1.3134589559281726,1.4312711746839972,129.00146789757224,92138.50735844955,1432.0398772301176,130.46043147484437,76473.41586259467,90378.32452200346,636.1719863459564,27066.942798021682,18826.249235681567,1.0541289846718211,1.0850626824426597,1.2298624058067191,1.270165851141717,35639.53517564021,190029.39170195037,0.05044564229036882,0.05094145876922235,0.29844506666385945,1001.6165805968049,10551.043363644056,19371.96413851349,181161.72761773993,518860.6078762785,231655.35672555628,255284.99047361198,102658.79586839897,21.03991153790154,51024.69553139932,19817.144232215145,32346.23346743654,88431.12603861417,51220.79806797945,104652.84940410535,31607.08011453241,20427.660496002714,45975.52352844747,214252.67354308793,215925.79040066333,991682.845081904,771134.4191530489,780432.059703863,127.3443079869875,1.2860051713130198,1.1826596950718615,104.08210247969969,86915.1113027833,1.4396361572450467,125126.13684246448,10560.069885177858,15718.761601925667,16563.05750186791,844.2958999422408,0.05097463243255458,11652838.24400056,468269.7884440379,615416.1412477385,360022.4003219638,17979.21586262353,908146.717874265,0.07751837329791963,12.900167501668111,1243385.695380854,3112654.7496079854,3327297.8439720613,4356040.444988839,9739650.80010384,0.006144023120133589,0.006639839598987118,0.06745121899386748,1.7020347471003354,0.06745121899386726,0.03944002276336502,0.018388773043413596,-0.011748933444426478,0.5058980938910976,6.377590553536858,0.06817513354036882,0.046497123122683094,0.007758982719570368,0.1328378688711423,220810.04189908353,128.93762705171758,4.894856841920413,4.234664776205431,0.041125687527523415,0.6702235742181647,1.3211748204715308,0.03576150423764723,0.04654558227954437,29643.800000000003,24834.281243473004,176370.45731806217,31139.438723135558,13300.145857885816,0,57.125,208288.96,2.2947578707023015,73.59381183101107,1.037479565747463,1.2044993639701544,170935146.34183103,3.1606790316860365,0.0435,0.0304926484848485,0.03050813492075,0.0441803333333333,773315.5385412785,408087.43868552055,1113.966870579995,1.5729378185361798,4.430161917023523
2031-06-01,410918.28268126625,35709.41005711453,27537.68125535229,242886.9812345828,57398.3419202567,13657.384862211826,66714.84356180551,75480.93769011683,99495.63643406528,398.9395466714991,5180.82784174368,0.666770982346455,32711.19693037726,178.15305896058948,1.9101144764646656,1.6500941128507858,1.1426456074920266,0.11123973495771278,8070.089254038377,0.3723726392193178,0.5130745952153525,26545398.7478585,80498.66384080179,4378269.78225659,1140.671829404375,1.1924806492773572,1.1629212053925655,1.3249650728490827,1.4482640075900537,130.06924662478397,92614.7356093896,1462.561983110161,133.08798690358626,76885.7676720094,91863.95209798776,636.7698232293814,27354.973127107474,18779.164384416676,1.0552907071268325,1.0918524751175027,1.237875484890957,1.281883506332272,35771.126837722004,191358.89700828586,0.04928264710788488,0.05067824539071095,0.3047576263138571,1007.1407739422866,10568.651717437044,19443.981972621405,181534.90962882535,526749.3700574405,234382.3491520043,257740.27908077108,103957.03015091934,21.175207613318463,51716.65331799326,20187.33464218965,32838.15202297541,89412.08876633165,51667.89129302879,104996.82052853898,32084.40018339939,20504.0771137638,46527.23518702092,215702.09301272308,218655.40312103694,1004000.5291436496,774001.2131831322,784255.176530579,128.45778283710933,1.2971562810862411,1.1882127435089898,103.98786252869581,87430.00198566931,1.4686313380643876,128402.44080318559,10578.483719521684,15759.311561265364,16613.887962822322,854.5764015569584,0.05143746440070834,11687627.1774232,473638.94488164166,623326.850574803,364682.95002294413,18210.32509276071,919426.8004207799,0.07890492944805208,12.673479426381856,1250832.0867713206,3137844.2168744574,3336405.5961803123,4388676.303645778,9781394.41096903,0.005007474464446826,0.006403072747272899,0.06696456231427472,1.7205203484681715,0.06696456231427472,0.03944002276336502,0.018375022763365022,-0.011971950016092123,0.50204911879621394,6.402763085065586,0.06701213835788489,0.04570477839822901,0.007739298951345185,0.13362499460806668,221469.25862258289,129.9329758571006,4.902704016719084,4.239590747173505,0.041125687527523415,0.6702235742181647,1.3347090166557964,0.03576150423764723,0.04654558227954437,29732.300000000003,24916.933104011005,176897.00200776622,31232.403873588522,13339.852741228131,0,57.125,208288.96,2.306643840315709,73.49774921723794,1.0318302592396302,1.2044993639701544,172324484.74903482,3.162378517895314,0.0435,0.0304926484848485,0.03050813492075,0.0441803333333333,776142.2023357471,410474.98189747304,1132.3108252360512,1.5864901987433289,4.427517264343805
2031-09-01,413479.72504469176,35777.31247236072,27778.382989386304,243874.85538704717,58157.934462471894,13773.645508051104,67604.57206989732,79678.93795984659,99738.35687803302,398.5013849251357,5203.298241470003,0.6666079713415309,32995.20532050487,180.08894877483263,1.9425643965340817,1.6682798466397808,1.149015390543867,0.11086436363445265,7939.799297310686,0.37166373030796007,0.5098316146100794,26957146.989382427,81727.7562928769,4381339.761303698,1157.981649886293,1.199669763514985,1.1695275534207723,1.3364419306757944,1.4652860800932725,131.14380637886546,93175.86676266995,1493.7816030525582,135.78665822384662,77298.29485922986,93391.06725734484,637.5736947147857,27653.751941999748,18735.788088708556,1.0563669336768176,1.0985117697906976,1.2459890605232868,1.2937840415558632,35913.38676395108,192712.29941427743,0.04836968694829057,0.05037791742568566,0.30889128777251507,987.8741524643556,10588.748296360132,19519.77905425502,181952.31078494768,534953.4707947714,237127.59800048717,260365.77074509,108726.90944043957,21.672302749977224,52423.99794889759,20569.325444370108,33324.88615170575,90402.48480677065,52093.12712752006,105360.30222521187,32564.45400707497,20581.483731750708,47098.1824018091,217193.98236584663,221429.39797410258,1016659.4746662669,777018.446669993,788208.41107687,129.58261311046783,1.3084109974608253,1.1936863094998098,103.88775636284547,87974.99333883861,1.4984112856335183,131822.72287244938,10597.540648367545,15800.838889837549,16663.071702121433,862.2328122838844,0.05174512229489222,11722976.271638237,479010.1410153418,635302.1074522375,369594.4214614788,18560.17897857729,931019.39767617,0.08030098379574158,12.453147554750517,1258408.5974200172,3163031.015510117,3345500.1901952657,4421439.612930134,9823252.31426834,0.004135980917751685,0.006144211395146773,0.06663065760391376,1.7392162823871866,0.06663065760391398,0.03944002276336502,0.018395024902868283,-0.01225081350772151,0.49827707948792027,6.430053913714225,0.06609917819829057,0.0450808227904906,0.007716850516608513,0.13446525244294943,222139.08985264698,130.8961882113648,4.910247026015975,4.244212552639799,0.041125687527523415,0.6702235742181647,1.3483818579788551,0.03576150423764723,0.04654558227954437,29822.225000000002,24996.808346872065,177432.0249594231,31326.86592053183,13380.198972692058,0,57.45,208288.96,2.318591374713556,73.40181199479235,1.0262117144596168,1.2044993639701544,173725115.51624268,3.1640789179124615,0.0435,0.0304926484848485,0.03050813492075,0.0441803333333333,778959.2287396883,412907.3107257731,1150.634270587267,1.5719692101471283,4.423370603053889
2031-12-01,416192.3602691392,35856.16559883525,28008.91309054757,244867.0110886675,58932.74651040949,13894.58656493127,68514.8826973049,79529.31980315244,99984.97509435624,398.0800292672618,5226.153633740754,0.6664742970073577,33284.32726369241,182.04210160587536,1.97560432778596,1.6862141373949602,1.1554552953057735,0.11062308128883112,7817.137368444258,0.37095265287929,0.506601456641368,27378111.73407727,82988.55129640973,4385157.013221437,1175.6814329674396,1.206947970868163,1.1761657288625131,1.3479858600926942,1.4823588046300615,132.22302745565975,93815.57520353624,1525.2233341801852,138.54645805491322,77722.84272577771,94896.60857713451,638.3334733519603,27965.00318277739,18694.641383326343,1.057450424560026,1.105290124450322,1.2541904932181065,1.3058360168030767,36063.63842259646,194165.12704997853,0.04758142699135483,0.050050550723073864,0.3120837115835345,992.1557016203296,10612.085876824425,19598.29411146542,182386.54901174444,543478.9749737555,239897.0641465749,263122.79415895924,109045.06423324003,21.705459396216312,53151.70277570696,20965.2827850906,33805.30082085911,91414.94309640037,52548.270052877495,105729.15436315064,33046.92059957739,20663.00250113091,47684.43453301957,218713.0719968785,224349.12421361599,1029625.4864345276,780143.8738527078,792352.4276540319,130.71847159911147,1.3197892427053122,1.1991732569203604,103.78361341993914,88552.15359929798,1.5288657888008512,135384.35816260483,10618.000727892615,15844.15436163337,16712.983211068942,868.8288494355729,0.05198525666985783,11758325.365853274,484532.1245418507,642393.0184359348,374606.88111448224,18767.33802217998,942893.194918566,0.08165821364848286,12.246165515017719,1266104.9014703976,3188215.364861002,3354590.138207802,4454320.2663314,9865222.91568214,0.0034019278356332144,0.005871051567352251,0.06644358213310951,1.758078934586836,0.06644358213310951,0.03944002276336502,0.01841502561599031,-0.012543974048638058,0.49452597146493743,6.458294112165396,0.06531091824135482,0.04454028728341131,0.00769239421521411,0.13530036268908954,222808.92108271114,131.8747029017927,4.917851928557165,4.248896251350391,0.041125687527523415,0.6702235742181647,1.3621947647300428,0.03576150423764723,0.04654558227954437,29912.15,25076.71081407725,177967.04791108,31421.327967475132,13420.545204155986,0,57.45,208288.96,2.3306007927779198,73.30599999999998,1.0206237639029867,1.2044993639701544,175137130.42627218,3.1657802322288306,0.0435,0.0304926484848485,0.03050813492075,0.0441803333333333,781794.724719423,415408.65186717676,1168.996871864653,1.5787631631065446,4.417949915572161
2032-03-01,419029.16721149127,35947.42120555508,28245.764805297014,245862.8278174913,59837.645908099665,14023.736676981029,69462.2166903007,79740.52176653374,100249.1642244162,397.6880334718717,5249.548815178443,0.6663648432520758,33574.8859216124,184.0154218438892,2.009789240839919,1.7039284338985425,1.1617577101732546,0.11054818643019486,7715.053953292036,0.37029599987013506,0.5033928358400622,27815052.687091164,84283.96969216425,4390135.049919092,1193.7716767792608,1.2142666711225414,1.182827338022699,1.3595663743650195,1.499507002921321,133.30877678781036,94546.26255949883,1556.8847711099463,141.36604158731143,78164.66874592821,96411.24030659627,639.2688720460449,28289.921826695907,18656.263843641565,1.060907339483928,1.1120158983868629,1.2625070456726348,1.3180582062022368,36223.27705119042,195719.93666227238,0.047013216939400075,0.04971129057854788,0.313631192107091,995.8167288238183,10639.094128238905,19679.153332010745,182852.85845125892,552304.833495366,242685.413299499,266159.7836615761,109465.79979710036,21.749306544104073,53903.40983469225,21382.33691121771,34297.89080343825,92455.30620174327,53005.5476803797,106355.07410281277,33531.86891746235,20746.061998629422,48288.80754940157,220511.3725683061,227379.14545201598,1043166.9653426262,783362.6144871006,796659.6687637095,131.86653984634006,1.3316527385472925,1.2059498245529774,103.80390110543208,89155.73354951204,1.559980007539242,139081.16189473443,10640.532200827498,15890.081016005941,16763.500807280667,873.4197912747259,0.052102462113236464,11793674.460068313,490178.6427352758,649942.5463749517,379956.82317997015,18987.895435902174,955293.9838265739,0.08285993538298808,12.06855877183449,1273908.9155889268,3213409.3259607363,3363686.4279907406,4487318.241549663,9907317.180683343,0.002888614101595681,0.005586687740743487,0.06642358359239046,1.7771363543322802,0.06642358359239069,0.03944002276336502,0.01843502490279971,-0.012848337162056224,0.49088361968069866,6.487345814917652,0.064742708189400075,0.044148059361431166,0.00766706390860044,0.13606361486756988,223478.75231277524,132.86333938751292,4.9254779575928955,4.253601076555524,0.041125687527523415,0.6702235742181647,1.3761491717482268,0.03576150423764723,0.04654558227954437,30002.075,25156.640505626565,178502.0708627369,31515.790014418435,13460.891435619915,0,57.45,208288.96,2.342167405036931,73.30599999999998,1.0206237639029867,1.2044993639701544,176343282.10826254,3.1657802322288306,0.0435,0.0304926484848485,0.03050813492075,0.0441803333333333,784670.1814848494,417994.79092014756,1187.4542695193911,1.5857410887562429,4.412460283780439
2032-06-01,421477.21766073257,36050.00450016121,28470.26193623158,246867.95589008578,60611.632192186225,14155.521902820174,70370.5217896531,80237.49178262425,100176.18380457824,397.2437660693566,5272.404694298144,0.666279822177756,33876.22831848168,185.99946773092785,2.044817608597405,1.721416896472558,1.1682256843447432,0.11030574543116171,7601.491313779343,0.3696626197126337,0.5002174104313738,28252515.056567196,85603.81738682206,4393416.643999484,1212.0332956563752,1.2217131785487862,1.1895407673672358,1.3714089247321188,1.5167533844886034,134.4076465397986,95277.93336373087,1588.8098895731796,144.2391598839531,78587.86022164201,97741.76980580502,640.5245631786016,28602.13251547594,18600.702371845135,1.0646039370240783,1.1194338652688498,1.2708754698230271,1.3303849526591278,36338.6957237479,197173.87556010328,0.04610394145262114,0.04934034903415368,0.3181081993603676,1005.1280725944671,10669.454952206182,19742.04870843891,182902.63060861017,560726.9492643194,245533.06831516128,269017.74176386633,110414.77444257349,21.848204367810762,54678.966336448895,21817.089360407987,34782.49420423001,93483.46268941113,53473.504508142214,106647.9596744017,33984.29621769098,20822.25615283006,48841.98570554799,221886.05775047073,230343.5857111069,1056038.0067174847,785866.273360823,800567.4943172253,133.02957984098947,1.343788438271748,1.2131375968303073,103.84445515001283,89676.59880340536,1.5916849845742538,142736.8957830698,10660.394919317394,15932.799613615538,16814.635642381963,881.8360287664254,0.052444544371440874,11829023.55428335,495907.724439515,657700.3684730928,384676.53861855203,19214.538107060453,967080.8106716387,0.0842630132349836,11.867603134619788,1281825.2425181556,3238630.018600215,3372801.411435438,4520455.261118371,9949569.183696749,0.0020608651444330925,0.0052972727259656335,0.06626266912297367,1.7962973574655452,0.06626266912297389,0.03944002276336502,0.01845502276336499,-0.013157750037399357,0.48719488342348244,6.516326688685676,0.06383343270262114,0.0435231384464525,0.007639385061371899,0.13690894117442853,224148.5835428394,133.98798066485261,4.934064184264954,4.259266099396986,0.041125687527523415,0.6702235742181647,1.390246528570852,0.03576150423764723,0.04654558227954437,30092,25236.59742152,179037.0938143938,31610.25206136174,13501.237667083842,0,57.45,208288.96,2.3537914216011173,73.30599999999998,1.0206237639029867,1.2044993639701544,177557740.4347465,3.1657802322288306,0.0435,0.0304926484848485,0.03050813492075,0.0441803333333333,787441.8439506865,420576.35676016985,1206.013614927731,1.5329511085512282,4.4043076308188045
2032-09-01,424111.41850963124,36159.86284855088,28706.831002984276,247825.39822594644,61546.24542537945,14295.831249568428,71342.89868569718,84575.50324752588,100616.52473575927,396.86539395810024,5295.831902571823,0.6661773638278181,34166.025953717515,188.00968149319453,2.08020554964141,1.738643774588162,1.174684415936038,0.11026371125179081,7493.717645896754,0.369053239566586,0.49711023473824106,28701914.4434888,86954.98017907186,4398370.981074005,1230.9961949803283,1.2291488401325474,1.1963391277973676,1.3830784207514886,1.534152767767005,135.51386394854134,96084.99948940695,1621.352342591604,147.17401886439535,79004.58526863763,99269.83454313924,642.3036637148799,28928.755312584726,18562.579660009535,1.0684383312578392,1.1262168501626475,1.2794024159711217,1.342919628895752,36502.291100776776,198630.68911981248,0.04564721018248922,0.04896723387160382,0.3188926177407775,957.4423358606582,10701.968920387855,19823.436821859534,183549.83231840513,569547.5497914561,248359.4395727714,272198.7301626367,114865.50164207688,22.312038924448053,55474.753671179635,22262.295140280705,35284.968031199176,94516.27571432752,53880.0981443677,107502.55178563774,34465.89502126782,20905.489995589167,49465.665100407154,223929.16190290186,233328.37503567964,1069926.1669328047,789106.0674562765,804616.8988874172,134.20358501832305,1.3558711772246135,1.2199911003702277,103.85692393799977,90237.0707881199,1.6240712725613107,146551.43438706695,10682.591457316055,15978.423359887878,16863.85948151434,885.4361216264624,0.052504943775724656,11864235.06514587,501582.2024821369,669901.0401675334,390239.6639588409,19570.977425695495,979799.0775846993,0.08571228515216056,11.66693897175594,1289839.7353512233,3263858.3678074507,3381946.267108711,4553698.103158674,9991956.881410325,0.0016648738301055302,0.004984897519220134,0.06628137489940712,1.8157110779086822,0.06628137489940712,0.03944002276336502,0.01859131036354713,-0.013606412844326995,0.48359162029830927,6.5475149215913495,0.06337670143248922,0.04320507213666239,0.00761156183240092,0.13787179725973392,224815.80770111567,134.96474998515484,4.941484921820449,4.263765633121884,0.041125687527523415,0.6702235742181647,1.4044882995845145,0.03576150423764723,0.04654558227954437,30181.575,25314.368811055876,179570.03438592193,31704.346449517943,13541.426865675794,0,57.775,208288.96,2.3654731273641176,73.30599999999998,1.0206237639029867,1.2044993639701544,178780562.6127429,3.1657802322288306,0.0435,0.0304926484848485,0.03050813492075,0.0441803333333333,790272.174545301,423188.61573664274,1224.7884529345013,1.5556414185643241,4.398233635238369
2032-12-01,426831.33487367426,36276.85562366706,28935.31658212121,248819.56266202,62423.053831541,14437.738475287055,72313.84068073344,84313.15345974661,100721.25148316809,396.47870983481397,5319.382584949673,0.6661155770693676,34468.40600672174,190.03466520741222,2.11652289741977,1.7557017712192176,1.1812760591302172,0.11031319315888743,7394.595040391324,0.368419543993751,0.49396705288670106,29158765.595921982,88336.65498049256,4403311.095177195,1250.0266830063133,1.236764106819845,1.2031461198736755,1.3949984456045694,1.5517144683744932,136.62459330990657,96943.57602343848,1654.0327000956497,150.15336538986688,79429.69880722703,100642.72008440882,644.739421669447,29265.388651315752,18517.53749059529,1.072641458267887,1.1335085672453316,1.288031946819122,1.3555831196930006,36650.23226875045,200181.60578640038,0.045160699882793344,0.04859029514989802,0.32014294312654873,994.1644360735663,10736.594412427117,19897.799943403723,183831.82118591754,578605.353543057,251243.37011440154,275383.5976623157,114771.76529305044,22.302270148258778,56291.321738376784,22724.247914211155,35786.16096823659,95565.53302238195,54387.221660428506,108037.79006947199,34934.60260399956,20989.78738987638,50073.230784316445,225624.97084766434,236469.7383937177,1083758.4414150403,792066.219675151,808845.979435455,135.39115887206412,1.3682674750371229,1.2273444792753234,103.89988604179676,90815.78023749622,1.6569484824136962,150477.0692437351,10705.020204585971,16024.402789535645,16914.11059853182,889.707808996176,0.052601505619042976,11899446.57600839,507477.48689436115,676888.5637519564,395553.7532112774,19775.11603443397,992466.1663964862,0.08719063290791475,11.469121930289656,1297962.8994616773,3289087.7810044857,3391128.031770813,4587050.680466163,10034491.223379916,0.001255671699582607,0.004685266966687286,0.0664081649756767,1.8352674397581799,0.06640816497567692,0.03944002276336502,0.018727572893486165,-0.014042305926798879,0.4799698265525276,6.577887679818727,0.06289019113279334,0.04286648015303223,0.007583471616708248,0.1388500993092128,225483.03185939195,136.04071547707724,4.949582711968333,4.26894221943917,0.041125687527523415,0.6702235742181647,1.4188759641770763,0.03576150423764723,0.04654558227954437,30271.15,25392.155927274503,180102.97495745006,31798.44083767415,13581.616064267748,0,57.775,208288.96,2.377212808633478,73.30599999999998,1.0206237639029867,1.2044993639701544,180011806.24324945,3.1657802322288306,0.0435,0.0304926484848485,0.03050813492075,0.0441803333333333,793102.4757925853,425843.0933941913,1243.7533242103664,1.5282239881683868,4.390502818321074
2033-03-01,429620.21475984534,36400.89171465002,29164.2648562973,249794.07940426096,63332.04289696049,14589.555414277474,73306.89976767132,84456.33286045196,100940.08986870252,396.10422203758554,5343.189936393951,0.6660612905945672,34770.70436430599,192.0796525515781,2.153518101753451,1.7726623110849193,1.1879586772674786,0.11041829438162698,7297.0642710078955,0.36776313131333205,0.490808744804917,29622359.308104727,89751.1214684992,4408701.317320636,1269.3544973500468,1.2444050421998938,1.2100455406697104,1.4069253583565031,1.5694713107165683,137.7464814777662,97859.70183512302,1686.8740380943675,153.18440543275645,79851.92283443168,101999.95072149821,646.9448433955492,29614.41613716681,18474.77753368735,1.0771506364629797,1.1408121211930884,1.2967887755695806,1.3684089588649924,36806.099629296135,201775.16761452274,0.04477396616694038,0.04821582209784672,0.32070985932666946,974.5167422409577,10773.304462912256,19974.764933931434,184240.73196561745,587896.1518605506,254141.25018766266,278702.61605119915,114969.39174177771,22.322865878375744,57130.155230643635,23200.506176582785,36292.158239229524,96624.46218983679,54834.31904179799,108727.68204670328,35408.512971160904,21076.250146776278,50699.107208556576,227501.11237319701,239700.56122477222,1097919.5540747289,795129.9437334097,813094.3532552071,136.59240816689874,1.3808051976926288,1.2348035635011085,103.94330940377334,91409.16287405041,1.69039613232924,154517.69538174837,10728.25774245923,16071.44767885318,16964.55360985376,893.1059310005803,0.05264540536108536,11934658.086870909,513431.15127910854,684320.1986194369,401060.5076581475,19992.2292340061,1005434.3931305907,0.08865823560934472,11.279268001748937,1306184.9171515862,3314326.629152669,3400353.545422052,4620511.546304256,10077177.602869248,9.50298417341261e-4,0.004392154348247607,0.06659462663202786,1.8550169874702718,0.06659462663202786,0.03944002276336502,0.01886381035836506,-0.014471656010117455,0.4763617593736799,6.608479766013706,0.06250345741694038,0.04259578722308803,0.00755558319796167,0.13983923758323039,226150.25601766823,137.10639888369982,4.957542954951198,4.273981258591438,0.041125687527523415,0.6702235742181647,1.43341101689134,0.03576150423764723,0.04654558227954437,30360.725000000002,25469.958770175876,180635.9155289782,31892.535225830354,13621.8052628597,0,57.775,208288.96,2.3890107531376694,73.30599999999998,1.0206237639029867,1.2044993639701544,181251529.32395747,3.1657802322288306,0.0435,0.0304926484848485,0.03050813492075,0.0441803333333333,795956.4281010957,428546.61632218125,1262.9312137683296,1.5021560933200284,4.382366774959912
2033-06-01,432068.010626061,36529.908459633625,29388.680671078622,250778.5938480554,64192.62192148324,14742.621391353785,74291.7886845756,84897.7929351638,101150.11726198082,395.70974514128227,5366.832479323817,0.6660192073466695,35079.48880468002,194.13965858520072,2.191232606585051,1.7895090235036373,1.194725560957735,0.11047960001889118,7200.275045960175,0.3670977111286366,0.48765236539793066,30091973.902054895,91189.8262781221,4413429.411666256,1288.858115402656,1.2521446637436062,1.217005546400862,1.4190426827065807,1.5874477114005667,138.87859928300446,98776.85505251409,1719.9151796614171,156.2613429558682,80253.06061429624,103260.71542510159,649.173321704265,29954.541049263386,18425.659878820097,1.0819123144904055,1.1484164206508038,1.3056432277623886,1.3813613673211682,36946.07111436903,203267.06770314454,0.04428066436997951,0.04783720827037061,0.3223970025277595,984.51444379444,10811.488600966295,20045.02990546557,184611.8781606355,596842.0590011769,257086.33958374494,281958.42809919006,115580.3331050949,22.38653541004626,57989.3195819176,23690.48634815994,36798.87967675596,97668.41895599836,55320.878910527994,109435.55747788558,35870.7618922309,21160.3303661637,51310.18605373842,229366.3957900186,242848.36148587326,1111914.416362427,797926.9620309856,817012.1261118522,137.80772974032584,1.3935040093080824,1.2424249082740009,103.99249408190684,91929.97396098312,1.7243502628022012,158519.47475902076,10750.46952325425,16117.302002578068,17015.31041329616,898.0084107180919,0.05277648554060619,11969869.597733429,519468.63145337533,692075.3396244047,406344.89621627686,20218.793577753575,1018250.3738815995,0.0901595171796241,11.091452475368827,1314504.6735795753,3339571.8672908195,3409629.502388563,4654076.540870395,10120018.554401897,5.160721720668879e-4,0.004072616072457985,0.06671500782097856,1.8749115787812127,0.06671500782097856,0.03944002276336502,0.01900002276336501,-0.014927406690907023,0.47277215544490314,6.6388193159257245,0.06201015561997951,0.04225122819706281,0.007527404690738963,0.14083253938617232,226817.4801759445,138.23238613998146,4.9658791266169,4.279396226426543,0.041125687527523415,0.6702235742181647,1.4480949675802968,0.03576150423764723,0.04654558227954437,30450.300000000003,25547.77733976,181168.8561005063,31986.62961398656,13661.994461451652,0,57.775,208288.96,2.40086725003314,73.30599999999998,1.0206237639029867,1.2044993639701544,182499790.25198248,3.1657802322288306,0.0435,0.0304926484848485,0.03050813492075,0.0441803333333333,798780.4876133329,431222.84964219644,1282.3180092491666,1.5346998693027025,4.376459219791262
2033-09-01,434573.17106672004,36661.02113447852,29611.638790071425,251741.74259801742,65093.18859749966,14900.804093800669,75297.15347296663,89422.62659944347,101384.23394333388,395.32386575572,5390.466048337517,0.6659737699284639,35386.741932621626,196.2194428148745,2.229664974374272,1.8062743580890157,1.201599213055302,0.11054611007785194,7104.06488065504,0.36640240127133417,0.4844711196612343,30570043.240494914,92654.84142552793,4418152.298425592,1308.787640974895,1.2599702267282282,1.2240531435359179,1.4311971027250316,1.6056774798133617,140.02107459263772,99719.64513422092,1753.565164685464,159.38845945334901,80633.39342201821,104555.35130830324,651.8991259878769,30301.958887000525,18378.341708523,1.0869813816850513,1.1559886972996452,1.314622233744783,1.3944704310473577,37092.51717975183,204720.27376929228,0.043838031671675944,0.04745779817568289,0.32360237369284706,963.1487499620125,10850.2930559814,20117.22029428909,185017.31312589778,605999.4382807103,260047.8917822266,285312.7501854884,120197.79211478704,22.867745998012733,58865.77602259386,24192.518388618108,37309.78324012069,98699.55771438316,55775.29781532507,110202.77469280554,36337.219173602345,21245.15529016324,51937.34114854726,231312.05030511838,245991.71985764758,1126210.5936914484,800800.6248468035,820933.5587454583,139.03720697413416,1.4063557934859368,1.2502184060348918,104.04620712558275,92462.99035750866,1.758858120294294,162629.2814169971,10772.478650661,16162.944698998517,17065.190597122964,902.2458981244472,0.05287053564491329,12004933.697861107,525502.5086691049,704477.2837637685,411855.1390502161,20581.113016346364,1031342.2878779812,0.09176424159118429,10.89749103419898,1322916.076540824,3364802.303890432,3418960.4809333542,4687718.380431256,10162991.37250755,1.7133718830093098e-4,0.0037911036923078748,0.06687941559447692,1.8949971788178,0.06687941559447715,0.03944002276336502,0.019110058338813317,-0.015318954646505442,0.4691866729704773,6.670020168234225,0.06156752292167594,0.041942654615599026,0.007499185370260512,0.1419105858648032,227481.9110430195,139.33621445190317,4.973989925548289,4.284585821527335,0.041125687527523415,0.6702235742181647,1.4629293415639644,0.03576150423764723,0.04654558227954437,30539.500000000004,25624.418509690004,181699.56555046787,32080.330082013726,13702.015410537917,0,58.1,208288.96,2.4127825899114,73.30599999999998,1.0206237639029867,1.2044993639701544,183756647.82661366,3.1657802322288306,0.0435,0.0304926484848485,0.03050813492075,0.0441803333333333,801595.4165999832,433883.6650358868,1301.9598429954522,1.4820006932939833,4.366669448337501
2033-12-01,437203.80758483784,36793.921251616695,29830.33306781861,252704.3774739342,66026.30979095557,15061.702434478655,76326.4758269676,89094.36912394808,101632.96287734646,394.94821297427734,5414.309684542209,0.6659307241227168,35696.83698799745,198.31766935210607,2.2688436594380614,1.822939999868267,1.2085271278336556,0.11067760933083563,7012.379707563326,0.3657140693330234,0.4813138385502515,31057310.78481118,94148.47874203512,4423218.679772842,1329.0599972706939,1.2678842704169875,1.2311534442120262,1.443447897199165,1.6241816160216358,141.17092714170357,100692.69907228736,1787.3112920274136,162.5596676152436,81008.93669129886,105865.38354884625,654.4091022996365,30663.005963468866,18333.375788004778,1.092226796405103,1.1635772158961561,1.323725458704148,1.4077250370055003,37247.48039490098,206234.25986670054,0.043477890187448034,0.04708262945296211,0.3242346688467582,962.6348759167886,10889.626527158702,20192.098163983606,185450.91722423583,615462.7473078938,263039.9072553955,288770.19308815803,119893.80721168953,22.836066073265066,59760.010478223616,24706.86009979254,37821.41007798693,99734.43047469956,56258.69177837559,111006.24545268288,36808.98342439231,21332.298357384596,52582.61341040598,233319.70064486578,249239.69773760333,1140864.06037963,803781.2675043917,824994.5843243927,140.2797458048118,1.4193713017407057,1.2581210389094488,104.10366552256818,93022.70396893981,1.7938525310930529,166869.01296380244,10795.089594128234,16209.399278670444,17115.132294866977,905.7330161965328,0.05292000513671216,12039997.797988785,531631.1061645494,711453.5253270657,417555.03176535264,20784.922023893723,1044761.3943436707,0.09332197193968433,10.715590114687224,1331416.2058154328,3389997.377848795,3428348.138074068,4721413.583664228,10206074.232881235,-1.0891612314482824e-4,0.0034958231423692504,0.06709080302024277,1.9152608861830571,0.06709080302024277,0.03944002276336502,0.019220070193887405,-0.015724247051518155,0.46564108350330946,6.701672128422377,0.061207381437448034,0.04168987119491352,0.0074712996697294445,0.14296991167734888,228146.34191009452,140.43847983220516,4.982026834771106,4.289701526919554,0.041125687527523415,0.6702235742181647,1.477915679787833,0.03576150423764723,0.04654558227954437,30628.700000000004,25701.070208788,182230.27500042945,32174.03055004089,13742.036359624182,0,58.1,208288.96,2.4247570648061476,73.30599999999998,1.0206237639029867,1.2044993639701544,185022161.25208506,3.1657802322288306,0.0435,0.0304926484848485,0.03050813492075,0.0441803333333333,804425.8145889345,436553.8403313181,1321.8807530788167,1.4790490413851165,4.358680631059286
2034-03-01,439890.35198759846,36930.168928185114,30046.91563392808,253668.0927788384,66973.95507107307,15227.445961859037,77373.4936423517,89205.74608470673,101898.37141841023,394.57946487770283,5438.362894859493,0.6658995414959388,36010.36459198422,200.43442098819892,2.3087893208047836,1.8394939540333943,1.2155214150758487,0.11086643461712042,6924.715561872092,0.3650232824216546,0.478167560166428,31553170.574550867,95671.84906891776,4428588.366745385,1349.6240514273902,1.2758775743049464,1.238313106971969,1.4557942541493878,1.6429741937073914,142.32948532476988,101706.84469411397,1821.190192976799,165.77376219589488,81383.16074888191,107135.61010346004,656.9040046197242,31035.8859944197,18288.903545720663,1.0976706106723007,1.1712569803023152,1.3329534312369447,1.4211236293505705,37405.65880012469,207799.60787743595,0.043174707502996484,0.04671485222335468,0.32448004052038554,963.7153049042099,10929.950750904167,20267.6830362601,185905.61680051568,625138.5746656134,266062.39104556484,292317.62536381744,119974.56822478876,22.84448261892723,60675.3145182627,25234.953570609767,38336.18583436153,100777.83365896683,56748.57438963053,111850.84758135927,37282.28040746564,21421.005940001087,53239.281652556965,235382.97558138295,252584.8734193874,1155771.929845005,806790.0535809346,829114.0178515468,141.53584563791986,1.4325560015526673,1.2661423556339264,104.16454534903599,93594.31295390712,1.8293201952637264,171213.9668484157,10818.295217611878,16256.65811247137,17165.380210639247,908.7220981678765,0.05293922748764277,12075061.898116462,537864.0511013169,718956.1514155782,423352.4641945293,21004.1092127582,1058413.473526668,0.09486368050070937,10.54144214858417,1339999.3816398294,3415152.8822606285,3437793.8091225955,4755152.263900458,10249258.584165992,-3.2166666072372396e-4,0.0032184780596344748,0.06737006045340022,1.9357035004373355,0.06737006045340044,0.03944002276336502,0.019330058333700516,-0.01611158027406604,0.4621264859866477,6.733494400679077,0.060904198752996484,0.04147625538444914,0.007443980895151762,0.14402836736920216,228810.77277716948,141.5551254601161,4.990103732122594,4.294857220440445,0.041125687527523415,0.6702235742181647,1.4930555389829332,0.03576150423764723,0.04654558227954437,30717.9,25777.732437054,182760.984450391,32267.73101806805,13782.057308710446,0,58.1,208288.96,2.436790968200423,73.30599999999998,1.0206237639029867,1.2044993639701544,186296390.1403655,3.1657802322288306,0.0435,0.0304926484848485,0.03050813492075,0.0441803333333333,807277.5819180881,439241.8272093166,1342.091126668176,1.4664407924039002,4.349637416372021
2034-06-01,442222.4398406505,37069.42460769718,30259.25897187287,254633.88273742105,67870.40917075166,15395.44600711062,78409.38257997493,89641.79574119879,102179.38957641606,394.18848965401764,5462.184819818942,0.6658744396706373,36329.84607277987,202.56600047000782,2.349474542268249,1.8559405608379744,1.2225648149227715,0.11097598047183724,6836.136557373872,0.36433862639436904,0.4750461477417554,32055495.8441375,97216.21366390148,4433156.713633774,1370.425294254215,1.2839532719845597,1.245532958064439,1.4683163541456807,1.6620673026281032,143.4999514037437,102718.78390794885,1855.246594932378,169.0296211312846,81728.74147283065,108337.75720402636,659.220077542104,31398.80079317994,18237.896521853294,1.1032681590567086,1.1792002075268728,1.3422765889666708,1.434639163532027,37546.46132120286,209251.98228492847,0.042724630868146214,0.04634508655095614,0.325971020821987,965.7899585826381,10971.16523117937,20336.11001412079,186344.857433593,634429.6323121802,269130.1917329518,295792.822458966,120502.24852029217,22.899475060597968,61611.87856769109,25776.473409674476,38851.474564764314,101795.84017635655,57244.31184485459,112731.26703151078,37742.61142487008,21506.131363423036,53879.15374975153,237448.72356955544,255824.11099439661,1170464.4151836317,809513.9073751282,832851.0063693025,142.80619843266885,1.445885496314246,1.2742435012148063,104.22707128990125,94090.50515127704,1.865248730784324,175502.1953122754,10840.19609691028,16302.380916729222,17215.787571897312,913.4066551680899,0.05305633124847567,12110125.998244138,544162.1394257155,726827.0010118652,428905.4669360397,21234.053951657927,1071868.3118389992,0.09643167189675712,10.370036942537224,1348662.1670194974,3440268.149860162,3447300.3788560582,4788930.316879659,10292543.206878657,-6.788753820158797e-4,0.0029415803007940486,0.06757247422167514,1.9562893152093443,0.06757247422167514,0.03944002276336502,0.019440022763365004,-0.016498442462570956,0.4586534426186351,6.765327306035852,0.060454122118146214,0.04116294737454186,0.007416531912032722,0.14507855119840643,229475.20364424452,142.73077472299812,4.998531877031503,4.300364161518757,0.041125687527523415,0.6702235742181647,1.508350491827544,0.03576150423764723,0.04654558227954437,30807.100000000002,25854.405194488,183291.69390035258,32361.431486095218,13822.078257796711,0,58.1,208288.96,2.4488845950338027,73.30599999999998,1.0206237639029867,1.2044993639701544,187579394.5139648,3.1657802322288306,0.0435,0.0304926484848485,0.03050813492075,0.0441803333333333,810092.7977179996,441872.9327381641,1362.5883855083553,1.452131071577023,4.340350625016209
2034-09-01,444628.39867526875,37208.842074879474,30468.776703820156,255579.7093934004,68816.64726331459,15566.861613837222,79467.63323656468,94395.602182816,102475.81303687427,393.8122854106925,5485.942799148988,0.6658399959778042,36646.894989602246,204.7188838363698,2.3909221099022453,1.8723073335770035,1.2296793512567596,0.11111511139400088,6748.9681597880135,0.36364180320621653,0.4719248972279683,32567579.30640646,98784.64991687983,4437691.305153498,1391.7095624785686,1.29209000604641,1.2528328360015675,1.480881134331723,1.6814818417826125,144.68101587319384,103750.8958285678,1889.9188577530563,172.33252549767855,82055.87609353769,109594.05535779984,661.7219187458029,31770.539381114795,18189.085227139814,1.1090742818192267,1.18704555815186,1.3517329727240892,1.4483131411854642,37694.637568236576,210667.97211709592,0.04237797852560654,0.0459797162738858,0.32663424601011914,945.8266559793556,11012.427594562583,20406.84390326455,186811.37973551522,643961.1539146777,272216.04543154954,299372.5773233991,125266.16101120971,23.395948364630204,62565.9923026667,26329.85661953728,39368.4018754657,102802.29496618353,57718.09525766426,113653.28874771268,38207.88349524338,21591.27282572193,54536.98456344325,239578.98963212126,259054.05528352765,1185486.7747163384,812329.591700811,836616.1571670506,144.09096313555705,1.4593667264776766,1.2824646441309606,104.29260626522297,94602.41468305925,1.9016964145458186,179905.07281015048,10861.650431175922,16347.59323032491,17264.485836965476,916.8926066405656,0.05310858859879186,12145052.515019298,550433.3436268717,739613.8748021339,434728.1632816447,21607.619005732155,1085625.2368196144,0.09804786495934331,10.199100209011808,1357399.05229203,3465315.2002535285,3456870.3694829578,4822714.252545559,10335897.133171456,-9.38019622009123e-4,0.0026637181262701357,0.06779911324638521,1.9770808731052085,0.06779911324638521,0.03944002276336502,0.019440022763364893,-0.016776304637094758,0.45520711239445005,6.798149425193971,0.06010746977560654,0.040920087356705125,0.007389426444434172,0.1461829279767981,230137.02743953167,143.8752445958127,5.006675486441722,4.305586567098379,0.041125687527523415,0.6702235742181647,1.523802127110558,0.03576150423764723,0.04654558227954437,30895.95,25928.880723982504,183820.3209701854,32454.76429533528,13861.942174011001,0,58.425,208288.96,2.461038241709628,73.30599999999998,1.0206237639029867,1.2044993639701544,188871234.80876234,3.1657802322288306,0.0435,0.0304926484848485,0.03050813492075,0.0441803333333333,812895.1676026967,444466.6961968478,1383.4186616501263,1.439680052224368,4.331599814761566
2034-12-01,447149.7125704897,37348.69914162408,30673.36146581627,256524.38105325124,69790.81200390725,15739.993638388283,80548.73908187514,94026.00790304356,102787.20528911531,393.4411584304562,5509.866920560088,0.6658135572730509,36968.38966492481,206.88967121978212,2.433157075414157,1.8885471072224218,1.2367898274027538,0.11130697296002011,6665.325292246713,0.3629819862608344,0.4688677611785545,33088361.238185965,100379.09517744348,4442433.018569023,1413.2875527420204,1.3003190293197875,1.2601702118878677,1.493560169483783,1.701223620763465,145.86993728918975,104808.45288908761,1924.667883729792,175.67596243938527,82379.4355994018,110861.1698292932,664.3893855539399,32154.24101298054,18142.208183943858,1.1149141670948073,1.1948938733738317,1.361306254845831,1.462120702346043,37850.02341957138,212147.63420537635,0.0420729916826968,0.04562095713127138,0.3270129467119646,944.6716598508356,11053.82006299827,20479.81105032755,187304.24794295809,653786.8530149997,275336.2460788067,303042.23862623883,124854.79970677424,23.353078159446238,63538.48918451903,26895.680496639205,39885.15560720518,103812.10978465599,58218.3254712547,114598.91137291698,38677.08791555788,21678.013408467104,55211.8054260724,241755.37812301435,262382.03589277,1200846.2018683248,815234.1747027911,840507.533040829,145.38867237311962,1.4730076843283035,1.2907095315672654,104.35964971330193,95138.86800761636,1.938591376921272,184435.38912961615,10883.5127781676,16393.379698727687,17313.386781502802,920.0070827751151,0.0531384736833085,12179979.031794457,556817.3498332347,746688.6118941866,440711.5770387843,21814.305533471637,1099690.835943045,0.09967846375431604,10.03225734362003,1366206.029342107,3490276.7112808647,3466503.4368766304,4856482.740622971,10379298.688642541,-0.0011505995166167168,0.0023973659319578636,0.0680833817607066,1.9980453397674682,0.06808338176070682,0.03944002276336502,0.019440022763365004,-0.01704265683140714,0.45183409621548826,6.831117012316497,0.0598024829326968,0.04070608520967044,0.00736282809748547,0.14730563438341018,230798.85123481884,145.02537464852517,5.014794847860261,4.310784724686321,0.041125687527523415,0.6702235742181647,1.5394120498965183,0.03576150423764723,0.04654558227954437,30984.800000000003,26003.355732816002,184348.9480400182,32548.097104575347,13901.806090225291,0,58.425,208288.96,2.473252206102271,73.30599999999998,1.0206237639029867,1.2044993639701544,190171971.87685135,3.1657802322288306,0.0435,0.0304926484848485,0.03050813492075,0.0441803333333333,815705.3946990006,447049.5439653011,1404.5842222262472,1.424878590908052,4.322359119931352
2035-03-01,449723.71094683686,37489.79354152957,30874.409943373754,257468.92486954536,70780.53042151769,15917.187266939365,81646.66002678311,94124.13548904106,103113.20168497627,393.0753044358624,5533.950691315522,0.6657927256880363,37292.80600974117,209.07920928945705,2.476200857543935,1.9046119417571072,1.243883104149946,0.11153866058323145,6585.022096186685,0.36235786858145275,0.4658720169237508,33618002.40520727,102001.00658419225,4447371.140166701,1435.1525977101223,1.3086131678008803,1.267550792689168,1.5063393721098772,1.7212937921655875,147.0683885606953,105899.1905840679,1959.5358812118236,179.06114246164677,82700.57265902254,112112.18970496235,666.8293076656238,32549.21575873454,18095.6775714979,1.1207842015467566,1.2027646146748954,1.3709981378423792,1.476065543934509,38007.68361316483,213678.3198470663,0.04181267834137972,0.04527105474886472,0.32709615348103105,944.5438162941136,11095.578735838199,20553.179093289105,187814.7419629281,663821.675240285,278488.37040816963,306792.78405804257,124866.16706900601,23.35426281426433,64530.94889260439,27474.881580628797,40402.65939998133,104827.17544694149,58723.71516935756,115567.6474194258,39145.83034215094,21764.84066156382,55897.28781912897,243965.16624226954,265790.8517809139,1216443.740599324,818154.7160985398,844448.2673037336,146.69966710799713,1.4868138231552737,1.2989670762395464,104.4283881584873,95686.53087062336,1.9759469758851687,189071.51130675105,10905.751744179239,16439.70243549476,17362.429662861778,922.7272273670169,0.053145044408124176,12214905.548569616,563290.9090360763,754340.7881804389,446793.1548030215,22037.861790852927,1113974.488902983,0.10126455126882222,9.875123994233157,1375077.0466532158,3515150.517169771,3476199.517467436,4890227.563822987,10422739.592433361,-0.0013175797182731486,0.0021407966892118477,0.06840840252357858,2.019190891938171,0.0684084025235788,0.03944002276336502,0.019440022763365004,-0.017299226074153157,0.4485395702631429,6.864157381249915,0.05954216959137972,0.040522927018353416,0.007336902295826673,0.1484045644974533,231460.67503010598,146.18772837949768,5.022934933584553,4.316003606580015,0.041125687527523415,0.6702235742181647,1.5551818816923484,0.03576150423764723,0.04654558227954437,31073.65,26077.8302209885,184877.575109851,32641.42991381541,13941.670006439579,0,58.425,208288.96,2.4855267875644316,73.30599999999998,1.0206237639029867,1.2044993639701544,191481666.98940983,3.1657802322288306,0.0435,0.0304926484848485,0.03050813492075,0.0441803333333333,818527.2128781622,449632.8559925583,1426.0846134666158,1.4086269987046984,4.313025805965287
2035-06-01,451927.0069675745,37631.61653674466,31069.943219708985,258413.92955039442,71713.42804131706,16095.586746021198,82730.3882100201,94567.96674462414,103453.41854033266,392.68453707142424,5557.743011342253,0.6657755155176129,37623.44309827823,211.28316315862992,2.5200129747083757,1.9205028634773382,1.2509601733537827,0.11167361553602888,6503.271637129811,0.3617680766097968,0.4629381530040939,34154059.11530898,103640.99392029407,4451379.6151093375,1457.240078507991,1.3169825070993926,1.274969379680664,1.5193095950466262,1.74169111842439,148.27937100714257,106977.37968526153,1994.5734410631844,182.48694005953112,82993.46302693426,113285.62692709899,669.0406715792079,32932.11941249747,18042.438832270458,1.1266728744724255,1.210862990687799,1.380774570707436,1.4901166218538697,38146.52528465189,215091.05618149904,0.04138256389714794,0.04491914503131329,0.3285754982266694,945.0046808490588,11137.553045678509,20618.912174083023,188306.29483133802,673423.9462147828,281689.42195274826,310448.9020951174,125370.33435761294,23.406804837241634,65542.65229400057,28066.77818161263,40918.57171692811,105814.12304845829,59233.51690575698,116558.1604408355,39598.6798721142,21846.921443744686,56563.427753162425,246156.7495098568,269070.34492765623,1231775.4148964882,820771.3346268956,847986.0682320069,148.02433564485665,1.5007534539435203,1.30721466178459,104.49690482791237,96155.32036864996,2.0137507914448967,193632.85249400645,10926.443532689305,16484.18654403156,17411.563803072015,927.3772590404551,0.05326213852108445,12249832.065344773,569822.7518194874,762378.2498976757,452597.3075301805,22272.674057734304,1128014.6729815297,0.10287755285499438,9.720293419201925,1384007.5459663537,3539935.6404996086,3485959.345926434,4923943.186465962,10466215.043535335,-0.0016511271882066539,0.0018854539459586955,0.06863992445067428,2.0404756652736427,0.0686399244506745,0.03944002276336502,0.019440022763365004,-0.01755456881740631,0.4453190875061632,6.897095143420895,0.05911205514714794,0.040224748197926326,0.007310843605003756,0.14949147902115487,232122.49882539312,147.4114500702961,5.031428187833227,4.321575656998092,0.041125687527523415,0.6702235742181647,1.5711132606157883,0.03576150423764723,0.04654558227954437,31162.5,26152.3041885,185406.20217968378,32734.762723055468,13981.533922653869,0,58.425,208288.96,2.497862286934479,73.30599999999998,1.0206237639029867,1.2044993639701544,192800381.8395816,3.1657802322288306,0.0435,0.0304926484848485,0.03050813492075,0.0441803333333333,821299.5506067704,452141.9843195586,1447.9054449586945,1.390640376799679,4.30336910853546
2035-09-01,454164.23798318894,37771.343125127685,31260.574078749643,259336.4922101072,72684.62261432536,16274.882456915153,83832.20588165679,99568.56102411725,103807.48317678648,392.2896466620427,5581.443000112943,0.6657435239689194,37952.834815343216,213.50456980147067,2.5646043738609423,1.9362296320610752,1.2580152020760147,0.11173373812107897,6419.941691579484,0.36120637308592807,0.4600575521248622,34699283.39130416,105300.71386835759,4455096.84216469,1479.8080446386634,1.325405747562009,1.282441365702492,1.5323497768110073,1.7624247781825493,149.5022376613303,108047.67401026917,2030.2498059827358,185.9594522526653,83263.6007700547,114538.3475668575,671.3568510678675,33320.58903372677,17990.49283209232,1.132593809256743,1.2188453276546503,1.3906454124981136,1.5042923735489726,38289.796724250904,216452.5344020468,0.040901974720755574,0.04456231647047205,0.33028589795214713,922.5626597127703,11178.906897392215,20685.904857106823,188818.67759023653,683195.8007920478,284914.00316716393,314159.97399689327,130403.64556948503,23.931353651340302,66569.15102896011,28669.47352403633,41432.94455606273,106780.68489907568,59718.453066469454,117571.71280055186,40052.66195032635,21927.628130600202,57244.102898729856,248385.66578020825,272300.5788056564,1247365.598008368,823438.0938489507,851501.9239784026,149.36203745315362,1.5148261987452205,1.315471906435234,104.56725040082208,96631.33012626227,2.052070104459542,198294.2637062635,10946.575978425746,16528.01897853869,17460.3708944538,932.351915915111,0.053398166011453155,12284620.998767413,576339.9849904253,775677.8365134672,458606.8683547762,22661.21787812253,1142291.5899357027,0.10457366800518325,9.562636742840793,1392991.0628478616,3564605.295708208,3495783.142326292,4957596.358556069,10509692.0120253,-0.002013880428802517,0.001646461320913957,0.06881788297152087,2.0619289894743535,0.06881788297152087,0.03944002276336502,0.019440022763364893,-0.017793561442450936,0.44217326022434766,6.931036867335803,0.058631465970755574,0.03989360591541142,0.007284436900049707,0.1506295499351833,232781.71554889245,148.6145766816532,5.039713955554786,4.326940220889054,0.041125687527523415,0.6702235742181647,1.587207841565557,0.03576150423764723,0.04654558227954437,31251,26226.873061207498,185932.74686938783,32827.727873508426,14021.240805996182,0,58.75,208288.96,2.510259006543821,73.30599999999998,1.0206237639029867,1.2044993639701544,194128178.5453869,3.1657802322288306,0.0435,0.0304926484848485,0.03050813492075,0.0441803333333333,824038.9067473934,454591.7765818602,1470.0847751240183,1.3674870719508458,4.291585514955809
2035-12-01,456534.4529547287,37909.48238838893,31445.548723156175,260253.27651289167,73696.74975892814,16454.195345861895,84957.85093820299,99179.72383205955,104175.01829916435,391.9029294621425,5605.2798413081,0.6657037778631177,38282.98129851025,215.74372913175304,2.6100195613706267,1.9517964888886066,1.2650472440489333,0.11180656567036,6339.709117788877,0.36067641836011116,0.45723279784442233,35255818.343914345,106983.63190572124,4459005.802412004,1502.8344703095827,1.333908040385803,1.2899357709840826,1.545489974557348,1.783491828340782,150.7334084594305,109132.22952772144,2065.999009061142,189.47428625820493,83529.62633815229,115857.97292723258,673.7214705072596,33721.840415120525,17940.765932038372,1.1385311018112503,1.2267494623179018,1.4006192040761267,1.5185930042239884,38440.77308175412,217879.5926550662,0.04046219866634552,0.04420337151256669,0.3315382745543385,916.7843027844792,11219.790960152603,20755.361986446376,189356.91929940323,693290.0277458387,288170.965767642,317962.865985835,129991.12254947424,23.88836237744,67611.25205632045,29283.87388048762,41945.47027616154,107747.85192455637,60226.99405128752,118606.49836535475,40510.24265075809,22008.824960699403,57943.087504283256,250658.2134810955,275627.9782227957,1263306.670960594,826202.9545480318,855155.6001889353,150.71175242166402,1.52905126180109,1.3237341123234332,104.63910486747244,97135.63453033018,2.090856440392096,203096.66704931375,10966.991853891666,16572.271695199765,17508.970380686707,936.6986854869428,0.05349820857877959,12319409.932190053,582910.0240291171,782971.162179587,464839.2663821908,22874.290411842103,1156889.8389149543,0.10627009189062539,9.409985276282752,1402021.8488094662,3589138.6326179393,3505668.299981998,4991160.481427405,10553141.292552343,-0.0023338377900375615,0.001407335056183609,0.06901052921397692,2.0835537609696635,0.0690105292139767,0.03944002276336502,0.019440022763365004,-0.018032687707181395,0.43909913117760535,6.965831527792927,0.05819168991634552,0.03959084515108879,0.007257890054760577,0.15177564613848862,233440.93227239174,149.80571844390212,5.0478541827086705,4.332159244212341,0.041125687527523415,0.6702235742181647,1.6034672963932581,0.03576150423764723,0.04654558227954437,31339.5,26301.443619397498,186459.29155909186,32920.69302396139,14060.947689338496,0,58.75,208288.96,2.5227172502243165,73.30599999999998,1.0206237639029867,1.2044993639701544,195465119.6526465,3.1657802322288306,0.0435,0.0304926484848485,0.03050813492075,0.0441803333333333,826769.9480724768,457016.0523942907,1492.6513388799658,1.3454759608476419,4.279603645638308
2036-03-01,458968.03457598045,38047.89843146761,31625.40317542912,261167.880190518,74724.99650238972,16636.017240894293,86100.31665229541,99291.81769722281,104555.64876014422,391.52172531847265,5629.267388996185,0.6656670422986807,38616.15756801261,218.00036336301486,2.656286143393116,1.967211661832187,1.272064541543635,0.11190685015838778,6262.600519789119,0.36017280943129126,0.4544557800684498,35822329.14419511,108691.47442390678,4463098.976392596,1526.2007952951128,1.3424745368028446,1.2974543337128823,1.558743966421745,1.8048815529362505,151.97381918985167,110247.70231081654,2101.867961191529,193.02978451572483,83794.9272635515,117183.65930859117,675.841269763442,34134.683776841746,17891.374434502763,1.144498694740412,1.23468361492688,1.410694732748612,1.5330149236066684,38593.94686559698,219368.3552691938,0.04005037596924042,0.04384414375958712,0.3324817018577356,914.6036776263209,11260.756939401897,20825.216007414936,189911.1860676589,703604.8478113782,291463.044059135,321843.7164832377,130039.81452674285,23.893436833967172,68671.950006948,29911.792622251138,42456.29847913742,108720.09045938318,60743.070049113194,119663.80353372205,40967.607789961,22090.186862802235,58652.69502774978,252963.85321423507,279050.70627468824,1279484.2404268929,828983.6142013702,858870.7547571734,152.0738862022376,1.5434373094377907,1.332011338837685,104.71255941316511,97653.42128975593,2.1300915079959806,208010.723416063,10987.746862852742,16617.014251848927,17557.64446719289,940.6302153439647,0.05357381951434521,12354198.865612693,589570.5449926441,790908.4884420178,471169.82652955595,23106.17724853602,1171704.662713574,0.10791703344766428,9.266377772374206,1411093.4933017334,3613533.7850274565,3515612.7420840156,5024627.27832919,10596552.531556144,-0.002618400634018317,0.0011753671563283774,0.06923807355512904,2.1053472970256157,0.06923807355512882,0.03944002276336502,0.019440022763364893,-0.018264655607036516,0.4360886561348622,7.00090941019983,0.05777986721924042,0.03930776940352587,0.0072313388440903405,0.1528913399028261,234100.14899589104,151.00921249123041,5.056012987156523,4.337396844829596,0.041125687527523415,0.6702235742181647,1.6198933140770457,0.03576150423764723,0.04654558227954437,31428,26376.01586307,186985.83624879588,33013.65817441435,14100.65457268081,0,58.75,208288.96,2.5352373233157204,73.30599999999998,1.0206237639029867,1.2044993639701544,196409858.95568708,3.1657802322288306,0.0435,0.0304926484848485,0.03050813492075,0.0441803333333333,829498.2667091462,459431.42939788505,1515.6059222921594,1.3235758334889436,4.266877660325874
2036-06-01,460897.29878781,38186.87813763226,31799.66042549285,262080.6037883137,75566.10391168206,16812.438745789965,87172.73093368947,99809.0388624007,104406.40385369513,391.0614441884145,5652.074913389521,0.6656256184529872,38960.84976923607,220.26215861886138,2.70386578559435,1.982482782425815,1.2790294352404852,0.11162515210355287,6176.156897307445,0.3597126625999994,0.4517267244256293,36392119.354490615,110409.58510770448,4464132.819053329,1549.747518558224,1.3511573843892226,1.304999388227764,1.572378026776779,1.8265834221027148,153.23298013286293,111284.83156088936,2137.9456118576522,196.62453117987351,84021.47366634394,118375.72347941979,677.4583415605787,34526.57688078871,17820.448724635608,1.1504882605628572,1.2432810711376172,1.420777884235913,1.5474740608328985,38682.95923309905,220694.6298415499,0.03903308768179052,0.04344807798292742,0.3378565758570306,912.7235977957025,11301.889741873196,20869.282700244414,189824.0945116742,713226.6159021525,294840.34753629426,325362.68203283957,130943.99060052383,23.987665954177245,69751.51854805568,30558.792985610693,42966.346004974395,109647.97068580327,61262.68470913189,120118.3419612609,41372.99363481147,22155.826578517943,59275.05123645813,254511.77341104843,282274.9277668455,1294491.1220162255,830737.7648831978,862038.2720394847,153.45080091095247,1.558242775340546,1.3407769654626007,104.82768640977413,98063.90576070847,2.169759683360266,212775.1091124258,11003.227714838888,16655.302628228408,17606.190188896035,950.8875606676265,0.05400869887650673,12388987.799035333,596203.7133901424,799212.3934404713,476565.2139834459,23348.773583703987,1185447.4135622636,0.10968930239708177,9.116659310859147,1420200.2240992873,3637792.3050151803,3525616.272494652,5057992.529114468,10639921.312752059,-0.0034643613624104203,9.506289387264805e-4,0.06912770305935192,2.1271906758845414,0.06912770305935192,0.03944002276336502,0.019440022763365004,-0.018489393824638524,0.4331622480346724,7.035922685384583,0.05676257893179052,0.03861506326814643,0.007202084054421422,0.15398563640919546,234759.36571939036,152.3857417606694,5.065244427032391,4.343707080874866,0.041125687527523415,0.6702235742181647,1.6364876008970703,0.03576150423764723,0.04654558227954437,31516.5,26450.589792225,187512.38093849993,33106.62332486731,14140.361456023125,0,58.75,208288.96,2.5478195326731687,73.30599999999998,1.0206237639029867,1.2044993639701544,197359164.4562782,3.1657802322288306,0.0435,0.0304926484848485,0.03050813492075,0.0441803333333333,832019.7059278603,461738.955238689,1538.916089223107,1.2142761127047264,4.249744904420094
2036-09-01,462990.9653521237,38323.57353292196,31967.359391317576,262915.9377909035,76631.1168050577,16989.44731098771,88322.99059251793,105135.90120900093,104935.98593190376,390.64679682859435,5675.328256786789,0.66553159889491,39288.17709157358,222.54600064114857,2.7516211485318025,1.9975853099454661,1.2859519210550854,0.11136475315285248,6089.643825123522,0.3592678395748766,0.44906392876102613,36976973.55110148,112146.19559965543,4466322.48833445,1574.2864620228208,1.3598072140069333,1.3126276495522984,1.5858050430192325,1.8486275468742637,154.50233134815517,112336.99655913793,2174.694262307783,200.2721370017015,84226.73795357352,119937.39340729985,679.0997462110643,34931.687684712626,17768.385403741067,1.1564403500875857,1.250971402971646,1.4309718779145384,1.5620814684810302,38828.704813494645,221979.8655742547,0.03829132484242358,0.04303434204358568,0.3406741496565497,835.3340025898069,11342.346473638958,20935.344395674114,190513.4205448136,723229.6084004085,298193.0765451243,329212.2389524139,136308.5863629668,24.546739738184645,70846.01372762099,31209.840430840068,43469.44591306592,110558.34397230865,61691.52483602205,121352.20830787676,41820.13642344775,22227.74201705888,59991.25416914257,256980.90091752599,285455.43457076245,1310723.3201721539,833367.4644966805,865263.8800921272,154.8373381097224,1.5728035640692082,1.3488860794301762,104.89397444373,98509.36968769868,2.210011161675311,217706.80653941364,11020.30980080295,16695.63805758974,17653.135446714576,957.4973891248374,0.054239500541284506,12423776.732457973,602668.687420295,813195.2315462164,483075.2590161321,23757.278411292034,1200312.2643079408,0.11151715366494187,8.967230306151315,1429335.884081658,3661877.689207655,3535678.9835240883,5091213.573289312,10683205.06795634,-0.004056390937548518,6.86626263613585e-4,0.06901703737288038,2.1492469722790988,0.06901703737288016,0.03944002276336502,0.019440022763365004,-0.01875339649975142,0.430309153610824,7.073982266530727,0.05602081609242358,0.03810945866511811,0.00717154557800113,0.1551715158487347,235418.5824428897,153.55207734922485,5.0730263255963655,4.348567775608244,0.041125687527523415,0.6702235742181647,1.653251880612721,0.03576150423764723,0.04654558227954437,31605,26524.86444825,188038.925628204,33199.58847532027,14180.06833936544,0,58.75,208288.96,2.5604641866746976,73.30599999999998,1.0206237639029867,1.2044993639701544,198313058.22417107,3.1657802322288306,0.0435,0.0304926484848485,0.03050813492075,0.0441803333333333,834534.2023349539,463984.77680517104,1562.7148088377908,1.2058430040948753,4.2347715779972095
2036-12-01,465173.5835423188,38460.04626894236,32130.25184025262,263782.4258409031,77624.1451210201,17158.993149115548,89460.72391216068,104785.10214074113,105003.86035362566,390.21678459554397,5698.447239508817,0.6654517692219601,39626.53560627061,224.8399446327372,2.8006904880283763,2.0125611718893275,1.292873065477964,0.11107309206910002,6009.07033212893,0.35884523619784386,0.4464229218571049,37573286.46291733,113901.23054523628,4467979.463221971,1598.9955234454633,1.3686341664424275,1.320204631238686,1.5995647851950225,1.8709798355718599,155.7768855752772,113402.19108720344,2211.536681926223,203.95189027495178,84436.29558413335,121458.06678833488,681.0268326666657,35345.82905685881,17707.763524636608,1.1624744413413606,1.2591029213766476,1.4412208713935675,1.5767559774607618,38950.58150450906,223368.2116272495,0.0373997546624957,0.042595097200661104,0.3443527656506238,866.4880499995779,11382.737306576786,20991.084366059215,190698.28974883052,733465.2297346115,301622.6860242629,332991.8823263586,136141.9024253455,24.52936869591682,71957.9710443519,31879.524102255345,43974.560444969415,111473.18740733362,62258.45854467436,122064.30390326722,42245.84135098387,22295.896784916797,60676.00278118416,258871.60482035205,288786.7444968527,1326716.4776259584,835586.2901055978,868686.1833668633,156.23464354810562,1.5877671652508951,1.3574930596457517,104.99817003642954,98973.75961811881,2.250617388421797,222752.06439401727,11036.546958474999,16734.994197983815,17700.444176720823,965.4499787370078,0.05454382009648579,12458565.665880611,609291.8924192482,820842.7653704539,489248.3185313772,23980.699040403113,1214958.2103602993,0.11333314390171022,8.823544159926104,1438493.4533036056,3685771.5080662775,3545798.1187721808,5124264.961369883,10726375.591285003,-0.004762376944255166,4.3296559391024086e-4,0.06891096046234915,2.171400828849407,0.06891096046234915,0.03944002276336502,0.019440022763365004,-0.019007057169454764,0.4275033943807477,7.111705733860272,0.0551292459124957,0.03750331225749621,0.007139148285200626,0.1563213667461964,236077.79916638898,154.8273578852911,5.081454429884483,4.354074676065764,0.041125687527523415,0.6702235742181647,1.6701878946416842,0.03576150423764723,0.04654558227954437,31693.5,26599.139104275,188565.470317908,33292.55362577323,14219.775222707754,0,58.75,208288.96,2.573171595228803,73.30599999999998,1.0206237639029867,1.2044993639701544,199271562.4357843,3.1657802322288306,0.0435,0.0304926484848485,0.03050813492075,0.0441803333333333,836963.3201457164,466195.70796881977,1586.9547632271854,1.1357179862300448,4.216213160675086
